codigo_postal,municipio_id,codigo_unidad_poblacional,entidad_singular_nombre,nucleo_nombre,Latitud,Longitud
1001,1059,63501,Vitoria-Gasteiz,Vitoria-Gasteiz,"42,8485387","-2,6722992"
1002,1059,63501,Vitoria-Gasteiz,Vitoria-Gasteiz,"42,8537555","-2,6573986"
1003,1059,63501,Vitoria-Gasteiz,Vitoria-Gasteiz,"42,8453744","-2,6511914"
1004,1059,63501,Vitoria-Gasteiz,Vitoria-Gasteiz,"42,8444061","-2,6667109"
1005,1059,63501,Vitoria-Gasteiz,Vitoria-Gasteiz,"42,8436672","-2,6722992"
1006,1059,63501,Vitoria-Gasteiz,Vitoria-Gasteiz,"42,8355156","-2,6561571"
1007,1059,13601,Armentia,Armentia,"42,834706","-2,6909317"
1008,1059,63501,Vitoria-Gasteiz,Vitoria-Gasteiz,"42,848249","-2,6847201"
1009,1059,63501,Vitoria-Gasteiz,Vitoria-Gasteiz,"42,8543086","-2,6859623"
1010,1059,3801,Ehari/Ali,Ehari/Ali,"42,8563356","-2,7033575"
1012,1028,2201,Salinillas de Buradon/Gat,Salinillas de Buradon/Gat,"42,8545406","-2,6760251"
1013,1059,1701,Abetxuko,Abetxuko,"42,8670045","-2,6636066"
1015,1059,63501,Vitoria-Gasteiz,Vitoria-Gasteiz,"42,8361441","-2,7331928"
1110,1017,5601,Santa Cruz de Campezo,Santa Cruz de Campezo,"42,6542156","-2,3517526"
1117,1017,3801,Orbiso,Orbiso,"42,7324024","-2,3517526"
1118,1016,1701,Angostina,Angostina,"42,6604333","-2,5197932"
1120,1037,10801,Maeztu/Maestu,Maeztu/Maestu,"42,7353261","-2,4455818"
1128,1016,9401,Quintana,Quintana,"42,6725457","-2,4109908"
1129,1037,2201,Apellaniz/Apinaiz,Apellaniz/Apinaiz,"42,780188","-2,4011124"
1130,1063,11501,Murgia,Murgia,"42,9581281","-2,8203207"
1138,1018,1701,Acosta/Okoizta,Acosta/Okoizta,"42,96788","-2,7182728"
1139,1063,1799,Altube,*Diseminado*,"43,003851","-2,8377656"
1160,1003,6901,Ibarra,Ibarra,"43,0636731","-2,5643773"
1165,1003,7501,Oleta,Oleta,"40,463667","-3,74922"
1169,1003,1799,Arexola,*Diseminado*,"43,038856","-2,5891648"
1170,1058,1701,Elosu,Elosu,"42,9792248","-2,6487087"
1171,1058,2299,Goiain,*Diseminado*,"40,463667","-3,74922"
1191,1059,17301,Asteguieta,Asteguieta,"42,8881521","-2,797901"
1192,1021,1701,Añua,Añua,"42,8642828","-2,5693337"
1193,1001,2201,Egileta,Egileta,"42,8118503","-2,5654531"
1194,1016,5699,Izartza,*Diseminado*,"42,8040067","-2,6487087"
1195,1059,12001,Ariñiz/Ariñez,Ariñiz/Ariñez,"42,820691","-2,7680247"
1196,1018,7501,Etxabarri Ibiña,Etxabarri Ibiña,"42,9000333","-2,7083287"
1200,1051,6901,Salvatierra O Agurain,Salvatierra O Agurain,"42,8112719","-2,3123031"
1206,1013,1701,Audikana,Audikana,"42,933515","-2,5197932"
1207,1027,2201,Alaitza,Alaitza,"42,8291544","-2,3912362"
1208,1009,1701,Albeiz/Albéniz,Albeiz/Albéniz,"42,897954","-2,3616203"
1211,1006,3801,Lacorzana,Lacorzana,"42,6086171","-2,6487087"
1212,1014,6901,Santa Cruz del Fierro,Santa Cruz del Fierro,"42,6449415","-2,7680247"
1213,1046,20699,San Miguel,*Diseminado*,"42,7120068","-2,9183165"
1216,1016,2201,Arluzea,Arluzea,"42,7086485","-2,5495112"
1220,1006,1701,Armiñon,Armiñon,"42,7206813","-2,8676861"
1230,1901,2201,Nanclares de la Oca,Nanclares de la Oca,"42,8192346","-2,8277963"
1240,1001,1701,Alegria-Dulantzi,Alegria-Dulantzi,"42,8461137","-2,5098914"
1250,1009,4301,Araia,Araia,"42,9086912","-2,3123031"
1260,1009,3801,Andoin,Andoin,"42,8705325","-2,2728877"
1300,1031,1701,Campillar (El),Redondo (El),"40,463667","-3,74922"
1306,1033,1701,Lapuebla de Labarca,Lapuebla de Labarca,"42,4951167","-2,5767694"
1307,1011,1701,Baños de Ebro,Baños de Ebro,"42,5493967","-2,6685736"
1308,1019,1701,Kripan,Kripan,"42,5725661","-2,5098914"
1309,1023,1701,Elvillar,Elvillar,"42,5503122","-2,6288523"
1320,1043,3801,Oyon-Oion,Oyon-Oion,"42,5150413","-2,4505255"
1321,1031,3802,Laserna,Laserna,"42,4991567","-2,5049414"
1322,1039,1701,Moreda de Álava/Moreda Ar,Moreda de Álava/Moreda Ar,"42,5546724","-2,4307539"
1330,1028,1701,Labastida,Lore-Toki,"42,6048382","-2,807864"
1340,1022,1701,Elciego,Elciego,"42,5111014","-2,6288523"
1400,1036,1701,Laudio/Llodio,Laudio/Llodio,"40,463667","-3,74922"
1408,1010,10801,Luiaondo,Luiaondo,"43,1015307","-3,0025615"
1409,1042,1701,Irabien,Irabien,"43,1837181","-3,0075642"
1420,1046,3801,Arbigano,Arbigano,"42,7972359","-2,9275836"
1423,1046,26501,Villambrosa,Villambrosa,"42,8041284","-3,0375914"
1426,1046,4301,Arreo,Arreo,"42,8013757","-2,9852125"
1427,1055,1701,Acebedo,Acebedo,"42,8777022","-3,1980527"
1428,1046,2201,Anuntzeta/Anucita,Anuntzeta/Anucita,"42,8362244","-2,9275836"
1430,1020,20601,Zuhatzu-Kuartango,Zuhatzu-Kuartango,"42,8688295","-2,8901388"
1439,1020,1701,Anda,Anda,"42,8946517","-2,9275836"
1440,1054,7501,Izarra,Izarra,"42,9487855","-2,9026172"
1449,1054,1701,Abezia,Abezia,"42,972451","-2,9275836"
1450,1002,5601,Baranbio,Baranbio,"43,0302111","-2,9475662"
1468,1002,1701,Aloria,Aloria,"42,9709056","-2,9875565"
1470,1002,2201,Amurrio,Amurrio,"43,0679875","-2,9875565"
1474,1004,1701,Artziniega,Artziniega,"43,117155","-3,1428341"
1476,1010,20601,Arespalditza/Respaldiza,Arespalditza/Respaldiza,"43,0910478","-3,0325855"
1477,1010,2299,Añes,*Diseminado*,"43,0847311","-3,0876783"
1478,1004,2299,Campijo,*Diseminado*,"43,1412332","-3,1478514"
1479,1010,1799,Agiñaga,*Diseminado*,"43,0459356","-3,0876783"
1510,1008,3801,Betolaza,Betolaza,"42,9009642","-2,6685736"
1520,1008,1701,Arroiabe,Arroiabe,"42,9317474","-2,5990835"
2001,2003,2201,Albacete,Albacete,"40,463667","-3,74922"
2002,2003,2201,Albacete,Albacete,"40,463667","-3,74922"
2003,2003,2201,Albacete,Albacete,"40,463667","-3,74922"
2004,2003,2201,Albacete,Albacete,"40,463667","-3,74922"
2005,2003,2201,Albacete,Albacete,"40,463667","-3,74922"
2006,2003,2201,Albacete,Albacete,"40,463667","-3,74922"
2008,2003,2201,Albacete,Albacete,"40,463667","-3,74922"
2049,2003,1701,Aguas Nuevas,Aguas Nuevas,"38,9197701","-1,9196949"
2071,2003,2299,Albacete,*Diseminado*,"40,463667","-3,74922"
2099,2003,1702,Aguas Nuevas,Urbanizacion El Peñascal,"40,463667","-3,74922"
2100,2073,1701,Tarazona de la Mancha,Tarazona de la Mancha,"39,2424084","-1,9294681"
2110,2035,1701,Gineta (La),Gineta (La),"39,1163314","-2,0077316"
2120,2060,7501,Peñas de San Pedro,Peñas de San Pedro,"38,7721486","-1,9979411"
2124,2006,1701,Alcadozo,Alcadozo,"38,6468054","-1,9783666"
2125,2011,1701,Ayna,Ayna,"38,5391465","-2,1352039"
2126,2011,5601,Moriscote,Moriscote,"40,463667","-3,74922"
2127,2060,2201,Casa Cañete,Casa Cañete,"38,6951794","-2,2039933"
2128,2006,5699,Molata (La),*Diseminado*,"40,463667","-3,74922"
2129,2063,1701,Campillo de la Virgen,Campillo de la Virgen,"38,6880575","-2,0175242"
2130,2017,2201,Bogarra,Bogarra,"38,558687","-2,2138289"
2136,2058,2201,Casa Nueva,Casa Nueva,"38,5968386","-2,3431201"
2137,2058,1701,Batan del Puerto,Batan del Puerto,"38,5987605","-2,3123031"
2138,2017,1701,Altico (El),Altico (El),"40,463667","-3,74922"
2139,2011,2201,Dehesa (La),Dehesa (La),"38,6120628","-2,1646722"
2140,2003,3801,Anguijes (Los),Anguijes (Los),"38,8262246","-1,8903882"
2141,2063,2201,Nava de Abajo,Nava de Abajo,"38,7103261","-1,9392435"
2142,2044,6901,Mullidar,Mullidar,"38,6690599","-1,900155"
2150,2075,1701,Valdeganga,Puente Torres,"39,111283","-1,6663523"
2151,2021,1701,Casas de Juan Nuñez,Casas de Juan Nuñez,"39,0812595","-1,5789994"
2152,2002,1701,Alatoz,Alatoz,"39,0523443","-1,3951694"
2153,2020,1701,Carcelen,Carcelen,"39,1161522","-1,2794744"
2154,2064,1701,Pozo-Lorente,Pozo-Lorente,"39,0722329","-1,4724751"
2155,2003,14101,Tinajeros,Tinajeros,"39,0687887","-1,7246856"
2156,2029,2299,Chinchilla de Monte-Arago,*Diseminado*,"39,0490736","-1,6469253"
2160,2043,1701,Lezuza,Lezuza,"39,0059713","-2,341887"
2161,2043,2201,Tiriez,Tiriez,"38,9035809","-2,2433487"
2162,2038,2201,Herrera (La),Herrera (La),"38,9623968","-2,1265059"
2170,21013,1701,Bollullos Par del Condado,Bollullos Par del Condado,"40,463667","-3,74922"
2200,2024,1701,Casas-Ibañez,Casas-Ibañez,"39,2907129","-1,4628042"
2210,2007,1701,Alcala del Jucar,Alcala del Jucar,"39,1973434","-1,4531355"
2211,2007,2201,Casas del Cerro,Casas del Cerro,"39,1669696","-1,3855161"
2212,2023,1701,Casas de Ves,Casas de Ves,"39,2510091","-1,3083685"
2213,2013,3801,Pared (La),Pared (La),"39,1997868","-1,2409799"
2214,2007,3801,Eras (Las),Eras (Las),"39,2621301","-1,2409799"
2215,2005,1701,Alborea,Alborea,"39,3034475","-1,3730617"
2220,2052,1701,Motilleja,Motilleja,"39,1719845","-1,7830973"
2230,2045,1701,Madrigueras,Madrigueras,"39,244283","-1,8123324"
2240,2046,1701,Mahora,Mahora,"39,2039046","-1,7344155"
2246,2054,1701,Navas de Jorquera,Navas de Jorquera,"39,2869979","-1,7344155"
2247,2026,1701,Cenizate,Cenizate,"39,2881262","-1,6566377"
2248,2041,4301,Jorquera,Jorquera,"39,0883941","-1,4289734"
2249,2034,1701,Bormate,Bormate,"39,1547606","-1,5305465"
2250,2001,1701,Abengibre,Abengibre,"39,2171434","-1,5305465"
2251,2034,2201,Campoalbillo,Campoalbillo,"39,2317552","-1,6032464"
2252,2007,5699,Mariminguez,*Diseminado*,"39,2269051","-1,4785205"
2253,2036,1701,Golosalvo,Golosalvo,"39,2366145","-1,627507"
2260,2034,3801,Fuentealbilla,Fuentealbilla,"39,2584424","-1,5499211"
2270,2079,1701,Villamalea,Carceles (Los),"39,3727033","-1,5402327"
2300,2008,1701,Alcaraz,Alcaraz,"38,6710735","-2,4925685"
2310,2085,1701,Viveros,Viveros,"38,7724137","-2,5744037"
2311,2062,1701,Povedilla,Povedilla,"38,6973471","-2,6090043"
2312,2008,2201,Canaleja,Canaleja,"38,6986549","-2,5495112"
2313,2059,3801,Cerroblanco,Cerroblanco,"38,6494028","-2,4011124"
2314,2008,3801,Horcajo (El),Horcajo (El),"38,7347837","-2,3221622"
2315,2076,1701,Vianos,Parideras,"38,5947041","-2,5098914"
2316,2070,1701,Reolid,Reolid,"38,5728697","-2,5495112"
2320,2012,1701,Balazote,Balazote,"38,8951599","-2,1352039"
2326,2071,1701,Cañada Juncosa,Cañada Juncosa,"38,779652","-2,1646722"
2327,2065,2201,Pozuelo,Pozuelo,"38,8229056","-2,086133"
2328,2003,4301,Argamason,Argamason,"38,9390013","-2,0175242"
2329,2022,1701,Berro,Berro,"38,7884448","-2,2531929"
2330,2008,5601,Jardin (El),Jardin (El),"40,463667","-3,74922"
2331,2068,2201,Chospes (Los),Chospes (Los),"40,463667","-3,74922"
2332,2068,1701,Cubillo (El),Cubillo (El),"40,463667","-3,74922"
2340,2068,3801,Robledo,Robledo,"38,7750499","-2,4011124"
2350,2080,1701,Villapalacios,Villapalacios,"38,5706747","-2,6487087"
2360,2016,1701,Bienservida,Bienservida,"38,5286934","-2,6487087"
2400,2037,5601,Hellin,Hellin,"38,5760616","-1,8123324"
2409,2037,1701,Agra,Agra,"38,4954133","-1,5789994"
2410,2044,1799,Cañada de Tobarra,*Diseminado*,"38,5322038","-1,9294681"
2420,2037,6901,Isso,Isso,"38,4500015","-1,8123324"
2430,2030,1701,Elche de la Sierra,Elche de la Sierra,"38,4454636","-2,086133"
2434,2042,1701,Abejuela,Abejuela,"38,3398844","-2,1057549"
2435,2072,2201,Cañar (El),Cañar (El),"38,3323956","-1,985402"
2436,2031,1701,Ferez,Ferez,"38,4060653","-1,9294681"
2437,2072,1701,Cañada Buendia,Cañada Buendia,"38,3218396","-1,9294681"
2438,30028,101601,Cobo (El),Cobo (El),"40,463667","-3,74922"
2439,2030,5601,Vicorto,Vicorto,"38,3726789","-2,037116"
2440,2049,11501,Molinicos,Molinicos,"38,4532706","-2,2335066"
2448,2017,9401,Yeguarizas,Yeguarizas,"38,5251006","-2,3221622"
2449,2030,10801,Puerto del Pino,Puerto del Pino,"38,4753989","-2,1744993"
2450,2067,4301,Riopar,Riopar,"38,4982409","-2,4171658"
2459,2058,3801,Casa Rosa,Casa Rosa,"38,470787","-2,4109908"
2460,2084,1701,Bellotar,Collado,"38,4687171","-2,5098914"
2461,2028,1701,Arroyofrio,Arroyofrio,"38,4215156","-2,5049414"
2462,2067,10801,Umbria-Angulo,Umbria-Angulo,"38,4202346","-2,5643773"
2470,2030,3801,Horno-Ciego,Horno-Ciego,"40,463667","-3,74922"
2480,2086,12002,Tindavar,Claras,"38,3675932","-2,3123031"
2482,2086,4301,Gontar,Casas de Abajo,"40,463667","-3,74922"
2484,2086,2201,Arguellite,Arguellite,"38,3441511","-2,4307539"
2485,2086,7502,Moropeche,Majada Carrascas,"38,3858439","-2,4505255"
2486,2086,6901,Jartos,Arroyo Morote de Abajo,"38,4311049","-2,2925911"
2487,2086,6905,Jartos,Martinez (Los),"38,3266224","-2,2531929"
2488,2086,11502,Sege,Arroyo Sujayar,"40,463667","-3,74922"
2489,2086,1701,Alcantarilla,Alcantarilla de Abajo,"38,2710151","-2,4011124"
2490,2037,2201,Agramon,Agramon Estacion,"38,4236799","-1,6347878"
2498,2037,7501,Minas (Las),Minas (Las),"40,463667","-3,74922"
2499,2037,3801,Cancarix,Cancarix,"38,4112907","-1,5789994"
2500,2074,6901,Tobarra,Tobarra,"38,6192045","-1,7344155"
2510,2029,7501,Pozo Bueno,Pozo Bueno,"38,7868031","-1,7344155"
2511,2003,6901,Campillo de Las Doblas,Campillo de Las Doblas,"38,7437663","-1,8123324"
2512,2003,18901,Casa de Las Monjas,Casa de Las Monjas,"38,7047228","-1,6178011"
2513,2074,2201,Cordovilla,Cordovilla,"38,5475411","-1,6080974"
2514,2074,1701,Aljube,Aljube,"40,463667","-3,74922"
2520,2029,1701,Casa Blanca de Los Rioter,Casa Blanca de Los Rioter,"38,9333839","-1,714958"
2529,2029,3801,Estacion de Chinchilla,Estacion de Chinchilla,"40,463667","-3,74922"
2530,2055,9401,Nerpio,Nerpio,"38,1437833","-2,2999821"
2534,2055,5602,Dehesa (La),Cortijo del Herrero,"38,1013401","-2,4406387"
2535,2055,4399,Casa de la Cabeza,*Diseminado*,"40,463667","-3,74922"
2536,2055,1701,Beg,Beg,"38,1882184","-2,3221622"
2537,2055,3801,Cañadas,Cañadas,"40,463667","-3,74922"
2538,2055,8199,Huebras,*Diseminado*,"40,463667","-3,74922"
2539,2055,6901,Chorretites de Abajo (Los,Chorretites de Abajo (Los,"40,463667","-3,74922"
2600,2081,3801,Villarrobledo,Villarrobledo,"39,2676169","-2,6043204"
2610,2019,1701,Bonillo (El),Bonillo (El),"38,9379759","-2,5990835"
2611,2057,1701,Lagunas de Ruidera,Lagunas de Ruidera,"38,9760577","-2,7580701"
2612,2053,1701,Munera,Munera,"39,0664631","-2,4406387"
2613,2019,2201,Sotuelamos,Sotuelamos,"40,463667","-3,74922"
2614,2014,1701,Ballestero (El),Ballestero (El),"38,8570329","-2,4801989"
2620,2048,1701,Minaya,Minaya,"39,2250756","-2,3123031"
2630,2069,1701,Roda (La),Roda (La),"39,1755765","-2,1843285"
2636,2078,1701,Villalgordo del Jucar,Villalgordo del Jucar,"39,3132442","-2,037116"
2637,2032,1701,Fuensanta,Fuensanta,"39,2502776","-2,0763253"
2638,2050,1701,Montalvos,Montalvos,"39,1678361","-2,037116"
2639,2015,1701,Barrax,Barrax,"39,0704113","-2,2433487"
2640,2009,1701,Almansa,Almansa,"38,8572378","-1,09694"
2650,2051,1701,Montealegre del Castillo,Montealegre del Castillo,"38,7711848","-1,3276422"
2651,2033,1701,Fuente-Alamo,Fuente-Alamo,"38,7067566","-1,4628042"
2652,2056,1701,Ontur,Ontur,"38,6120466","-1,4918235"
2653,2004,1701,Albatana,Albatana,"38,5698246","-1,5111806"
2660,2025,1701,Caudete,Caudete,"38,7116011","-1,0011902"
2690,2010,1701,Alpera,Alpera,"39,0016516","-1,2698475"
2691,2018,1701,Bonete,Bonete,"38,8755328","-1,3469247"
2692,2029,6901,Pinilla,Pinilla,"38,8207631","-1,5499211"
2693,2027,1701,Corral-Rubio,Corral-Rubio,"38,7909801","-1,4241426"
2694,2039,3801,Higueruela,Higueruela,"38,958152","-1,4241426"
2695,2029,9401,Villar de Chinchilla,Villar de Chinchilla,"38,8844705","-1,4724751"
2696,2040,1701,Hoya-Gonzalo,Hoya-Gonzalo,"38,9561674","-1,5789994"
2999,2011,11599,Pozuelo (El),*Diseminado*,"40,463667","-3,74922"
3001,3014,2201,Alicante/Alacant,Alicante/Alacant,"38,3438926","-0,4850407"
3002,3014,2201,Alicante/Alacant,Alicante/Alacant,"38,3485232","-0,4797296"
3003,3014,2201,Alicante/Alacant,Alicante/Alacant,"38,3379395","-0,4915329"
3004,3014,2201,Alicante/Alacant,Alicante/Alacant,"38,3484844","-0,489172"
3005,3014,2201,Alicante/Alacant,Alicante/Alacant,"38,3628307","-0,5210565"
3006,3014,2201,Alicante/Alacant,Alicante/Alacant,"38,3522127","-0,5399631"
3007,3014,2201,Alicante/Alacant,Alicante/Alacant,"38,3404517","-0,5198751"
3008,3014,2201,Alicante/Alacant,Alicante/Alacant,"40,463667","-3,74922"
3009,3014,2201,Alicante/Alacant,Alicante/Alacant,"38,3760664","-0,5045206"
3010,3014,2201,Alicante/Alacant,Alicante/Alacant,"38,3616509","-0,489172"
3011,3014,2201,Alicante/Alacant,Alicante/Alacant,"38,3761065","-0,4950746"
3012,3014,2201,Alicante/Alacant,Alicante/Alacant,"38,359047","-0,48209"
3013,3014,2201,Alicante/Alacant,Alicante/Alacant,"38,3564426","-0,4750093"
3014,3014,2201,Alicante/Alacant,Alicante/Alacant,"38,3695691","-0,4844505"
3015,3014,2201,Alicante/Alacant,Alicante/Alacant,"38,3735614","-0,4738293"
3016,3014,2201,Alicante/Alacant,Alicante/Alacant,"38,3736719","-0,44552"
3100,3083,1701,Xixona,Xixona,"38,5469467","-0,5068824"
3108,3132,1701,Torremanzanas/Torre de Le,Torremanzanas/Torre de Le,"38,5998414","-0,403094"
3109,3129,1701,Tibi,Finca Terol,"38,5045719","-0,5825359"
3110,3090,1701,Mutxamel,Almaixada (L'),"38,4524728","-0,4785495"
3111,3046,1701,Busot,Busot,"38,4947474","-0,4219444"
3112,3014,2202,Alicante/Alacant,Tangel,"38,3919582","-0,4809098"
3113,3014,5601,Font-Calent,Pla (El),"38,3491451","-0,6275231"
3114,3014,2299,Alicante/Alacant,*Diseminado*,"38,3257169","-0,5730713"
3115,3014,7501,Monnegre - Cabeço D'Or,Boter (El),"38,4681086","-0,5116066"
3130,3121,1701,Santa Pola,Gran Alacant,"38,2203465","-0,554149"
3138,3014,6901,Isla Plana-Nueva Tabarca,Tabarca,"38,1646007","-0,4744193"
3139,3065,4301,Altet (El),Altet (El),"38,2412679","-0,5920027"
3140,3076,1701,Guardamar del Segura,Campo (El),"38,0929862","-0,6678177"
3150,3064,1701,Dolores,Dolores,"38,1346938","-0,762788"
3158,3055,1701,Catral,Barrio de Los Dolores,"38,1555733","-0,8008388"
3159,3061,1701,Daya Nueva,Daya Nueva,"38,108239","-0,7675424"
3160,3015,1701,Almoradi,Almoradi,"38,1204541","-0,7825178"
3169,3012,1701,Algorfa,Algorfa,"38,0659364","-0,7789426"
3170,3113,1701,Rojales,Ciudad Quesada,"38,0716137","-0,705779"
3177,3062,1701,Daya Vieja,Daya Vieja,"38,129793","-0,7010319"
3178,3034,1701,Benijofar,Benijofar,"38,0766987","-0,7390245"
3179,3015,1704,Almoradi,Heredades (Las),"38,089933","-0,7366489"
3180,3133,2206,Torrevieja,Torrevieja,"40,463667","-3,74922"
3181,3133,2206,Torrevieja,Torrevieja,"37,9791236","-0,6844213"
3182,3133,2206,Torrevieja,Torrevieja,"37,9791782","-0,6749327"
3183,3133,2204,Torrevieja,Punta Prima,"37,9924303","-0,6725609"
3184,3133,2203,Torrevieja,Chaparral (El),"38,0294026","-0,6867939"
3185,3133,2201,Torrevieja,Balcones (Los),"37,9868263","-0,724773"
3186,3133,2201,Torrevieja,Balcones (Los),"37,9681871","-0,7414002"
3187,3903,1701,Montesinos (Los),Montesinos (Los),"38,0289361","-0,762788"
3188,3133,1701,Mata (La),Mata (La),"38,0163466","-0,6559621"
3189,3099,8101,Orihuela Costa,Dehesa de Campoamor,"37,9230139","-0,762788"
3190,3902,1701,Pilar de la Horadada,Cañada de Praez,"37,8618627","-0,7889441"
3191,3099,8104,Orihuela Costa,Mil Palmeras,"37,9012938","-0,8389252"
3192,3099,11501,Desamparados (Los),Desamparados (Los),"40,463667","-3,74922"
3193,3120,1701,San Miguel de Salinas,Ciudad Las Comunicaciones,"37,9651506","-0,8008388"
3194,3065,16701,Marina (La),Marina (La),"38,151146","-0,663075"
3195,3065,4301,Altet (El),Altet (El),"38,2625508","-0,554149"
3201,3065,11501,Elche/Elx,Elche/Elx,"38,2656883","-0,7069658"
3202,3065,11501,Elche/Elx,Elche/Elx,"38,2751042","-0,6749327"
3203,3065,11501,Elche/Elx,Elche/Elx,"38,2911575","-0,6322615"
3204,3065,11501,Elche/Elx,Elche/Elx,"38,2591174","-0,7034053"
3205,3065,8199,Carrus,*Diseminado*,"38,298443","-0,7390245"
3206,3065,11501,Elche/Elx,Elche/Elx,"38,2801532","-0,7129007"
3207,3065,3801,Altabix,Bonavista,"38,2882985","-0,6725609"
3208,3065,11501,Elche/Elx,Elche/Elx,"38,2659368","-0,6642607"
3290,3065,5699,Atsavares,*Diseminado*,"38,2566604","-0,6725609"
3291,3065,3801,Altabix,Bonavista,"38,3092724","-0,6915393"
3292,3065,6999,Asprella,*Diseminado*,"38,2252177","-0,634631"
3293,3065,2299,Algoros,*Diseminado*,"38,198309","-0,724773"
3294,3065,9499,Daimes,*Diseminado*,"38,1986454","-0,6678177"
3295,3065,13699,Jubalcoi,*Diseminado*,"38,2621703","-0,6298922"
3296,3065,1701,Algoda-Matola,Matola,"38,2455922","-0,7580342"
3300,3099,6901,Camino Viejo de Callosa,Camino Viejo de Callosa,"38,0832273","-0,9366845"
3310,3080,1701,Jacarilla,Jacarilla,"38,0442598","-0,8436885"
3311,3099,1701,Aparecida (La),Aparecida (La),"38,0854622","-0,9868468"
3312,3099,2201,Arneva,Arneva,"38,0485593","-0,9725085"
3313,3099,14101,Hurchillo,Barrio Carretera Hurchill,"37,9963122","-0,8865834"
3314,3099,7501,Campaneta (La),Barrio Nuevo,"38,0864348","-0,8627473"
3315,3099,12001,Escorratel (El),Escorratel (El),"38,1966818","-0,9533984"
3316,3025,1701,Benferri,Benferri,"38,122343","-1,0011902"
3317,3049,2201,Callosilla,Virgen del Camino,"38,0965765","-0,9199773"
3320,3065,20601,Torrellano,Torrellano,"38,2834589","-0,5920027"
3330,3059,2201,Crevillent,Cachap,"38,2478979","-0,8079772"
3339,3059,2299,Crevillent,*Diseminado*,"38,2187978","-0,8198775"
3340,3005,1701,Albatera,Albatera,"38,2077599","-0,8865834"
3348,3074,1701,Granja de Rocamora,Granja de Rocamora,"38,1577251","-0,8698967"
3349,3904,1701,San Isidro,San Isidro,"38,1817475","-0,8341624"
3350,3058,1799,Collereros (Los),*Diseminado*,"38,1390034","-0,9008917"
3360,3049,1701,Callosa de Segura,Callosa de Segura,"38,128651","-0,8722801"
3369,3099,18901,Mudamiento (El),Barrio Carretera,"38,1077191","-0,8436885"
3370,3111,1702,Redovan,Redovan,"38,1203433","-0,9223636"
3380,3044,1701,Bigastro,Bigastro,"38,0732669","-0,8555992"
3390,3024,1701,Benejuzar,Benejuzar,"38,0655541","-0,8246386"
3392,33024,1704301,Barrio Vega (El),Barrio Vega (El),"40,463667","-3,74922"
3400,3140,1799,Casas de Menor,*Diseminado*,"38,6289448","-0,8484524"
3408,3140,2201,Encina (La),Encina (La),"38,7438696","-0,8961217"
3409,3014,4399,Cañada del Fenollar,*Diseminado*,"38,5860922","-0,9629523"
3410,3043,1701,Biar,Biar,"38,6294701","-0,7722974"
3420,3053,1701,Castalla,Castalla,"38,5776432","-0,6678177"
3430,3096,1701,Onil,Onil,"38,6405989","-0,6678177"
3440,3079,1701,Ibi,Ibi,"38,6307459","-0,5446912"
3450,3021,1701,Banyeres de Mariola,Banyeres de Mariola,"38,7033847","-0,6867939"
3460,3023,1701,Beneixama,Beneixama,"38,7238671","-0,762788"
3469,3023,3801,Salse (El),Salse (El),"38,7026622","-0,8008388"
3501,3031,1702,Benidorm,Benidorm,"38,5387774","-0,12961"
3502,3031,1702,Benidorm,Benidorm,"38,5637027","-0,1448182"
3503,3031,1701,Benidorm,Almafra,"38,542747","-0,098043"
3509,3069,2201,Finestrat,Cala (La),"38,5793765","-0,1963364"
3510,3048,1701,Callosa D'En Sarria,Algar (El),"38,6424523","-0,102718"
3516,3037,1701,Benimantell,Benimantell,"38,6318285","-0,2057108"
3517,3027,1701,Beniarda,Beniarda,"38,6736172","-0,2807868"
3518,3045,1701,Bolulla,Bolulla,"38,7053484","-0,102718"
3520,3107,1701,Chirles,Chirles,"38,6214109","-0,1588618"
3530,3094,1701,Nucia (La),Barranc Fondo,"38,6057121","-0,1261013"
3540,3014,2201,Alicante/Alacant,Alicante/Alacant,"38,3684934","-0,4219444"
3550,3119,1701,Sant Joan D'Alacant,Bellavista,"38,4053253","-0,4266584"
3559,3014,2201,Alicante/Alacant,Alicante/Alacant,"38,3881353","-0,462404"
3560,3050,1701,Ballestera,Ballestera,"38,473851","-0,3842527"
3569,3004,1701,Aigües,Aigües,"38,5159556","-0,3654204"
3570,3139,1701,Ermita (La),Bordes,"38,5162521","-0,2526163"
3578,3112,1701,Relleu,Relleu,"38,5790294","-0,3465971"
3579,3098,1702,Orcheta,Orcheta,"38,6002612","-0,2526163"
3580,3011,1701,Alfas del Pi (L'),Albir (L'),"38,5847483","-0,098043"
3581,3011,1701,Alfas del Pi (L'),Albir (L'),"38,563771","-0,0700051"
3590,3018,1701,Altea,Alhama,"38,6215091","-0,0466559"
3599,3018,2201,Altea la Vella,Altea la Vella,"38,3881361","-0,4490575"
3600,3066,1701,Elda,Elda,"38,4716212","-0,8198775"
3610,3104,1701,Petrer,Almafra,"38,5037223","-0,7342734"
3630,3123,1701,Sax,Sax,"38,5558135","-0,8008388"
3638,3116,1701,Salinas,Salinas,"38,5129618","-0,9152051"
3639,3140,3801,Santa Eulalia,Santa Eulalia,"38,5502631","-0,8436885"
3640,3089,1799,Cases del Senyor,*Diseminado*,"38,4185451","-0,8865834"
3649,3089,1701,Cases del Senyor,Cases del Senyor,"38,4285445","-0,9533984"
3650,3105,1799,Caballusa (La),*Diseminado*,"38,3988134","-1,0466437"
3657,3105,3801,Casas de Ibañez,Casas de Ibañez,"38,5007181","-1,1161166"
3658,3105,4301,Culebron,Culebron,"38,3803057","-1,0043916"
3659,3105,1701,Caballusa (La),Caballusa (La),"38,3644034","-1,0681918"
3660,3093,1701,Estacion (La),Estacion (La),"38,3877123","-0,7818089"
3668,3013,1701,Algueña,Algueña,"38,3389125","-1,0019587"
3669,3114,1701,Romana (La),Algayat,"38,344477","-0,9342973"
3670,3088,3801,Monforte del Cid,Monforte del Cid,"38,3461808","-0,6867939"
3679,3088,3801,Monforte del Cid,Monforte del Cid,"38,388305","-0,6867939"
3680,3019,1701,Aspe,Aspe,"38,3351158","-0,7722974"
3688,3077,1701,Canalosa (La),Canalosa (La),"38,3026233","-0,8961217"
3689,3077,1701,Canalosa (La),Canalosa (La),"38,2758548","-0,9486223"
3690,3122,1701,Boqueres,Villamontes,"38,4102285","-0,5163312"
3698,3002,1701,Agost,Agost,"38,4516568","-0,6488505"
3699,3014,1701,Alcoraya (La),Alcoraya (La),"38,3677611","-0,5920027"
3700,3063,1701,Denia,Denia,"38,8466543","0,0886948"
3709,3063,2201,Xara (La),Xara (La),"38,8257591","0,0606637"
3710,3047,1701,Calp,Calp,"38,6477333","0,0419877"
3720,3041,1701,Benissa,Benissa,"38,6844314","0,0279867"
3723,3006,2201,Llosa de Camacho,Llosa de Camacho,"38,7734624","-0,004663"
3724,3128,2201,Teulada,Alcasar,"38,7000866","0,1261013"
3725,3128,2212,Teulada,Pla del Mar,"38,7263003","0,102718"
3726,3042,1701,Benitachell,Alcasar,"38,7210186","0,1448182"
3727,3081,1701,Xaló,Xaló,"38,6844254","-0,0466559"
3728,3006,1701,Alcalali,Alcalali,"38,7525182","-0,0419877"
3729,3085,1701,Lliber,Lliber,"38,7472871","0,0279867"
3730,3082,2201,Jávea/Xàbia,Aduanas,"38,7955973","0,1649589"
3737,3082,2218,Jávea/Xàbia,Montgo-Toscamar,"38,775867","0,1253147"
3738,3082,2205,Jávea/Xàbia,Balcon Al Mar,"38,7523371","0,2103988"
3739,3082,2215,Jávea/Xàbia,Lluca,"38,7471561","0,1775946"
3740,3071,1701,Gata de Gorgos,Gata de Gorgos,"38,7682107","0,0653341"
3749,3063,3801,Jesus Pobre,Jesus Pobre,"38,804814","0,098043"
3750,3101,1701,Pedreguer,Cometa Orbeta,"38,7891572","0,0279867"
3759,3030,1701,Benidoleig,Benidoleig,"38,7943901","-0,0233208"
3760,3095,1701,Ondara,Ondara,"38,8257739","0,0139908"
3769,3040,1701,Benimeli,Benimeli,"38,8257673","-0,0419877"
3770,3063,1702,Denia,Deveses,"38,8466878","-0,004663"
3778,3026,1701,Beniarbeig,Beniarbeig,"38,81793","-0,0116586"
3779,3901,1701,Miraflor,Miraflor,"38,8571411","0,0139908"
3780,3063,1704,Denia,Monte Pego,"38,8518701","-0,102718"
3786,3001,1701,Adsubia,Adsubia,"38,8570144","-0,1729106"
3787,3136,1701,Beniali,Beniali,"38,8307706","-0,2338473"
3788,3134,1701,Alcala de la Jovada,Alcala de la Jovada,"38,7888887","-0,2526163"
3789,3135,1701,Vall de Ebo,Vall de Ebo,"38,809978","-0,1588618"
3790,3097,3801,Orba,Aspre (El),"38,7806407","-0,0635827"
3791,3097,3802,Orba,Capso (El),"38,7891156","-0,102718"
3792,3091,1701,Murla,Murla,"38,7525048","-0,0700051"
3793,3054,1701,Castell de Castells,Castell de Castells,"38,7261811","-0,1963364"
3794,3029,1701,Benigembla,Benigembla,"38,7472277","-0,1214235"
3795,3097,3899,Orba,*Diseminado*,"38,7943768","-0,0606637"
3800,3009,1701,Alcoy/Alcoi,Alcoy/Alcoi,"40,463667","-3,74922"
3801,3009,1701,Alcoy/Alcoi,Alcoy/Alcoi,"38,6913294","-0,4761893"
3802,3009,1701,Alcoy/Alcoi,Alcoy/Alcoi,"38,692586","-0,489172"
3803,3009,1701,Alcoy/Alcoi,Alcoy/Alcoi,"38,701789","-0,4809098"
3804,3009,1701,Alcoy/Alcoi,Alcoy/Alcoi,"38,7123233","-0,4667501"
3810,3035,1701,Benilloba,Benilloba,"38,7099561","-0,3983829"
3811,3060,1701,Quatretondeta,Quatretondeta,"38,7206634","-0,3230807"
3812,3020,1701,Balones,Balones,"38,7415839","-0,3324856"
3813,3067,1701,Facheca,Facheca,"38,7470186","-0,2526163"
3814,3008,1701,Alcoleja,Alcoleja,"38,6839772","-0,3277829"
3815,3103,1701,Penaguila,Penaguila,"38,6629008","-0,3654204"
3816,3032,1701,Benifallim,Benifallim,"38,657519","-0,4078058"
3818,3009,1701,Alcoy/Alcoi,Alcoy/Alcoi,"38,6873164","-0,4962552"
3820,3056,1799,Alcudia,*Diseminado*,"38,738618","-0,4384458"
3827,3016,1701,Almudaina,Almudaina,"38,7624113","-0,3701276"
3828,3106,1701,Benialfaqui,Benialfaqui,"38,7887028","-0,3277829"
3829,3017,1701,Alqueria D'Asnar (L'),Alqueria D'Asnar (L'),"38,7463904","-0,4596721"
3830,3092,3899,Cela de Nuñez,*Diseminado*,"38,7804929","-0,4384458"
3837,3003,1701,Agres,Agres,"38,7880246","-0,5163312"
3838,3010,1701,Alfafara,Alfafara,"38,7877612","-0,5730713"
3839,3092,1701,Alqueria Jorda,Alqueria Jorda,"38,7882602","-0,4596721"
3840,3072,1701,Gaianes,Gaianes,"38,8146069","-0,4078058"
3841,3007,1701,Alcocer de Planes,Alcocer de Planes,"38,7910922","-0,4007384"
3850,3028,1701,Beniarres,Beniarres,"38,8252202","-0,3607137"
3860,3084,1701,Lorcha/Orxa (L'),Lorcha/Orxa (L'),"38,8515081","-0,3089777"
4001,4013,1701,Almeria,Almeria,"36,837922","-2,4647416"
4002,4013,1701,Almeria,Almeria,"36,8469612","-2,514842"
4003,4013,1701,Almeria,Almeria,"36,8439857","-2,4641235"
4004,4013,1701,Almeria,Almeria,"36,8366538","-2,4610327"
4005,4013,1701,Almeria,Almeria,"36,8414494","-2,4567059"
4006,4013,1701,Almeria,Almeria,"36,8416526","-2,4468177"
4007,4013,1701,Almeria,Almeria,"36,8270874","-2,435696"
4008,4013,1701,Almeria,Almeria,"36,8686786","-2,5049414"
4009,4013,1701,Almeria,Almeria,"36,8616927","-2,4529976"
4100,4066,16701,Nijar,Nijar,"36,9559467","-2,1646722"
4110,4066,6901,Campohermoso,Campohermoso,"36,9377212","-2,1327491"
4113,4066,3801,Atochares,Atochares,"36,8722464","-2,1867861"
4114,4060,3801,Polopos,Polopos,"36,9679161","-2,0959429"
4115,4066,1701,Agua Amarga,Agua Amarga,"36,8453989","-2,0322172"
4116,4066,2201,Albaricoques,Albaricoques,"36,9150457","-2,0469151"
4117,4066,4301,Barranquete (El),Barranquete (El),"36,8269305","-2,1646722"
4118,4066,4301,Barranquete (El),Barranquete (El),"36,7686892","-2,1106617"
4119,4066,11501,Huebro,Huebro,"36,9923554","-2,2285864"
4120,4013,1701,Almeria,Almeria,"36,8544828","-2,4109908"
4130,4013,2201,Alquian (El),Alquian (El),"36,8609454","-2,3566861"
4131,4013,15401,Retamar,Retamar,"36,8194445","-2,2778128"
4140,4032,2299,Cañada de Don Rodrigo,*Diseminado*,"36,9763337","-1,9148091"
4147,4066,16703,Nijar,Fuensanta (La),"40,463667","-3,74922"
4149,4032,1701,Argamason (El),Argamason (El),"37,0023025","-1,9685826"
4150,4013,4301,Cabo de Gata,Cabo de Gata,"36,7745776","-2,2310465"
4151,4066,26501,Pujaire,Fabriquilla (La),"36,7725689","-2,1941598"
4160,4013,2201,Alquian (El),Alquian (El),"36,9100038","-2,3221622"
4188,4066,23401,San Jose,San Jose,"40,463667","-3,74922"
4200,4088,2299,Cartero,*Diseminado*,"37,0380889","-2,3616203"
4210,4060,1701,Lucainena de Las Torres,Lucainena de Las Torres,"37,0356543","-2,2089109"
4211,4060,2299,Olivillos (Los),*Diseminado*,"37,0312794","-2,1548473"
4212,4033,1701,Castro de Filabres,Castro de Filabres,"37,1938934","-2,4031212"
4213,4082,1799,Moraton,*Diseminado*,"37,1994274","-2,3320235"
4230,4052,4304,Huercal de Almeria,Huercal de Almeria,"36,8910062","-2,4653598"
4238,30028,804599,Granadicos (Los),*Diseminado*,"40,463667","-3,74922"
4240,4101,1799,Juaida (La),*Diseminado*,"36,8924162","-2,396174"
4248,4086,202001,Andreses (Los),Andreses (Los),"40,463667","-3,74922"
4250,4074,1701,Pechina,Pechina,"36,9189878","-2,4109908"
4259,4074,1799,Pechina,*Diseminado*,"36,9678263","-2,3862989"
4260,4078,1799,Abriojal,*Diseminado*,"36,9615582","-2,4307539"
4270,4086,102199,Cinta Blanca,*Diseminado*,"37,1606405","-2,1155691"
4271,4059,1799,Breña (La),*Diseminado*,"37,2153817","-2,0469151"
4274,4027,2201,Fuente de la Higuera (La),Fuente de la Higuera (La),"37,1809983","-2,1744993"
4275,4090,1799,Arroyos (Los),*Diseminado*,"37,1791588","-2,2728877"
4276,4009,1701,Alcudia de Monteagud,Alcudia de Monteagud,"37,2227261","-2,2335066"
4277,4086,202001,Andreses (Los),Andreses (Los),"37,0762626","-2,037116"
4278,4086,201501,Alias (Los),Alias (Los),"37,1492157","-2,080003"
4279,4086,101601,Barranco Los Lobos (El),Barranco Los Lobos (El),"37,1170755","-2,1548473"
4280,4048,4301,Gallardos (Los),Gallardos (Los),"37,1661235","-1,9514657"
4288,4022,1701,Albarico (El),Albarico (El),"37,1840951","-1,9979411"
4289,4022,4301,Giles (Los),Giles (Los),"37,1468498","-1,9832594"
4400,4011,1701,Alhama de Almeria,Alhama de Almeria,"36,9586513","-2,5693337"
4409,4012,1701,Alicun,Alicun,"36,9358715","-2,6288523"
4410,4024,1701,Benahadux,Benahadux,"36,9177737","-2,4703057"
4420,4081,1701,Calderona (La),Calderona (La),"36,981394","-2,5098914"
4430,4055,1701,Instincion,Instincion,"36,950766","-2,6834778"
4431,4054,1701,Illar,Illar,"36,973131","-2,6437438"
4440,4077,1701,Ragol,Ragol,"36,9989678","-2,688447"
4450,4030,1701,Barriada de Alcora (La),Barriada de Alcora (La),"36,9980636","-2,728219"
4458,4014,1701,Almocita,Almocita,"36,9966808","-2,7879401"
4459,4067,1701,Ohanes,Ohanes,"37,0615128","-2,7680247"
4460,4046,2201,Fondon,Fondon,"36,9737982","-2,847737"
4470,4057,1701,Laujar de Andarax,Laujar de Andarax,"37,0157671","-2,8876436"
4479,4020,1701,Bayarcal,Bayarcal,"37,0676765","-2,9575607"
4480,4007,1701,Alcolea,Alcolea,"36,9494002","-2,9675572"
4500,4045,1799,Estacion (La),*Diseminado*,"37,1991357","-2,8377656"
4510,4001,1701,Abla,Abla,"37,1686652","-2,7680247"
4520,4002,1701,Abrucena,Abrucena,"37,1134659","-2,8377656"
4530,4901,8101,Doña Maria,Doña Maria,"37,1299322","-2,7058431"
4531,4005,1701,Alboloduy,Alboloduy,"37,0427772","-2,6487087"
4532,4901,1799,Cortijo Real (El),*Diseminado*,"37,1695851","-2,728219"
4533,4002,3801,Monjos (Los),Monjos (Los),"37,1948463","-2,7929203"
4540,4065,1799,Estacion (La),*Diseminado*,"37,1071085","-2,6487087"
4549,4050,5601,Aulago,Aulago,"37,1709385","-2,6685736"
4550,4050,1701,Alcubillas (Las),Alcubillas (Las),"37,2045935","-2,5990835"
4558,4005,2201,Alcubillas Altas (Las),Alcubillas Altas (Las),"37,0869812","-2,5891648"
4559,4050,2299,Almendral (El),*Diseminado*,"37,1511369","-2,5334116"
4560,4047,1701,Gador,Gador,"36,9384356","-2,5098914"
4567,4010,1701,Alhabia,Alhabia,"37,0020223","-2,5495112"
4568,4015,1701,Alsodux,Alsodux,"37,0226301","-2,5891648"
4569,4028,1701,Bentarique,Bentarique,"36,9295062","-2,6735412"
4600,4006,1701,Albox,Albox,"37,3998708","-1,8806237"
4610,4035,303599,Calguerin (El),*Diseminado*,"37,2927086","-1,900155"
4616,4035,1301101,Villaricos,Villaricos,"37,2545936","-1,7709217"
4617,4035,1001401,Palomares,Palomares,"37,2461666","-1,7977124"
4618,4035,201599,Burjulu,*Diseminado*,"37,278554","-1,7782267"
4619,4035,101601,Alhanchete (El),Alhanchete (El),"37,3366916","-1,8220818"
4620,4100,3802,Vera,Vera,"37,2291388","-1,8611011"
4628,4016,2201,Antas,Antas,"37,2282072","-1,9196949"
4629,4016,1701,Aljariz,Aljariz,"37,270367","-1,9588007"
4630,4049,1701,Garrucha,Garrucha,"37,1921986","-1,8269573"
4638,4064,1701,Agua del Medio-Sopalmo,Agua Enmedio,"37,1220313","-1,8611011"
4639,4064,3801,Alparatas (Las),Alparatas (Las),"37,0887798","-1,9294681"
4640,4070,3801,Margen (El),Alamos (Los),"37,4077884","-1,710095"
4647,4035,603299,Guiraos (Los),*Diseminado*,"37,390255","-1,8123324"
4648,4035,705903,Pozo del Esparto (El),Pozo del Esparto (El),"37,3817139","-1,6663523"
4649,4075,402801,Estacion (La),Estacion (La),"37,3991776","-1,7514479"
4650,4103,5699,Fuente del Pino,*Diseminado*,"37,3331982","-2,037116"
4659,4091,1701,Terque,Terque,"40,463667","-3,74922"
4660,4017,1701,Arboleas,Arboleas,"37,3430329","-2,086133"
4661,4089,3801,Llanos (Los),Llanos (Los),"37,4022034","-2,0616178"
4662,4053,108001,Santa Barbara,Santa Barbara,"37,3345156","-1,9588007"
4690,4053,201501,Goñar,Goñar,"37,5037799","-1,8879469"
4691,4053,301499,Abejuela,*Diseminado*,"37,4737868","-1,9294681"
4692,4006,4399,Labores (Las),*Diseminado*,"37,4609823","-2,0567163"
4693,4053,101601,Menas (Los),Menas (Los),"37,4623148","-1,9783666"
4694,4053,110799,Almajalejo,*Diseminado*,"37,4017958","-1,9270246"
4700,4902,1701,Ensenada San Miguel,Almerimar,"36,7869792","-2,7929203"
4710,4902,3899,Ejido (El),*Diseminado*,"36,8041623","-2,7481176"
4711,4902,1701,Ensenada San Miguel,Almerimar,"36,7118306","-2,7829605"
4712,4902,2201,Balerma,Balerma,"36,7337642","-2,8801585"
4713,4029,2201,Balanegra,Balanegra,"36,7783709","-2,9275836"
4715,4902,3899,Ejido (El),*Diseminado*,"36,7381783","-2,807864"
4716,4902,6901,Norias (Las),Norias (Las),"36,7455228","-2,7232456"
4720,4079,1701,Aguadulce,Aguadulce,"36,8239641","-2,5842062"
4727,4102,6903,Gangosa (La),Envia (La),"36,8366002","-2,6214083"
4728,4043,2201,Felix,Felix,"36,8696103","-2,7083287"
4729,4041,1701,Enix,Enix,"36,8722565","-2,5891648"
4738,4102,1701,Barrio de Archilla,Barrio de Archilla,"36,8059673","-2,6685736"
4740,4079,1701,Aguadulce,Aguadulce,"36,7637909","-2,6288523"
4741,4079,4301,Cortijos de Marin,Cortijos de Marin,"36,7606051","-2,6511914"
4743,4079,5601,Marinas (Las),Marinas (Las),"36,7363182","-2,6536742"
4745,4903,1799,Cantinas (Las),*Diseminado*,"36,7571919","-2,6834778"
4746,4903,3801,Venta del Viso,Urbanizacion Felix,"36,8000285","-2,6934166"
4750,4038,3801,Celin,Celin,"36,8558488","-2,8377656"
4760,4029,4301,Berja,Berja,"36,8644302","-2,9275836"
4768,4007,2201,Darrical,Darrical,"36,9269174","-3,0075642"
4769,4029,4301,Berja,Berja,"36,8519403","-2,9975593"
4770,4003,1701,Adra,Adra,"36,7963773","-3,0676373"
4778,4003,2201,Alcazaba (La),Alcazaba (La),"36,7588358","-3,0626284"
4779,4003,1701,Adra,Adra,"36,7503457","-2,9725563"
4800,4006,1701,Albox,Albox,"37,379459","-2,1401139"
4810,4070,1701,Oria,Oria,"37,4667488","-2,3221622"
4811,4070,2201,Cerricos (Los),Cañada (La),"37,4996916","-2,2728877"
4812,4006,5601,Llano de Los Olleres,Llano de Los Olleres,"40,463667","-3,74922"
4813,4006,8199,Saliente Alto,*Diseminado*,"37,4704381","-2,1253854"
4814,4006,1701,Albox,Albox,"37,4176144","-2,0959429"
4815,4031,1701,Almanzora,Almanzora,"37,3475911","-2,1302944"
4820,4099,1701,Velez-Rubio,Velez-Rubio,"37,5536552","-1,9343555"
4825,4037,1799,Aspilla,*Diseminado*,"37,5953799","-2,2827384"
4826,4099,301499,Aranegas (Los),*Diseminado*,"37,6300617","-2,1352039"
4827,4099,401399,Bancalejo (El),*Diseminado*,"37,568579","-1,9979411"
4828,4099,102199,Gazquez (Los),*Diseminado*,"37,588185","-2,0959429"
4829,4098,3899,Alcoluche,*Diseminado*,"37,653069","-2,037116"
4830,4098,1701,Velez-Blanco,Velez-Blanco,"37,7684371","-2,1253854"
4838,4063,1799,Alfahuara,*Diseminado*,"37,7353141","-2,1941598"
4839,4063,2299,Cañada Grande,*Diseminado*,"37,8619581","-2,2335066"
4850,4031,1701,Almanzora,Almanzora,"37,3727676","-2,2138289"
4857,4004,1701,Albanchez,Albanchez,"37,2797591","-2,1867861"
4858,4004,2201,Barranco Infierno (El),Barranco Infierno (El),"37,2883626","-2,1548473"
4859,4034,1701,Cobdar,Cobdar,"37,2658899","-2,2138289"
4860,4069,2201,Huitar Mayor,Huitar Mayor,"37,3763259","-2,3073743"
4867,4062,1701,Macael,Macael,"37,3071662","-2,2925911"
4868,4056,1799,Arroyo Franco Y Estella,*Diseminado*,"37,3116461","-2,336955"
4869,4044,1701,Cañada de Las Cruces (La),Cañada de Las Cruces (La),"37,3716515","-2,2728877"
4870,4076,1701,Campillo (El),Campillo (El),"37,3487532","-2,3517526"
4877,4061,4399,Lucar,*Diseminado*,"37,4067941","-2,3862989"
4878,4084,1701,Sierro,Sierro,"37,3052214","-2,3912362"
4879,4096,1799,Agua Amarga,*Diseminado*,"37,3914712","-2,3517526"
4880,4092,5601,Porteros (Los),Porteros (Los),"37,3437267","-2,4678327"
4887,4061,3801,Cela,Balsa de Cela,"37,4208773","-2,4801989"
4888,4018,1701,Armuña de Almanzora,Armuña de Almanzora,"37,3203496","-2,435696"
4889,4019,1701,Bacares,Bacares,"37,249933","-2,4801989"
4890,4083,104299,Martenses (Los),*Diseminado*,"37,3511696","-2,4950428"
4897,4008,1701,Alcontar,Alcontar,"37,2796915","-2,5891648"
4898,4008,7501,Hijate (El),Hijate (El),"37,3915415","-2,6040436"
4899,4070,4302,Negro (El),Chaparral (El),"37,3873878","-2,5495112"
4964,4053,602699,Saltador (El),*Diseminado*,"40,463667","-3,74922"
5001,5019,3801,Avila,Avila,"40,6572697","-4,6980117"
5002,5019,3801,Avila,Avila,"40,6104621","-4,6967189"
5003,5019,3801,Avila,Avila,"40,6267107","-4,6708709"
5004,5019,3801,Avila,Avila,"40,6579358","-4,6502012"
5005,5019,3801,Avila,Avila,"40,6971831","-4,6812086"
5100,5163,1701,Navaluenga,Navaluenga,"40,3967973","-4,7070616"
5110,5022,1702,Barraco (El),Barraco (El),"40,4725301","-4,5934"
5111,5211,1701,San Juan de la Nava,San Juan de la Nava,"40,4692222","-4,6760395"
5113,5041,1701,Burgohondo,Burgohondo,"40,3836565","-4,7795149"
5114,5905,1701,Villanueva de Avila,Villanueva de Avila,"40,3615863","-4,8209596"
5115,5167,1701,Navarrevisca,Navarrevisca,"40,349238","-4,8728093"
5116,5233,1701,Serranillos,Serranillos,"40,463667","-3,74922"
5120,5158,1701,Navalmoral,Navalmoral,"40,4641396","-4,8002333"
5122,5164,1701,Navaquesera,Navaquesera,"40,41515","-4,8779969"
5123,5101,1701,Hoyocasero,Hoyocasero,"40,3864178","-4,9558696"
5130,5238,1701,Baterna,Baterna,"40,5401363","-4,9247074"
5131,5096,1701,Hija de Dios (La),Hija de Dios (La),"40,5171707","-4,9870491"
5132,5058,1701,Cepeda la Mora,Cepeda la Mora,"40,3421251","-5,0390536"
5133,5215,1701,San Martin Vega Alberche,San Martin Vega Alberche,"40,4276919","-5,1744903"
5134,5081,1701,Garganta del Villar,Garganta del Villar,"40,4580258","-4,9454803"
5140,5040,1701,Bularros,Bularros,"40,6863805","-4,8209596"
5141,5067,1701,Chamartin,Chamartin,"40,6820082","-4,9247074"
5143,5252,1701,Pasarilla del Rebollar,Pasarilla del Rebollar,"40,6581912","-5,0078451"
5145,5119,1701,Ortigosa de Rioalmar,Ortigosa de Rioalmar,"40,6563813","-5,0494602"
5146,5033,1701,Bercimuelle,Bercimuelle,"40,7864822","-5,0806918"
5147,5080,1701,Blascojimeno,Blascojimeno,"40,6931956","-5,1327829"
5148,5044,1701,Cabezas del Villar,Cabezas del Villar,"40,6595711","-5,2057909"
5149,5059,1701,Cillan,Cillan,"40,739132","-5,0078451"
5150,5181,1701,Pascualcobo,Pascualcobo,"40,6866148","-5,2788926"
5151,5122,1701,Martinez,Martinez,"40,6634952","-5,3416255"
5152,5122,2299,Montalvo,*Diseminado*,"40,6133401","-5,3861027"
5153,5015,1701,Arevalillo,Arevalillo,"40,541924","-5,3416255"
5154,5129,2201,Miron (El),Miron (El),"40,5785767","-5,4253757"
5160,5019,1701,Alamedilla del Berrocal,Alamedilla del Berrocal,"40,7091951","-4,7588042"
5161,5128,2201,Zorita de Los Molinos,Zorita de Los Molinos,"40,463667","-3,74922"
5162,5027,1701,Berlanas (Las),Berlanas (Las),"40,8050244","-4,7639811"
5163,5087,1701,Gotarrendura,Gotarrendura,"40,8119854","-4,7174062"
5164,5092,1701,Hernansancho,Hernansancho,"40,8392976","-4,7898731"
5165,5036,1701,El Bohodon,El Bohodon,"40,9313654","-4,7588042"
5170,5241,5601,Tiemblo (El),Tiemblo (El),"40,463667","-3,74922"
5190,5195,1701,Cabañas,Cabañas,"40,547078","-4,7588042"
5191,5130,1701,Mironcillo,Mironcillo,"40,5696494","-4,8261424"
5192,5061,1701,Colilla (La),Colilla (La),"40,632191","-4,7846938"
5193,5173,1701,Ojos Albos,Ojos Albos,"40,7296516","-4,5005808"
5194,5019,3801,Avila,Avila,"40,6956435","-4,5934"
5195,5019,4301,Bernuy-Salinero,Bernuy-Salinero,"40,6583881","-4,5108862"
5196,5093,3899,Navalgrande O Canto Pico,*Diseminado*,"40,6137887","-4,6140481"
5197,5019,2201,Aldea del Rey Niño,Aldea del Rey Niño,"40,6079249","-4,7588042"
5198,5239,1701,Bandadas,Bandadas,"40,5012973","-4,883185"
5200,5016,1701,Arevalo,Arevalo,"41,0530381","-4,7381013"
5210,5099,1701,Horcajo de Las Torres,Horcajo de Las Torres,"41,0667851","-5,1223608"
5211,5029,1701,Bernuy-Zapardiel,Bernuy-Zapardiel,"40,9830701","-4,9662608"
5212,5008,1701,Aldeaseca,Aldeaseca,"41,047867","-4,8624355"
5213,5109,1701,Langa,Langa,"41,0076227","-4,8624355"
5215,5070,1701,Donvidas,Donvidas,"41,091547","-4,7795149"
5216,5152,1701,Magazos,Magazos,"41,0023018","-4,7484518"
5217,5042,1701,Cabezas de Alambre,Cabezas de Alambre,"40,9480744","-4,8416936"
5220,5114,1701,Madrigal Altas Torres,Madrigal Altas Torres,"41,1106465","-5,0390536"
5229,5023,1701,Barroman,Barroman,"41,0758334","-4,9143239"
5230,5168,1701,Ciudad Ducal,Ciudad Ducal,"40,6144059","-4,3359635"
5239,5168,1701,Ciudad Ducal,Ciudad Ducal,"40,6594946","-4,2128337"
5240,5161,1701,Navalperal de Pinares,Navalperal de Pinares,"40,599973","-4,4490836"
5250,5102,1701,Hoyo de Pinares (El),Hoyo de Pinares (El),"40,5008395","-4,387352"
5260,5057,1701,Cebreros,Cebreros,"40,4488552","-4,4182089"
5267,5201,1701,San Bartolome de Pinares,San Bartolome de Pinares,"40,5578078","-4,4902774"
5268,5093,2201,El Herradon,El Herradon,"40,5545785","-4,5727598"
5270,5241,3801,Poblado del Burguillo,Piquer,"40,4147756","-4,5108862"
5278,5022,1701,Barraco (El),Arroyo de la Parra,"40,4017693","-4,5830789"
5279,5241,1701,Atalaya (La),Atalaya (La),"40,3740748","-4,5108862"
5280,5128,1701,Mingorria,Mingorria,"40,753031","-4,6760395"
5289,5206,1701,San Esteban de Los Patos,San Esteban de Los Patos,"40,756344","-4,5934"
5290,5035,1701,Blascosancho,Blascosancho,"40,8759039","-4,6347041"
5291,5115,1701,Maello,Maello,"40,8177991","-4,5727598"
5292,5177,1701,Pajares de Adaja,Pajares de Adaja,"40,8355295","-4,6347041"
5294,5093,1701,La Cañada,La Cañada,"40,5931117","-4,4954289"
5296,5001,1701,Adanero,Adanero,"41,0056754","-4,6657027"
5298,5117,1701,Mamblas,Mamblas,"41,0197176","-5,0494602"
5299,5034,1701,Blasconuño de Matacabras,Blasconuño de Matacabras,"41,1295383","-4,9506747"
5300,5065,1701,Crespos,Crespos,"40,8612304","-4,9870491"
5309,5062,1701,Collado de Contreras,Collado de Contreras,"40,8630177","-4,9454803"
5310,5074,1701,Fontiveros,Fontiveros,"40,9226301","-4,9662608"
5320,5049,1701,Cardeñosa,Cardeñosa,"40,7311245","-4,7174062"
5340,5017,1701,Aveinte,Aveinte,"40,463667","-3,74922"
5350,5220,1701,Morañuela,Morañuela,"40,7906033","-4,8676221"
5357,5017,1701,Aveinte,Aveinte,"40,7629222","-4,9247074"
5358,5005,1701,Albornos,Albornos,"40,8463606","-4,8624355"
5364,5105,1701,Hoyos del Espino,Hoyos del Espino,"40,463667","-3,74922"
5370,5073,1701,Ajo (El),Ajo(El),"40,9330687","-5,0794124"
5380,5033,3801,Convento de Duruelo (El),Convento de Duruelo (El),"40,8759448","-5,1119407"
5400,5014,1701,Arenas de San Pedro,Arenas de San Pedro,"40,132691","-5,1640605"
5410,5132,1701,Higuera (La),Higuera (La),"40,1582022","-4,9298999"
5412,5207,1701,San Esteban del Valle,San Esteban del Valle,"40,2739704","-4,9662608"
5413,5221,1701,Santa Cruz del Valle,Santa Cruz del Valle,"40,2508932","-5,0286488"
5414,5066,1701,Cuevas del Valle,Cuevas del Valle,"40,2916592","-5,0286488"
5415,5100,1701,Hornillo (El),Hornillo (El),"40,2667135","-5,1327829"
5416,5013,1701,Arenal (El),Arenal (El),"40,2738765","-5,0858988"
5417,5089,1701,Guisando,Guisando,"40,2259346","-5,1327829"
5418,5014,2201,Hontanares,Hontanares,"40,1683727","-5,0494602"
5420,5240,1701,Fuente de la Salud,Fuente de la Salud,"40,2893484","-4,5934"
5427,5075,1701,Fresnedilla,Fresnedilla,"40,2265178","-4,6347041"
5428,5055,1701,Casillas,Casillas,"40,3358098","-4,5779191"
5429,5055,1701,Casillas,Casillas,"40,3341463","-4,4902774"
5430,5002,1701,Adrada (La),Adrada (La),"40,2868761","-4,6553679"
5440,5187,1701,Piedralaves,Piedralaves,"40,3153572","-4,7070616"
5450,5054,1701,Casavieja,Casavieja,"40,3022037","-4,7795149"
5460,5082,1701,Gavilanes,Gavilanes,"40,2978812","-4,883185"
5461,5127,1702,Mijares,Mijares,"40,2801063","-4,8209596"
5470,5182,1701,Pedro Bernardo,Pedro Bernardo,"40,2358431","-4,9039424"
5480,5047,1701,Candeleda,Candeleda,"40,169783","-5,2475518"
5489,5047,1799,Candeleda,*Diseminado*,"40,1708298","-5,3363951"
5490,5110,1701,Lanzahita,Lanzahita,"40,1932694","-4,9454803"
5491,5132,1701,Higuera (La),Higuera (La),"40,1655296","-4,9675599"
5492,5189,1701,Poyales del Hoyo,Poyales del Hoyo,"40,1710968","-5,1614534"
5500,5186,2201,Cañada (La),Cañada (La),"40,4665364","-5,3259358"
5510,5225,1701,Navahermosa de Corneja,Navahermosa de Corneja,"40,5027658","-5,4201377"
5511,5225,3801,Valdemolinos,Valdemolinos,"40,463667","-3,74922"
5513,5041,1701,Burgohondo,Burgohondo,"40,463667","-3,74922"
5514,5038,1701,Bonilla de la Sierra,Bonilla de la Sierra,"40,5254691","-5,2579968"
5515,5186,1701,Almohalla (La),La Almohalla,"40,4752414","-5,3573194"
5516,5103,1701,Alameda (La),Alameda (La),"40,4578193","-5,4044268"
5519,33024,1703801,Cerca Riba (La),Cerca Riba (La),"40,463667","-3,74922"
5520,5176,1701,Aldealabad,Aldealabad,"40,6238831","-4,8624355"
5530,5138,1701,Muñogalindo,Muñogalindo,"40,6009809","-4,9247074"
5540,5135,1701,Muñana,Muñana,"40,5974113","-5,0078451"
5560,5012,1701,Amavida,Amavida,"40,5435366","-5,0806918"
5570,5038,3801,Pajarejos,Pajarejos,"40,463667","-3,74922"
5571,5052,1701,Casas del Puerto,Casas del Puerto,"40,4973862","-5,2057909"
5580,5007,1701,Aldeanueva de Santa Cruz,Aldeanueva de Santa Cruz,"40,3745556","-5,4463322"
5581,5226,4301,Navarregadilla,Navarregadilla,"40,463667","-3,74922"
5591,5260,1701,Villanueva del Campillo,Villanueva del Campillo,"40,5891401","-5,1953554"
5592,5228,1701,Casas de Navancuerda,Casas de Navancuerda,"40,4200992","-5,3416255"
5593,5010,1701,La Aldehuela,La Aldehuela,"40,4171835","-5,4044268"
5600,5021,1701,Barco de Avila (El),Barco de Avila (El),"40,3555722","-5,5249863"
5610,5024,1701,Becedas,Becedas,"40,3858444","-5,6352801"
5619,5084,1701,Gilbuena,Gilbuena,"40,4285318","-5,593239"
5620,5051,1701,Carrera (La),Carrera (La),"40,3535602","-5,5669786"
5621,5192,1701,Puerto Castilla,Puerto Castilla,"40,313104","-5,6668306"
5630,5037,3801,Navamediana,Navamediana,"40,3368033","-5,3834854"
5631,5162,1701,Navalperal de Tormes,Navalperal de Tormes,"40,3309644","-5,2893433"
5632,5162,2201,Ortigosa de Tormes,Ortigosa de Tormes,"40,463667","-3,74922"
5633,5901,2201,Navacepeda de Tormes,Navacepeda de Tormes,"40,3241012","-5,2162283"
5634,5104,1701,Hoyos del Collado,Hoyos del Collado,"40,3259735","-5,1744903"
5635,5165,1701,Barajas,Barajas,"40,3791726","-5,1223608"
5690,5037,1701,Bohoyo,Bohoyo,"40,2844342","-5,4149003"
5691,5236,3801,Loros (Los),Loros (Los),"40,3515315","-5,6090009"
5692,5112,1701,Barquillo (El),Barquillo (El),"40,4112398","-5,5302337"
5693,5085,1701,Gil Garcia,Gil Garcia,"40,2861419","-5,593239"
5694,5024,2201,Palacios de Becedas,Palacios de Becedas,"40,4145586","-5,5669786"
5695,5097,2201,Horcajada (La),Horcajada (La),"40,4393828","-5,4725384"
5696,5097,1701,Encinares,Encinares,"40,4132377","-5,4882679"
5697,5153,1701,Nava del Barco,Nava del Barco,"40,2397291","-5,4987565"
6001,6015,4302,Badajoz,Badajoz,"38,8799777","-6,9732612"
6002,6015,4302,Badajoz,Badajoz,"38,8776987","-6,9678903"
6003,6015,4302,Badajoz,Badajoz,"38,8724985","-6,9678903"
6004,6015,4302,Badajoz,Badajoz,"38,8714875","-6,9739326"
6005,6015,4302,Badajoz,Badajoz,"38,8744567","-6,9786326"
6006,6015,4302,Badajoz,Badajoz,"38,9344834","-6,9960925"
6007,6015,4302,Badajoz,Badajoz,"38,8997145","-6,969233"
6008,6015,4302,Badajoz,Badajoz,"38,8829592","-6,9450688"
6009,6015,4302,Badajoz,Badajoz,"38,862157","-6,9450688"
6010,6015,1701,Albala,Plantio (El),"38,7216642","-6,8994495"
6011,6015,1701,Albala,Plantio (El),"38,804491","-7,0821162"
6100,6095,1701,Olivenza,Olivenza,"38,7061395","-7,1574784"
6105,6042,1701,Cheles,Cheles,"38,5436042","-7,2544973"
6106,6095,2201,San Benito Contienda,San Benito,"38,61159","-7,1682514"
6107,6095,7501,Villarreal,Villarreal,"38,728548","-7,2167511"
6108,6095,1799,Olivenza,*Diseminado*,"38,577665","-7,0390904"
6109,6095,3801,San Francisco de Olivenza,San Francisco,"38,7358106","-7,0982581"
6110,6154,1701,Villanueva del Fresno,Villanueva Fresno,"38,3739018","-7,1669067"
6120,6093,1701,Oliva Frontera,Oliva de la Frontera,"38,2562328","-6,9853474"
6129,6159,1701,Zahinos,Zahinos,"38,3080626","-6,9960925"
6130,6143,1701,Valverde de Leganes,Valverde de Leganes,"38,6748444","-6,9853474"
6131,6007,1701,Alconchel,Alconchel,"38,4973141","-7,1574784"
6132,6066,1701,Higuera de Vargas,Higuera de Vargas,"38,4239944","-6,9853474"
6133,6129,1701,Taliga,Taliga,"38,517533","-6,9960925"
6134,6140,1701,Valencia Mombuey,Valencia del Mombuey,"38,2386273","-7,1036396"
6140,6128,2201,Talavera la Real,Talavera la Real,"38,8652141","-6,7601057"
6150,6121,1701,Santa Marta,Santa Marta,"38,6530873","-6,642433"
6160,6016,1701,Barcarrota,Barcarrota,"38,5128131","-6,8994495"
6170,6005,1701,Albuera (La),Albuera (La),"38,7708823","-6,7708138"
6171,6010,1701,Almendral,Almendral,"38,6100301","-6,8458204"
6172,6131,1701,Torre de Miguel Sesmero,Torre de Miguel Sesmero,"38,6359027","-6,7601057"
6173,6092,1701,Nogales,Nogales,"38,5953585","-6,7386946"
6174,6061,1701,Haba (La),Haba (La),"38,5092453","-6,7815237"
6175,6117,1701,Salvatierra de Los Barros,Salvatierra de Los Barros,"38,4833934","-6,6851982"
6176,6089,1701,Morera (La),Morera (La),"38,5387476","-6,6317461"
6177,6147,1701,Valle de Matamoros,Valle de Matamoros,"38,3854342","-6,7949137"
6178,6148,1701,Valle de Santa Ana,Valle de Santa Ana,"38,3647799","-6,7895574"
6180,6015,10801,Gevora,Gévora,"38,9383313","-6,9316481"
6181,6015,2201,Alcazaba,Alcazaba,"39,0204769","-6,7708138"
6182,6015,2201,Alcazaba,Alcazaba,"38,9545244","-6,7440467"
6183,6015,2201,Alcazaba,Alcazaba,"38,9226149","-6,8458204"
6184,6902,1701,Pueblonuevo del Guadiana,Pueblonuevo del Guadiana,"38,9276131","-6,7601057"
6185,6901,1701,Valdelacalzada,Valdelacalzada,"38,889722","-6,6958939"
6186,6015,11501,Guadiana del Caudillo,Guadiana del Caudillo,"38,9166408","-6,679851"
6187,6072,1701,Guadajira,Guadajira,"38,8503979","-6,6785142"
6190,6115,1701,Roca de la Sierra (La),Roca de la Sierra (La),"39,0986492","-6,6745042"
6191,6107,1701,Puebla de Obando,Puebla de Obando,"39,1791101","-6,6264034"
6192,6155,1701,Villar del Rey,Villar del Rey,"39,1424125","-6,8136642"
6193,6015,6901,Botoa,Cerros Verdes,"39,0717313","-6,7815237"
6194,6015,6999,Botoa,*Diseminado*,"38,9673776","-6,9235969"
6195,6015,5601,Balboa,Balboa,"38,8810238","-6,8458204"
6196,6040,1701,Corte de Peleas,Corte de Peleas,"38,7267367","-6,6317461"
6197,6045,1701,Entrin Alto,Entrin Alto,"38,7175579","-6,7012424"
6198,6126,2201,Retamal,Retamal,"40,463667","-3,74922"
6200,6011,1701,Almendralejo,Almendralejo,"38,7067657","-6,429036"
6207,6002,1701,Aceuchal,Aceuchal,"38,6725126","-6,482318"
6208,6152,1701,Villalba de Los Barros,Villalba de Los Barros,"38,6161328","-6,5569882"
6209,6126,1799,Cortegana,*Diseminado*,"38,731553","-6,5463156"
6210,6133,1701,Torremejia,Torremejia,"38,7826851","-6,375799"
6220,6149,3801,Villafranca de Los Barros,Villafranca de Los Barros,"38,5860752","-6,3438785"
6225,6113,1701,Ribera del Fresno,Ribera del Fresno,"38,5488181","-6,2588369"
6226,6068,1701,Hinojosa del Valle,Hinojosa del Valle,"38,4794886","-6,1845209"
6227,6073,1701,Llera,Llera,"38,4640836","-6,0785104"
6228,6069,1701,Hornachos,Hornachos,"38,5515016","-6,0690112"
6229,6106,1701,Puebla del Prior,Puebla del Prior,"38,5830236","-6,2057449"
6230,6122,3801,Santos de Maimona (Los),Santos de Maimona (Los),"38,4604941","-6,3438785"
6240,6052,1701,Fuente de Cantos,Fuente de Cantos,"38,2109084","-6,3013432"
6249,6027,1701,Calzadilla de Los Barros,Calzadilla de Los Barros,"38,3259001","-6,3119743"
6250,6020,1701,Bienvenida,Bienvenida,"38,3105706","-6,2057449"
6260,6085,1701,Monesterio,Monesterio,"38,0469857","-6,2163597"
6270,6124,1701,Segura de Leon,Segura de Leon,"38,1174794","-6,471658"
6280,6055,1701,Fuentes de Leon,Fuentes de Leon,"38,0618756","-6,5249759"
6290,6136,4301,Usagre,Usagre,"38,354981","-6,1652337"
6291,6086,1701,Montemolin,Montemolin,"38,1756034","-6,1739116"
6292,6026,1701,Calera de Leon,Calera de Leon,"38,0723633","-6,333242"
6293,6024,1701,Cabeza la Vaca,Cabeza la Vaca,"38,0800196","-6,3864428"
6300,6158,1799,Buen Suceso,*Diseminado*,"38,4440634","-6,4539136"
6310,6108,1701,Puebla de Sancho Perez,Puebla de Sancho Perez,"40,463667","-3,74922"
6320,6081,1701,Medina de Las Torres,Medina de Las Torres,"38,3300373","-6,429036"
6329,6013,1701,Atalaya,Atalaya,"38,3425488","-6,4876486"
6330,6141,1799,Nuestra Señora del Valle,*Diseminado*,"38,2746126","-6,482318"
6340,6050,2201,Fregenal de la Sierra,Fregenal de la Sierra,"38,2365551","-6,5996963"
6350,6067,3801,Higuera la Real,Higuera la Real,"38,1451671","-6,7279918"
6360,6054,1701,Fuente del Maestre,Fuente del Maestre,"38,5395962","-6,429036"
6370,6022,1701,Burguillos del Cerro,Burguillos del Cerro,"38,4044531","-6,5996963"
6378,6142,1701,Valverde de Burguillos,V. Burguillos,"38,3296882","-6,5303102"
6380,6070,2299,Bazana (La),*Diseminado*,"38,409401","-6,8779926"
6389,6070,2201,Bazana (La),Bazana (La),"38,27128","-6,7279918"
6390,6049,1701,Feria,Feria,"38,5017068","-6,5463156"
6391,6071,1701,Lapa (La),Lapa (La),"38,4560815","-6,5196421"
6392,6108,1799,Puebla de Sancho Perez,*Diseminado*,"38,3838928","-6,3066585"
6393,6008,1701,Alconera,Alconera,"38,3955764","-6,4769877"
6394,6021,1701,Bodonal de la Sierra,Bodonal de la Sierra,"38,1659558","-6,5463156"
6400,6044,2201,Don Benito,Don Benito,"38,8609054","-5,8775964"
6410,6002,1701,Aceuchal,Aceuchal,"39,0187214","-6,0467429"
6411,6080,1701,Medellin,Medellin,"38,9694816","-5,9938339"
6412,6044,4301,Hernan Cortes,Hernan Cortes,"39,0252276","-5,9198387"
6413,6082,1701,Mengabril,Mengabril,"38,9092255","-5,9515399"
6420,6036,1701,Castuera,Castuera,"38,8197417","-5,435853"
6427,6087,1701,Monterrubio de la Serena,Monterrubio de la Serena,"38,5889286","-5,4568133"
6428,6018,4301,Puerto Hurraco,Puerto Hurraco,"38,633305","-5,514493"
6429,6018,1701,Benquerencia de la Serena,Benquerencia de la Serena,"38,6805951","-5,509247"
6430,6160,1701,San Cristobal de Zalamea,San Cristobal,"38,6208039","-5,6668306"
6439,6047,1701,Esparragosa de la Serena,Esparragosa de la Serena,"38,6502312","-5,5984925"
6440,6078,1701,Malpartida de la Serena,Malpartida de la Serena,"38,6745962","-5,6352801"
6441,6064,1701,Higuera de la Serena,Higuera de la Serena,"38,6465066","-5,7826597"
6442,6112,1701,Retamal de Llerena,Retamal de Llerena,"38,6004859","-5,8670405"
6443,6029,1701,Campillo de Llerena,Campillo de Llerena,"38,4890105","-5,7932008"
6444,6139,3801,Valencia de Las Torres,Valencia de Las Torres,"38,4386199","-5,9621106"
6445,6065,1701,Higuera de Llerena,Higuera de Llerena,"38,3547001","-5,9621106"
6450,6109,1701,Quintana de la Serena,Quintana de la Serena,"38,7441334","-5,7089241"
6458,6146,1701,Valle de la Serena,Valle de la Serena,"38,7378937","-5,8353837"
6459,6028,2201,Guarda (La),Guarda (La),"38,8166425","-5,7194522"
6460,6028,1701,Campanario,Campanario,"38,8753618","-5,5827334"
6468,6075,1701,Magacela,Magacela,"38,8791685","-5,7194522"
6469,6039,1701,Coronada (La),Coronada (La),"38,9566369","-5,624767"
6470,6060,3801,Guareña,Guareña,"38,8610422","-6,0785104"
6473,6151,1701,Villagonzalo,Villagonzalo,"38,8554784","-6,1845209"
6474,6138,1701,Valdetorres,Valdetorres,"38,9037873","-6,0573302"
6475,6094,1799,Abejarones Arriba Y Abajo,*Diseminado*,"38,6897426","-5,9621106"
6476,6098,1701,Palomas,Palomas,"38,710637","-6,1633042"
6477,6104,1701,Puebla de la Reina,Puebla de la Reina,"38,6535149","-6,0573302"
6478,6079,1701,Manchita,Manchita,"38,7809575","-6,014992"
6479,6041,1701,Cristina,Cristina,"38,8182667","-6,0996978"
6480,6088,2201,Lacara,Lacara,"38,9911617","-6,5569882"
6486,6090,1701,Nava de Santiago (La),Nava de Santiago (La),"39,0668196","-6,5036433"
6487,6038,1701,Cordobilla de Lacara,Cordobilla de Lacara,"39,1325951","-6,4396888"
6488,6031,1701,Carmonita,Carmonita,"39,1591572","-6,333242"
6489,6088,2201,Lacara,Lacara,"38,9330811","-6,5503176"
6490,6103,1701,Puebla de la Calzada,Puebla de la Calzada,"38,8780828","-6,6264034"
6498,6072,2201,Lobon,Lobon,"38,8321533","-6,6103778"
6499,6088,1701,Barbaño,Barbaño,"38,8722443","-6,5916863"
6500,6123,1799,Dehesa Mayorga,*Diseminado*,"39,3390728","-6,9853474"
6510,6006,1701,Alburquerque,Alburquerque,"39,2370297","-6,9638624"
6518,6037,1701,Bacoco,Bacoco,"39,2336282","-7,1898025"
6519,6006,2299,Benavente,*Diseminado*,"39,1975501","-7,1036396"
6600,6023,1701,Almorchon,Almorchon,"38,8274021","-5,2684437"
6610,6100,1701,Peñalsordo,Peñalsordo,"38,8438623","-5,1327829"
6611,6161,1701,Zarza-Capilla,Zarza-Capilla,"38,7694478","-5,1640605"
6612,6030,1701,Capilla,Capilla,"38,7748965","-5,0390536"
6613,6018,2201,Helechal,Helechal,"38,6665009","-5,3625516"
6614,6023,1701,Almorchon,Almorchon,"38,6802839","-5,2893433"
6615,6018,3801,Nava (La),Nava(La),"38,6854805","-5,4044268"
6620,6048,1701,Esparragosa de Lares,Esparragosa de Lares,"38,9684867","-5,3730176"
6630,6102,1701,Puebla de Alcocer,Puebla de Alcocer,"39,0516764","-5,3730176"
6640,6127,1701,Puerto Peña,Puerto Peña,"39,1423374","-5,2057909"
6650,6125,1701,Siruela,Siruela,"38,9815631","-5,0806918"
6655,6118,1701,Sancti-Spiritus,Sancti-Spiritus,"38,9253954","-5,1744903"
6656,6057,1701,Garlitos,Garlitos,"38,9018445","-4,9974461"
6657,6114,1701,Risco,Risco,"38,8864746","-5,1119407"
6658,6130,1701,Tamurejo,Tamurejo,"38,9923464","-4,9506747"
6659,6017,1701,Baterno,Baterno,"38,9170912","-4,883185"
6660,6051,1701,Fuenlabrada de Los Montes,Fuenlabrada de Los Montes,"39,1549731","-4,9143239"
6670,6063,1701,Herrera del Duque,Herrera del Duque,"39,234427","-4,9974461"
6678,6157,1701,Villarta de Los Montes,Villarta de Los Montes(N),"39,2431339","-4,7898731"
6679,6063,2201,Peloche,Peloche,"39,1920309","-5,1379946"
6680,6035,1701,Castilblanco,Castilblanco,"39,3137028","-5,0806918"
6689,6137,1701,Poblado A.e.t.e.a.,Poblado A.e.t.e.a.,"39,277586","-5,1953554"
6690,6056,1701,Garbayuela,Garbayuela,"39,0782994","-5,0078451"
6692,6062,1701,Bohonal,Bohonal,"39,3243028","-4,8313257"
6700,6153,5601,Villanueva de la Serena,Villanueva de la Serena,"38,9811729","-5,761583"
6710,6153,3801,Entrerrios,Entrerrios,"39,0001269","-5,6931356"
6711,6044,3801,Gargaligas,Gargaligas,"39,0486852","-5,6563119"
6712,6153,5699,Villanueva de la Serena,*Diseminado*,"39,0614479","-5,7141879"
6713,6001,2201,Los Guadalperales,Los Guadalperales,"39,0858007","-5,6405374"
6714,6061,1701,Haba (La),Haba (La),"38,8750128","-5,8037437"
6715,6111,1701,Rena,Rena,"39,0469037","-5,798472"
6716,6156,2201,Puebla de Alcollarin,Puebla de Alcollarin,"39,0819378","-5,8248352"
6717,6044,6901,Torviscal (El),Torviscal (El),"39,1255501","-5,7826597"
6718,6153,1701,Casas Castillo Encomienda,Casas del Castillo,"40,463667","-3,74922"
6720,6153,1701,Casas Castillo Encomienda,Casas del Castillo,"39,0258567","-5,6983979"
6730,6001,1701,Acedera,Acedera,"39,0952747","-5,551228"
6731,6091,3801,Vegas Altas,Vegas Altas,"39,1684124","-5,5407299"
6740,6097,1701,Orellana la Vieja,Orellana la Vieja,"39,0121577","-5,551228"
6750,6096,1701,Orellana de la Sierra,Orellana de la Sierra,"39,0141458","-5,509247"
6760,6091,1701,Navalvillar de Pela,Navalvillar de Pela,"39,0893433","-5,4568133"
6770,6033,1701,Casas de Don Pedro,Casas de Don Pedro,"39,1682828","-5,3207069"
6800,6083,1799,Campomanes,*Diseminado*,"38,9394272","-6,365157"
6810,6025,1701,Calamonte,Calamonte,"38,8733889","-6,3837817"
6820,6043,1701,Don Alvaro,Don Alvaro,"38,8509507","-6,2694608"
6830,6162,1701,Zarza (La),Zarza (La),"38,8104204","-6,2482149"
6840,6004,1701,Alange,Alange,"38,7159998","-6,2588369"
6850,6012,1701,Arroyo de San Servan,Arroyo de San Servan,"38,8405129","-6,4609998"
6860,6046,1701,Esparragalejo,Esparragalejo,"38,945736","-6,4396888"
6870,6058,1701,Garrovilla (La),Garrovilla (La),"38,9225805","-6,482318"
6880,6132,1701,Torremayor,Torremayor,"38,9178092","-6,5676625"
6890,6145,1701,Valverde de Merida,Valverde de Merida,"38,9156764","-6,2269763"
6891,6084,1701,Mirandilla,Mirandilla,"39,0162115","-6,2907139"
6892,6135,1701,Trujillanos,Trujillanos,"38,9561434","-6,2482149"
6893,6119,1701,San Pedro de Merida,San Pedro de Merida,"38,9595354","-6,1845209"
6894,6009,1701,Aljucen,Aljucen,"39,0554433","-6,333242"
6900,6074,2201,Llerena,Llerena,"38,2242952","-6,0467429"
6906,6105,1701,Puebla del Maestre,Puebla del Maestre,"38,0957989","-6,0891032"
6907,6086,2201,Pallares,Pallares,"38,1024662","-6,1633042"
6908,6086,3801,Santa Maria de la Nava,S.maria de la Nava,"38,0014614","-6,0785104"
6909,6134,1701,Trasierra,Trasierra,"38,1634882","-6,022174"
6910,6059,1701,Granja de Torrehermosa,Granja de Torrehermosa,"38,3713564","-5,624767"
6919,6101,1701,Peraleda del Zaucejo,Peraleda del Zaucejo,"38,4992228","-5,5827334"
6920,6014,1701,Azuaga,Azuaga,"38,285297","-5,6668306"
6927,6144,1701,Valverde de Llerena,Valverde de Llerena,"38,204996","-5,8037437"
6928,6077,1701,Malcocinado,Malcocinado,"38,1038239","-5,7194522"
6929,6014,1799,Azuaga,*Diseminado*,"38,232732","-5,5564777"
6930,6019,1701,Berlanga,Berlanga,"38,2870261","-5,8459341"
6939,6076,1701,Maguilla,Maguilla,"38,3610715","-5,8353837"
6940,6003,1701,Ahillones,Ahillones,"38,2483911","-5,8828751"
6950,6150,1701,Villagarcia de la Torre,Villagarcia de la Torre,"38,30618","-6,0891032"
6960,6034,1701,Casas de Reina,Casas de Reina,"38,2186412","-5,9515399"
6970,6110,1701,Reina,Reina,"38,2018522","-5,8670405"
6980,6053,1799,Estacion,*Diseminado*,"38,1133786","-5,9515399"
7001,7040,12001,Palma,Palma,"39,5674685","2,6511914"
7002,7040,12001,Palma,Palma,"39,5719167","2,6542949"
7003,7040,12001,Palma,Palma,"39,576534","2,6499501"
7004,7040,12001,Palma,Palma,"39,5880103","2,6561571"
7005,7040,12001,Palma,Palma,"39,5782018","2,6617441"
7006,7040,12001,Palma,Palma,"39,5617364","2,6760251"
7007,7040,6901,Coll De'N Rabassa (Es),Coll De'N Rabassa (Es),"39,5636884","2,7033575"
7008,7040,12001,Palma,Palma,"39,5823929","2,6760251"
7009,7040,10801,Indioteria (Sa),Indioteria (Sa),"39,6056802","2,6735412"
7010,7010,2201,Bunyola,Bunyola,"39,609109","2,6362975"
7011,7040,12001,Palma,Palma,"39,6278954","2,6040436"
7012,7040,12001,Palma,Palma,"39,5714827","2,644985"
7013,7040,12001,Palma,Palma,"39,5868256","2,5941239"
7014,7040,9401,Genova,Genova,"39,5683645","2,6114849"
7015,7040,9401,Genova,Genova,"39,5558392","2,5941239"
7071,7040,17302,Son Sant Joan,Son Sant Joan,"40,463667","-3,74922"
7100,7061,2201,Horta (L'),Horta (L'),"39,7668286","2,7154936"
7101,7061,1701,Biniaraix,Biniaraix,"39,7679781","2,7319493"
7108,7061,3801,Port (El),Port (El),"39,799667","2,6971442"
7109,7025,1701,Fornalutx,Fornalutx,"39,7996435","2,7530936"
7110,7010,1701,Baix Des Puig,Baix Des Puig,"39,7131687","2,7083287"
7120,7040,7599,Creu Vermella (Sa),*Diseminado*,"39,6320483","2,6487087"
7140,7047,2201,Ca'S Cana,Ca'S Cana,"39,646509","2,9076094"
7141,7036,1701,Cabaneta (Sa),Cabaneta (Sa),"39,6302142","2,728219"
7142,7053,1799,Alqueries,*Diseminado*,"39,6225603","2,8327807"
7143,7047,1701,Biniali,Biniali,"39,6347878","2,8602042"
7144,7017,1701,Costitx,Costitx,"39,6608482","2,9525632"
7150,7005,1701,Andratx,Andratx,"39,595509","2,4307539"
7157,7005,3801,Port D'Andratx,Port D'Andratx,"39,549742","2,396174"
7159,7005,4301,Arraco (S'),Arraco (S'),"39,5967295","2,3714901"
7160,7005,2201,Camp de Mar (Es),Camp de Mar (Es),"39,5485087","2,4554698"
7170,7063,1701,Nogueral (Es),Nogueral (Es),"39,694377","2,6288523"
7179,7018,1701,Deya,Deya,"39,7504818","2,6536742"
7180,7011,12001,Santa Ponça,Santa Ponça,"39,506322","2,4950428"
7181,7011,1701,Cas Catala-Illetes (Ses),Cas Catala-Illetes (Ses),"39,5512221","2,5693337"
7183,7011,5601,Costa de la Calma,Costa de la Calma,"39,5195098","2,4826726"
7184,7011,3801,Calvia,Calvia,"39,5727499","2,5296971"
7190,7007,2201,Port Des Canonge (Es),Port Des Canonge (Es),"39,6544586","2,5693337"
7191,7007,1701,Banyalbufar,Banyalbufar,"39,6814295","2,514842"
7192,7021,1701,Estellencs,Estellencs,"39,651337","2,475252"
7193,7010,2201,Bunyola,Bunyola,"39,6673564","2,6834778"
7194,7045,2201,Puigpunyent,Puigpunyent,"39,6346921","2,5296971"
7195,7045,1701,Galilea,Galilea,"39,6081612","2,5037039"
7196,7011,4301,Capdella (Es),Capdella (Es),"39,5792922","2,4653598"
7198,7040,5602,Casa Blanca (Sa),Pinaret (El),"39,583881","2,7232456"
7199,7040,1701,Aranjassa (S'),Aranjassa (S'),"39,5668611","2,7879401"
7200,7022,3801,Felanitx,Felanitx,"39,469985","3,1428341"
7208,7022,1701,Cas Concos Des Cavaller,Cas Concos Des Cavaller,"39,4336404","3,1478514"
7209,7022,7599,Son Mesquida,*Diseminado*,"39,4962404","3,1277854"
7210,7004,1701,Algaida,Algaida,"39,563938","2,9076094"
7220,7004,3801,Pina,Pina,"39,6009608","2,9238378"
7230,7038,1701,Montuiri,Montuiri,"39,5619167","2,9875565"
7240,7049,1701,Sant Joan,Sant Joan,"39,5810151","3,0476046"
7250,7065,1701,Vilafranca de Bonany,Vilafranca de Bonany,"39,5587752","3,1077277"
7259,7901,1799,Ariany,*Diseminado*,"40,463667","-3,74922"
7260,7043,1701,Porreres,Porreres,"39,508962","3,0375914"
7300,7027,1701,Inca,Inca,"39,7073604","2,9475662"
7310,7012,1701,Campanet,Campanet,"39,7892291","2,9675572"
7311,7009,1701,Buger,Buger,"39,7631152","2,9825559"
7312,7034,1701,Mancor de la Vall,Mancor de la Vall,"39,7558283","2,862698"
7313,7058,4301,Selva,Selva,"39,7907419","2,9076094"
7314,7058,2201,Caimari,Caimari,"39,7729181","2,9001212"
7315,7019,1701,Cala Tuent - Sa Calobra,Cala Tuent,"39,8429155","2,8776638"
7316,7058,3801,Moscari,Moscari,"39,7668953","2,9350761"
7320,7056,1701,Santa Maria del Cami,Santa Maria del Cami,"39,6705344","2,7680247"
7330,7016,1701,Consell,Consell,"39,6640641","2,8228124"
7340,7001,1701,Alaro,Alaro,"39,7112905","2,7879401"
7349,7010,3801,Orient,Orient,"39,7477015","2,7730027"
7350,7008,1701,Biniagual,Biniagual,"39,6892321","2,847737"
7360,7029,1701,Lloseta,Lloseta,"39,714629","2,862698"
7369,7058,1701,Biniamar,Biniamar,"39,732473","2,8701803"
7400,7003,1701,Alcudia,Alcudia,"39,847813","3,0876783"
7420,7044,1701,Pobla (Sa),Pobla (Sa),"39,7876835","3,0275802"
7430,7030,1701,Llubi,Llubi,"39,7053079","3,0275802"
7440,7039,1701,Muro,Muro,"39,7454611","3,0676373"
7450,7055,1701,Ca'N Picafort,Ca'N Picafort,"39,7227232","3,1478514"
7458,7039,2201,Platja de Muro,Platja de Muro,"39,7855713","3,1077277"
7459,7055,3801,Son Serra de Marina,Son Serra de Marina,"39,7260902","3,2131232"
7460,7042,4301,Pollença,Pollença,"39,8799622","3,0375914"
7469,7042,3801,Cala de Sant Vicenç,Cala de Sant Vicenç,"39,9168349","3,0513601"
7470,7042,1701,Can Singala,Can Singala,"39,9020882","3,0751517"
7500,7033,6901,Manacor,Manacor,"39,5873077","3,1980527"
7509,7033,11501,Son Macia,Son Macia,"39,5147314","3,2080991"
7510,7060,1701,Sineu,Sineu,"39,6434535","3,0275802"
7511,7047,4301,Ruberts,Ruberts,"39,6224827","2,9400718"
7518,7028,1701,Lloret de Vistalegre,Lloret de Vistalegre,"39,619079","2,9725563"
7519,7035,1701,Maria de la Salut,Maria de la Salut,"39,6778324","3,0926899"
7520,7041,2201,Petra,Petra,"39,5995365","3,1277854"
7529,7901,1701,Ariany,Ariany,"39,6558708","3,1428341"
7530,7051,2201,Sant Llorenç Des Cardassa,Sant Llorenç Des Cardassa,"39,6263488","3,2784825"
7540,7051,3801,Son Carrio,Son Carrio,"39,5864421","3,3212646"
7550,7062,8101,Son Servera,Son Servera,"39,6340774","3,3691241"
7559,7062,2201,Cala Bona,Cala Bona,"39,6358505","3,3968535"
7560,7051,4301,Son Moro,Son Moro,"39,5875028","3,3741647"
7570,7006,1701,Arta,Arta,"39,6770509","3,3086778"
7579,7006,2201,Colonia de Sant Pere,Colonia de Sant Pere,"39,736763","3,3305243"
7580,7014,2201,Capdepera,Capdepera,"39,7147641","3,4296446"
7589,7014,3801,Font de Sa Cala,Font de Sa Cala,"39,6735516","3,4296446"
7590,7014,1701,Cala Ratjada,Cala Ratjada,"39,711368","3,4574079"
7600,7031,1701,Arenal (S'),Arenal (S'),"39,5209578","2,7630471"
7608,7040,13699,Pil.lari (Es),*Diseminado*,"40,463667","-3,74922"
7609,7031,4301,Badia Blava,Badia Blava,"39,4726336","2,8377656"
7610,7040,3801,Can Pastilla,Can Pastilla,"39,5293547","2,73568"
7620,7031,3801,Llucmajor,Llucmajor,"39,4842763","2,8901388"
7629,7004,5601,Randa,Randa,"39,527404","2,9225893"
7630,7013,1701,Campos,Campos,"39,4262136","3,0375914"
7638,7013,3801,Palmer (El),Palmer (El),"39,3211301","2,9950584"
7639,7013,2201,Covetes (Ses),Covetes (Ses),"39,3782456","2,8876436"
7640,7059,3801,Salines (Ses),Salines (Ses),"39,3327292","3,0476046"
7650,7057,5699,Costa (La),*Diseminado*,"39,3109414","3,0876783"
7659,7057,3801,Cala Figuera,Cala Figuera,"39,332322","3,1603968"
7660,7057,2201,Cala D'Or,Cala D'Or,"39,3770229","3,2307113"
7669,7022,4301,Horta (S'),Horta (S'),"39,4112991","3,2080991"
7670,7022,6901,Portocolom,Portocolom,"39,4362006","3,2432781"
7680,7033,1701,Cala Anguila-Cala Mendia,Cala Anguila-Cala Mendia,"39,5331558","3,2885455"
7687,7033,2201,S'Illot-Cala Morlanda,S'Illot-Cala Morlanda,"39,5646395","3,3615643"
7688,7033,3801,Cala Murada,Cala Murada,"39,4563311","3,2633918"
7689,7033,4301,Cales de Mallorca,Cales de Mallorca,"39,4767337","3,2734517"
7690,7057,6901,Llombards,Llombards,"39,335657","3,1328011"
7691,7057,1701,Alqueria Blanca,Alqueria Blanca,"39,3704286","3,1880083"
7700,7032,3801,Grau (Es),Grau (Es),"39,8772178","4,3038709"
7701,7032,10801,Mao,Mao,"39,9345868","4,2435893"
7702,7032,10801,Mao,Mao,"39,8861509","4,2615205"
7703,7032,10801,Mao,Mao,"39,8840511","4,2576916"
7710,7052,14101,Sant Lluis,Sant Lluis,"39,854392","4,2615383"
7711,7052,4301,Binibeca Vell,Binibeca Vell,"39,848658","4,2369718"
7712,7032,1701,Binixiquer,Binixiquer,"39,8745076","4,2025859"
7713,7052,1701,Alcaufar,Alcaufar,"39,8357579","4,2794935"
7714,7032,10802,Mao,Poima,"39,8859435","4,2410257"
7720,7064,1701,Trebaluger,Trebaluger,"39,8653496","4,2870064"
7730,7002,1701,Alaior,Alaior,"39,92839","4,1309067"
7740,7037,2201,Mercadal (Es),Mercadal (Es),"40,0012425","4,100217"
7748,7037,1702,Fornells,Cala Tirant,"40,0467898","4,1155596"
7749,7902,1701,Migjorn Gran (Es),Migjorn Gran (Es),"39,9418819","4,0388918"
7750,7015,2201,Barranch,Serpentona,"39,9751062","3,9674371"
7760,7015,3801,Ciutadella de Menorca,Ciutadella de Menorca,"40,0023631","3,8426291"
7769,7015,1799,Almudaina,*Diseminado*,"39,9778618","3,8858955"
7800,7026,1701,Eivissa,Eivissa,"38,9269573","1,4144827"
7810,7050,1701,Sant Joan de Labritja,Sant Joan de Labritja,"39,0717396","1,5111806"
7811,7050,4301,Sant Vicent de Sa Cala,Sant Vicent de Sa Cala,"39,0799086","1,5826356"
7812,7050,2201,Sant Llorenç de Balafia,Sant Llorenç,"39,0097066","1,4724751"
7814,7054,5601,Santa Gertrudis,Santa Gertrudis,"38,9893306","1,4338047"
7815,7050,3801,Sant Miquel de Balansat,Sant Miquel de Balansat,"39,0571461","1,4289734"
7816,7046,3801,Sant Mateu D'Eubarca,Sant Mateu D'Eubarca,"38,9691628","1,3758649"
7817,7048,4301,Sant Jordi de Ses Salines,Carroca (Sa),"38,8906965","1,3903425"
7818,7048,3899,Sant Francesc de S'Estany,*Diseminado*,"38,877292","1,3570622"
7819,7054,1701,Nuestra Señora de Jesus,Can Furnet,"38,9290042","1,4603869"
7820,7046,1799,Buscastell,*Diseminado*,"38,9904723","1,3372823"
7828,7046,5601,Santa Agnes de Corona,Santa Agnes de Corona,"39,0321774","1,3372823"
7829,7048,2201,Sant Agusti Des Vedra,Cala de Bou,"38,9495941","1,2602228"
7830,7048,2299,Sant Agusti Des Vedra,*Diseminado*,"38,9071989","1,3180042"
7839,7048,1799,Cubells (Es),*Diseminado*,"38,8919063","1,2842887"
7840,7054,4301,Santa Eulalia,Buenavista,"38,9855307","1,5281253"
7849,7054,3806,San Carlos,Cana (Es),"38,9677436","1,4918235"
7850,7054,3801,San Carlos,Barcarrompuda (Sa),"39,0501398","1,5693045"
7860,7024,2299,Cap de Barbaria (Es),*Diseminado*,"38,6810971","1,4193124"
7870,7024,8101,"Savina, la","Savina, la","38,729532","1,4205199"
7871,7024,4301,Pujols,Pujols,"38,7227662","1,4386366"
7872,7024,1701,Calo (Es),Calo (Es),"38,6690293","1,5450766"
8001,8019,1701,Barcelona,Barcelona,"41,3795863","2,1683571"
8002,8019,1701,Barcelona,Barcelona,"41,3819518","2,1757278"
8003,8019,1701,Barcelona,Barcelona,"41,3842701","2,1855573"
8004,8019,1701,Barcelona,Barcelona,"41,3722574","2,1585314"
8005,8019,1701,Barcelona,Barcelona,"41,3977365","2,2015347"
8006,8019,1701,Barcelona,Barcelona,"41,3999835","2,1487078"
8007,8019,1701,Barcelona,Barcelona,"41,3896482","2,1659005"
8008,8019,1701,Barcelona,Barcelona,"41,3947475","2,1609876"
8009,8019,1701,Barcelona,Barcelona,"41,3945632","2,1708139"
8010,8019,1701,Barcelona,Barcelona,"41,3919671","2,1757278"
8011,8019,1701,Barcelona,Barcelona,"41,3847326","2,1609876"
8012,8019,1701,Barcelona,Barcelona,"41,4023493","2,1560753"
8013,8019,1701,Barcelona,Barcelona,"41,4031163","2,181871"
8014,8019,1701,Barcelona,Barcelona,"41,3751275","2,1388864"
8015,8019,1701,Barcelona,Barcelona,"41,378633","2,1523914"
8016,8019,1701,Barcelona,Barcelona,"41,436921","2,1806423"
8017,8019,1701,Barcelona,Barcelona,"41,4171333","2,1008486"
8018,8019,1701,Barcelona,Barcelona,"41,40293","2,1917018"
8019,8019,1701,Barcelona,Barcelona,"41,4125664","2,2113698"
8020,8019,1701,Barcelona,Barcelona,"41,4227641","2,2015347"
8021,8019,1701,Barcelona,Barcelona,"41,397617","2,1413415"
8022,8019,1701,Barcelona,Barcelona,"41,4090402","2,1327491"
8023,8019,1701,Barcelona,Barcelona,"41,4125897","2,1437968"
8024,8019,1701,Barcelona,Barcelona,"41,4123152","2,1585314"
8025,8019,1701,Barcelona,Barcelona,"41,4083076","2,1720423"
8026,8019,1701,Barcelona,Barcelona,"41,4118532","2,1830997"
8027,8019,1701,Barcelona,Barcelona,"41,4230444","2,1867861"
8028,8019,1701,Barcelona,Barcelona,"41,3790881","2,1278398"
8029,8019,1701,Barcelona,Barcelona,"41,3888317","2,1425692"
8030,8019,1701,Barcelona,Barcelona,"41,4378689","2,196618"
8031,8019,1701,Barcelona,Barcelona,"41,4321952","2,1659005"
8032,8019,1701,Barcelona,Barcelona,"41,4235073","2,1622158"
8033,8019,1701,Barcelona,Barcelona,"41,4531556","2,181871"
8034,8019,1701,Barcelona,Barcelona,"41,3943819","2,1131154"
8035,8019,1701,Barcelona,Barcelona,"41,4264213","2,1401139"
8036,8019,1701,Barcelona,Barcelona,"41,3899238","2,1511635"
8037,8019,1701,Barcelona,Barcelona,"41,3990479","2,1652863"
8038,8019,1701,Barcelona,Barcelona,"41,3636056","2,1523914"
8039,8019,1701,Barcelona,Barcelona,"41,3570442","2,1683571"
8040,8019,1701,Barcelona,Barcelona,"41,3364545","2,1302944"
8041,8019,1701,Barcelona,Barcelona,"41,4182256","2,1769564"
8042,8019,1701,Barcelona,Barcelona,"41,4444592","2,170351"
8100,8124,1701,Mollet del Valles,Mollet del Valles,"41,5450948","2,2089109"
8104,8124,3899,Gallecs,*Diseminado*,"41,5628033","2,196618"
8105,8209,1701,Colonia Bosc Montealegre,Colonia Bosc Montealegre,"41,5096571","2,2335066"
8106,8256,1701,Sta Maria de Martorelles,Barri Colomer,"41,5166241","2,2605775"
8107,8115,1701,Martorelles,Martorelles,"41,532089","2,235967"
8110,8125,1701,Can Sant Joan,Can Sant Joan,"41,4904225","2,1941598"
8120,8105,1701,Llagosta (La),Llagosta (La),"41,5127697","2,2015347"
8130,8260,1701,Florida (La),Florida (La),"41,5356682","2,1794136"
8140,8033,1701,Caldes de Montbui,Caldes de Montbui,"41,6512425","2,1352039"
8146,8087,1701,Gallifa,Ferreria (La),"41,6914604","2,1155691"
8148,8079,1701,Estany (L'),Estany (L'),"41,8755064","2,1106617"
8150,8159,1799,Can Gosc,Diseminado,"41,564686","2,2285864"
8160,8135,1701,Montmeló,Montmeló,"41,5567683","2,2507317"
8161,8184,1701,Rubi,Rubi,"40,463667","-3,74922"
8170,8136,1701,Montornes Centre,Montornes Centre,"41,5439491","2,2679632"
8172,8205,3801,Sant Cugat del Valles,Sant Cugat del Valles,"41,4699731","2,0836809"
8173,8205,2201,Mira-Sol,Mira-Sol,"41,4573378","2,0910377"
8174,8205,3801,Sant Cugat del Valles,Sant Cugat del Valles,"41,4978645","2,0616178"
8175,8205,3801,Sant Cugat del Valles,Sant Cugat del Valles,"40,463667","-3,74922"
8178,8070,1701,Casetes (Les),Casetes (Les),"41,8296308","2,1744993"
8180,8138,1701,Moià,Moià,"41,8112127","2,0959429"
8181,8267,1701,Sentmenat,Sentmenat,"41,6113574","2,1352039"
8182,8210,1701,Sant Feliu de Codines,Sant Feliu de Codines,"41,6956211","2,1597595"
8183,8055,1701,Castellcir,Castellcir,"41,7515485","2,0959429"
8184,8079,1701,Estany (L'),Estany (L'),"41,59067","2,1744993"
8185,8108,2299,Pla (El),*Diseminado*,"41,5846483","2,2285864"
8186,8107,1701,Pla (El),Nucli Urba,"41,6145781","2,2285864"
8187,8248,1701,Bonaire (El),Bonaire (El),"41,6493805","2,2335066"
8188,8296,1701,Vallromanes,Casc Urbà,"41,5233876","2,2975183"
8189,8239,1701,Sant Quirze Safaja,Sant Quirze Safaja,"41,7301909","2,1744993"
8190,8205,3801,Sant Cugat del Valles,Sant Cugat del Valles,"40,463667","-3,74922"
8191,8184,1701,Rubi,Rubi,"41,4936457","2,0175242"
8192,8238,1701,Fonts (Les),Fonts (Les),"41,5276681","2,0714223"
8193,8266,1701,Cerdanyola del Valles,Cerdanyola del Valles,"41,4973352","2,0910377"
8194,8238,1701,Fonts (Les),Fonts (Les),"41,5239187","2,0365036"
8195,8205,2201,Mira-Sol,Mira-Sol,"41,4705875","2,0493652"
8196,8205,1701,Floresta (La),Floresta (La),"41,4345142","2,1082083"
8197,8205,1701,Floresta (La),Floresta (La),"41,4582155","2,0420152"
8198,8205,1701,Floresta (La),Floresta (La),"41,4399628","2,0836809"
8201,8187,1799,Berard,*Diseminado*,"41,5457977","2,1045283"
8202,8187,2201,Salut (La),Poblenou,"41,5565589","2,1302944"
8203,8187,3801,Sabadell,Sabadell,"41,5344043","2,1131154"
8204,8187,3801,Sabadell,Sabadell,"41,5281384","2,1143422"
8205,8187,1799,Berard,*Diseminado*,"41,5195982","2,1033017"
8206,8187,1701,Berard,Castell-Arnau,"41,5574545","2,0812289"
8207,8187,3801,Sabadell,Sabadell,"41,5775971","2,0714223"
8208,8187,3801,Sabadell,Sabadell,"41,5669037","2,1106617"
8210,8252,2201,Barberà del Vallès,Barberà del Vallès,"41,5164233","2,1401139"
8211,8051,1701,Airesol,Airesol A-B,"41,6323786","2,0763253"
8212,8223,1701,Sant Llorenç Savall,Sant Llorenç Savall,"41,6827382","2,0469151"
8213,8167,1701,Polinyà,Polígono 1,"41,5560111","2,1597595"
8214,8904,1701,Badia del Valles,Badia del Valles,"41,5081546","2,1143422"
8221,8279,4305,Terrassa,Terrassa,"41,561125","2,0150758"
8222,8279,4305,Terrassa,Terrassa,"41,5659455","2,0248701"
8223,8279,4305,Terrassa,Terrassa,"41,5509681","2,0248701"
8224,8279,4305,Terrassa,Terrassa,"41,5490256","1,9930466"
8225,8279,4303,Terrassa,Pla del Bon Aire (El),"41,5942004","1,9783666"
8226,8279,4305,Terrassa,Terrassa,"41,5759282","2,0248701"
8227,8279,4302,Terrassa,Font L'Espardenyera (La),"41,5679653","2,0518154"
8228,8238,1701,Fonts (Les),Fonts (Les),"41,5381817","2,0420152"
8230,8120,1701,Matadepera,Barri de Sant Llorenç,"41,633763","1,9979411"
8231,8290,1701,Ullastrell,Ullastrell,"41,5295517","1,9636914"
8232,8300,1701,Viladecavalls,Viladecavalls,"41,5546052","1,9588007"
8233,8291,1701,Vacarisses,Vacarisses,"41,5951917","1,9196949"
8240,8113,1799,Cami del Suanya,*Diseminado*,"41,6986126","1,8440259"
8241,8113,4399,Ferreres (Les),*Diseminado*,"41,7215972","1,8074586"
8242,8113,6901,Manresa,Manresa,"41,7411984","1,8269573"
8243,8113,5699,Guix (El),*Diseminado*,"41,7209792","1,8464648"
8250,8218,1799,Joncadella,*Diseminado*,"41,7615593","1,7977124"
8251,8062,1701,Castellnou de Bages,Castellnou de Bages,"41,8158674","1,8220818"
8253,8098,1701,Raval de Coll D'Arboç,Coll D'Arboç,"41,6774553","1,7636181"
8254,8182,1701,Pont Vilomara I Rocafort,Pont de Vilomara (El),"41,7001107","1,9050391"
8255,8059,1701,Castellfollit del Boix,Castellfollit del Boix,"41,6789017","1,6663523"
8256,8002,1701,Aguilar de Segarra,Aguilar de Segarra,"41,7291186","1,6710834"
8259,8084,1701,Camps,Camps,"41,7577002","1,7246856"
8260,8274,1701,Súria,Súria,"41,8366507","1,7636181"
8261,8047,2201,Cardona,Cardona,"41,8976765","1,6663523"
8262,8038,1701,Antius,Antius,"41,7965959","1,7830973"
8263,8229,1799,Castelltallat,*Diseminado*,"41,8182239","1,6663523"
8269,8141,1701,Castelladral,Castelladral,"41,8573961","1,7052325"
8270,8140,1701,Navarcles,Navarcles,"41,7497243","1,9148091"
8271,8010,1701,Artés,Artés,"41,798798","1,9539106"
8272,8213,1701,Rosaleda de Bages (La),Rosaleda de Bages (La),"41,755262","1,8806237"
8273,8258,1799,Raval de la Rovirola (El),*Diseminado*,"41,8715183","2,0567163"
8274,8212,1701,Sant Feliu Sasserra,Sant Feliu Sasserra,"41,936959","2,002836"
8275,8034,1701,Calders,Calders,"41,7731841","1,9979411"
8278,8139,1701,Mura,Mura,"41,693896","1,9783666"
8279,8012,1701,Avinyó,Avinyó,"41,8728901","1,9783666"
8280,8031,1701,Calaf,Calaf,"41,7257971","1,5160212"
8281,8036,1701,Aleny,Aleny,"41,7702607","1,5402327"
8282,8176,1799,Conill,*Diseminado*,"41,7019523","1,4338047"
8289,8071,1701,Copons,Copons,"41,6613587","1,4918235"
8290,8266,1701,Cerdanyola del Valles,Cerdanyola del Valles,"41,4715315","2,1352039"
8291,8180,1701,Ripollet,Ripollet,"41,4960695","2,1597595"
8292,8076,1701,Can Rial,Can Rial,"41,5562225","1,8611011"
8293,8069,2201,Collbató,Collbató,"41,5768136","1,8220818"
8294,8025,1701,Bruc (El),Bruc (El),"41,6176371","1,7636181"
8295,8262,1799,Boadas,*Diseminado*,"41,6707039","1,8757422"
8296,8053,1799,Can Serra I Padro,*Diseminado*,"41,6360521","1,8611011"
8297,8061,1701,Fabrica (La),Fabrica (La),"41,6814512","1,8269573"
8298,8242,1799,Colonia Puig (La),*Diseminado*,"41,6320715","1,7977124"
8299,8179,1701,Codines (Les),Codines (Les),"41,6401585","1,9148091"
8301,8121,1701,Mataro,Mataro,"41,5427647","2,4480536"
8302,8121,1701,Mataro,Mataro,"41,5330915","2,4332249"
8303,8121,1701,Mataro,Mataro,"41,5431825","2,428283"
8304,8121,1701,Mataro,Mataro,"41,5600797","2,4554698"
8310,8009,1701,Argentona,Argentona,"41,5613266","2,396174"
8317,8153,1701,Òrrius,Òrrius,"41,5523575","2,3468195"
8318,8075,1704,Dosrius,Dosrius,"41,5997853","2,4653598"
8319,8075,1704,Dosrius,Dosrius,"41,6008313","2,4159308"
8320,8118,1701,Masnou (El),Masnou (El),"41,4805684","2,3147677"
8328,8003,1701,Alella,Casc Urba,"41,5035994","2,2876645"
8329,8281,1701,Teia Centre,Manso Arnau,"41,5030095","2,3172324"
8330,8172,1701,Premia de Mar,Premia de Mar,"41,4946642","2,3591531"
8338,8230,2201,Nucli Antic,Nucli Antic,"41,5024115","2,3468195"
8339,8214,1701,Vilassar de Dalt,Vilassar de Dalt,"41,5223953","2,3468195"
8340,8219,1701,Vilassar de Mar,Vilassar de Mar,"41,5041512","2,3838304"
8348,8030,1701,Cabrils,Cabrils,"41,5319814","2,3665549"
8349,8029,1701,Cabrera de Mar,Agell,"41,5211753","2,4060513"
8350,8006,1701,Arenys de Mar,Arenys de Mar,"41,5855397","2,5470339"
8358,8007,1701,Arenys de Munt,Arenys de Munt,"41,6082578","2,5346498"
8359,8193,1701,Sant Iscle de Vallalta,Sant Iscle de Vallalta,"41,6423869","2,5693337"
8360,8040,1701,Canet de Mar,Canet de Mar,"41,6076006","2,5643773"
8370,8035,1701,Calella,Calella,"41,6257519","2,6437438"
8380,8110,1701,Malgrat de Mar,Malgrat de Mar,"41,6528561","2,7630471"
8384,8030,1701,Cabrils,Cabrils,"40,463667","-3,74922"
8389,8155,1701,Palafolls,Palafolls,"41,6734928","2,7331928"
8390,8126,1701,Montgat,Barri Antic,"41,4712564","2,2802755"
8391,8282,1701,Tiana,Tiana,"41,4839972","2,2679632"
8392,8197,1701,Sant Andreu de Llavaneres,Sant Andreu de Llavaneres,"41,579406","2,4851463"
8393,8032,1701,Caldes D'Estrac,Caldes D'Estrac,"41,5698407","2,5235069"
8394,8264,1701,Sant Vicenç de Montalt,Sant Vicenç de Montalt,"41,5789778","2,5049414"
8395,8235,1703,Sant Pol de Mar,Sant Pol de Mar,"41,6064873","2,6139655"
8396,8203,1701,Sant Cebrià de Vallalta,Sant Cebrià de Vallalta,"41,6414961","2,6090043"
8397,8163,1701,Pineda de Mar,Can Cornet,"41,6350339","2,6735412"
8398,8261,1701,Casc Urbà-Santa Susanna,Casc Urbà,"41,6501786","2,6966775"
8401,8096,1701,Granollers,Granollers,"41,6059894","2,2852014"
8402,8096,1701,Granollers,Granollers,"41,5959156","2,2901277"
8403,8096,1701,Granollers,Granollers,"41,5838808","2,2679632"
8410,8902,1708,Vilanova del Valles,Nucli Urbà,"41,5531532","2,3073743"
8415,8023,2299,Vallrroja I El Pla,*Diseminado*,"41,6747675","2,2089109"
8416,8023,3801,Riells del Fai,Boscos de Riells,"41,7023001","2,2015347"
8420,8041,1799,Serra (La),*Diseminado*,"41,6237835","2,2679632"
8430,8181,1701,Roca del Vallès (La),Roca del Vallès (La),"41,5875929","2,3320235"
8440,8042,1799,Cànoves,*Diseminado*,"41,641945","2,3566861"
8445,8042,1701,Cànoves,Cànoves,"41,7072025","2,3320235"
8450,8106,1701,Llinars del Vallès,Casco Urbano,"41,639776","2,4014836"
8455,8306,1701,Vilalba Sasserra,Vilalba Sasserra,"41,6372336","2,4628871"
8458,8223,1799,Sant Llorenç Savall,*Diseminado*,"41,7059896","2,3912362"
8459,8198,1799,Alfou,*Diseminado*,"41,6610643","2,396174"
8460,8137,1701,Montseny,Montseny,"41,6848279","2,4505255"
8461,8207,1701,Sant Esteve Palautordera,Sant Esteve Palautordera,"41,7102452","2,4258123"
8469,8137,1701,Montseny,Montseny,"41,7855837","2,3912362"
8470,8039,1701,Campins,Campins,"41,6826815","2,5495112"
8471,8294,1799,Vallgorguina,*Diseminado*,"41,6436961","2,5098914"
8472,8039,1701,Campins,Campins,"41,7293138","2,4653598"
8474,8097,1701,Gualba,Gualba,"41,7437079","2,4900943"
8476,8202,1701,Batlloria (La),Batlloria (La),"41,7197442","2,5618993"
8479,8081,2299,Costa del Montseny (La),*Diseminado*,"41,7644508","2,4505255"
8480,8005,1701,Ametlla del Vallès (L'),Ametlla del Vallès (L'),"41,6638505","2,2581158"
8490,8284,1701,Tordera,Can Nadal,"41,6994414","2,688447"
8495,8082,1799,Fogars de la Selva,*Diseminado*,"41,7207249","2,6288523"
8500,8298,1701,Vic,Vic,"41,9273762","2,2531929"
8503,8100,1701,Gurb,Gurb,"41,9580697","2,2039933"
8504,8220,1701,Sant Julià de Vilatorta,Sant Julià de Vilatorta,"41,9055695","2,3517526"
8505,8129,1701,Muntanyola,Fontanelles,"41,9141041","2,1695855"
8506,8037,1701,Calldetenes,Calldetenes,"41,9215421","2,2975183"
8507,8246,1701,Santa Eugènia de Berga,Santa Eugènia de Berga,"41,9120151","2,2778128"
8508,8117,1701,Burrisola,Burrisola,"42,0272145","2,2138289"
8509,8117,7599,Gleva (La),*Diseminado*,"41,9926534","2,2089109"
8510,8116,2201,Cases Noves (Les),Cases Noves (Les),"41,9856714","2,3123031"
8511,8254,1701,Cantonigros,Cantonigros,"42,0438683","2,3714901"
8512,8215,1701,Sant Hipòlit de Voltregà,Sant Hipòlit de Voltregà,"42,0156261","2,2371972"
8513,8171,1701,Prats de Lluçanès,Prats de Lluçanès,"41,9960792","2,0224213"
8514,8109,1799,Lluçà,*Diseminado*,"42,0502695","2,037116"
8515,8225,1701,Sant Martí D'Albars,Sant Martí D'Albars,"42,0250906","2,0616178"
8516,8149,1701,Olost,Olost,"42,0045792","2,1008486"
8517,8255,2299,Sant Martí de Merlès,*Diseminado*,"42,0019642","1,9685826"
8518,8151,2201,Raval de Sant Feliu (El),Raval de Sant Feliu (El),"41,9505296","2,0763253"
8519,8083,1701,Folgueroles,Folgueroles,"41,9541291","2,4011124"
8520,8086,1701,Corro D'Amunt,Corro D'Amunt,"41,6478275","2,3123031"
8521,8086,5601,Bellavista,Bellavista,"41,6194344","2,2987502"
8529,8129,1799,Muntanyola,*Diseminado*,"41,8697249","2,1548473"
8530,8042,1799,Cànoves,*Diseminado*,"41,6933493","2,2778128"
8540,8067,1701,Centelles,Centelles,"41,7838723","2,2285864"
8550,8017,2201,Hostalets Balenyà (Els),Hostalets Balenyà (Els),"41,8238197","2,2187476"
8551,8283,1701,Tona,Tona,"41,848748","2,2138289"
8552,8278,3801,Gurri (El),Gurri (El),"41,8670665","2,2925911"
8553,8269,1701,Seva,Seva,"41,832407","2,2876645"
8554,8269,2201,Sant Miquel de Balenyà,Sant Miquel de Balenyà,"41,8441884","2,256885"
8559,8026,1799,Brull (El),*Diseminado*,"41,8066775","2,3320235"
8560,8112,1701,Manlleu,Manlleu,"42,0111171","2,2778128"
8569,8254,1701,Cantonigros,Cantonigros,"42,0422133","2,4505255"
8570,8285,2201,Torelló,Torelló,"42,0410065","2,2679632"
8571,8265,1701,Borgonya,Borgonya,"42,0633155","2,2655012"
8572,8233,1701,Sant Pere de Torelló,Sant Pere de Torelló,"42,0842384","2,3320235"
8573,8150,1701,Colonia Ymbern,Colonia Ymbern,"42,0667934","2,2138289"
8580,8237,1701,Sant Quirze de Besora,Sant Quirze de Besora,"42,1013063","2,2187476"
8587,8004,1701,Alpens,Alpens,"42,1234626","2,0910377"
8588,8272,1701,Sora,Sora,"42,1070927","2,1744993"
8589,8131,1701,Montesquiu,Montesquiu,"42,0481265","2,1548473"
8590,8134,1701,Figaró-Montmany,Figaró,"41,7136519","2,2581158"
8591,8014,1701,Aiguafreda,Aiguafreda,"41,7831042","2,2679632"
8592,8224,1701,Abella (L'),Abella (L'),"41,7493449","2,2138289"
8593,8276,1701,Avenco,Avenco,"41,7478053","2,2925911"
8600,8022,1701,Berga,Berga-Ciutat,"42,097993","1,8464648"
8604,8057,1799,Castell de L'Areny,*Diseminado*,"42,1705664","1,9392435"
8605,8130,1701,Montclar,Montclar,"42,0199145","1,7782267"
8610,8011,1701,Avià,Avià,"42,0736589","1,8220818"
8611,8144,1702,Olvan,Olvan,"40,463667","-3,74922"
8612,8132,1701,Montmajor,Montmajor,"41,9956763","1,7441475"
8613,8299,1701,Vilada,Vilada,"42,1313876","1,9196949"
8614,8078,1799,Cint (El),*Diseminado*,"42,0550793","1,7441475"
8619,8024,1701,Borredà,Borredà,"42,1501511","1,9783666"
8620,8263,1701,Sant Vicenç Dels Horts,Sant Vicenç Dels Horts,"41,3888363","2,002836"
8629,8289,1701,Torrelles de Llobregat,Can Guey,"41,3592867","1,9734743"
8630,8001,13601,Entitat Est D'Abrera,Can Sucarrats I Can Morag,"41,5153044","1,9196949"
8635,8208,2201,Can Bargallo,Can Bargallo,"41,4910385","1,8757422"
8640,8147,1701,Olesa de Montserrat,Olesa de Montserrat,"41,5555859","1,900155"
8650,8191,1701,Botjosa (La),Botjosa (La),"41,8048278","1,8903882"
8660,8018,1701,Balsareny,Balsareny,"41,8549844","1,8611011"
8670,8141,1799,Castelladral,*Diseminado*,"41,8953192","1,8220818"
8672,8090,1701,Galera,Galera,"41,9334163","1,9196949"
8673,8308,1799,Sant Joan de Montdarn,*Diseminado*,"41,9551382","1,8025852"
8680,8092,1701,Bassacs,Bassacs,"42,0281086","1,8855057"
8690,8244,1701,Colònia Güell,Colònia Güell (La),"41,36846","2,0224213"
8691,8127,1701,Monistrol de Montserrat,Monistrol de Montserrat,"41,611353","1,8464648"
8692,8175,1701,Ametlla de Merola (La),Ametlla de Merola (La),"41,9740306","1,8611011"
8693,8049,1701,Ametlla de Casserres (L'),Ametlla de Casserres (L'),"42,0142781","1,8220818"
8694,8099,1701,Guardiola de Berguedà,Guardiola de Berguedà,"42,2501433","1,900155"
8695,8016,1701,Bagà,Bagà,"42,2711189","1,8220818"
8696,8052,1701,Castellar de N'Hug,Castellar de N'Hug,"42,2391339","1,9685826"
8697,8190,1703,Saldes,Saldes,"42,232893","1,7441475"
8698,8142,1799,Nou de Berguedà (La),*Diseminado*,"42,1621397","1,851343"
8699,8011,6901,Cal Rosal,Cal Rosal,"42,1925298","1,8025852"
8700,8102,1701,Igualada,Igualada,"41,5847817","1,6226538"
8710,8250,1701,Santa Margarida Montbui,Santa Margarida Montbui A,"41,5605599","1,5693045"
8711,8143,1701,Raval D'Aguilera (El),Raval D'Aguilera (El),"41,6196377","1,627507"
8712,8226,1701,Sant Martí de Tous,Sant Martí de Tous,"41,5613357","1,5111806"
8717,8008,2299,Argençola,*Diseminado*,"41,6022534","1,4338047"
8719,8063,1701,Castelloli,Castelloli,"41,640391","1,5693045"
8720,8305,1799,Bordallet (El),*Diseminado*,"41,3435845","1,7003706"
8729,8058,1701,Casetes la Gornal (Les),Casetes la Gornal (Les),"41,2590817","1,6469253"
8730,8251,2201,Cal Rubio,Cal Rubio,"41,3140674","1,6614947"
8731,8013,4301,Gunyoles (Les),Gunyoles (Les),"41,3797106","1,627507"
8732,8058,5601,San Marçal,San Marçal,"41,3398934","1,6080974"
8733,8164,1701,Bonavista,Bonavista,"41,4134268","1,7198215"
8734,8013,1701,Arboçar (L'),Arboçar (L'),"41,3181561","1,7246856"
8735,8304,1701,Bellver,Bellver,"41,3842357","1,6614947"
8736,8085,1701,Alzinar (L'),Alzinar (L'),"41,4192167","1,6663523"
8737,8288,1799,Berna (La),*Diseminado*,"41,40055","1,5693045"
8738,8168,1799,Camp D'Ases,*Diseminado*,"41,4162825","1,5160212"
8739,8085,3801,Grabuach I la Fanga,Grabuach,"41,3971439","1,8025852"
8740,8196,3801,Sant Andreu de la Barca,Sant Andreu de la Barca,"41,4495705","1,9636914"
8750,8123,1701,Molins de Rei,Molins de Rei,"41,4181889","2,0420152"
8753,8157,1701,Fontpineda,Fontpineda,"41,4219252","1,9710284"
8754,8158,1701,Papiol (El),Papiol (El),"41,4387219","2,0126276"
8755,8054,1701,Castellbisbal,Castellbisbal,"41,4743265","1,9783666"
8756,8905,1701,Can Iglèsies,Can Iglèsies,"41,4120811","1,961246"
8757,8072,1701,Amunt (L'),Amunt (L') (Barri),"41,4202064","1,9245812"
8758,8068,1701,Cervelló,Cervelló,"41,3896747","1,9539106"
8759,8295,2201,Casetes (Les),Casetes Julia,"41,3752229","1,9196949"
8760,8114,1701,Can Bros,Can Bros,"41,4803984","1,9148091"
8769,8066,1701,Àngels (Els),Àngels (Els),"41,4502292","1,9245812"
8770,8202,6901,Sant Celoni,Sant Celoni,"41,4374918","1,7830973"
8773,8122,1799,Can Paixano,*Diseminado*,"41,4798069","1,627507"
8775,8287,1701,Can Nadal de la Bogadella,Can Nadal de la Bogadella,"41,4434555","1,7198215"
8776,8232,1701,Sant Pere de Riudebitlles,Sant Pere de Riudebitlles,"41,4637537","1,7003706"
8777,8236,1701,Sant Quintí de Mediona,Sant Quintí de Mediona,"41,4543156","1,6614947"
8779,8104,1701,Llacuna (La),Llacuna (La),"41,4611283","1,5305465"
8780,8157,2201,Magina (La),Magina (La),"41,4190447","1,9930466"
8781,8162,1799,Can Gras,*Diseminado*,"41,5322568","1,7977124"
8782,8119,3801,Beguda Alta (La),Beguda Alta (La),"41,5003553","1,8403678"
8783,8119,2201,Masquefa,Masquefa,"41,4972029","1,8025852"
8784,8161,1701,Bedorc (El),Bedorc (El),"41,518091","1,7441475"
8785,8028,1799,Can Feixes,*Diseminado*,"41,523597","1,710095"
8786,8044,1701,Capellades,Capellades,"41,5314129","1,6882181"
8787,8048,1701,Carme,Carme,"41,5013861","1,5111806"
8788,8302,1701,Vilanova del Camí,Vilanova del Camí,"41,564678","1,6323607"
8789,8286,1701,Torre Baixa (La),Torre Baixa,"41,5243069","1,6614947"
8790,8091,1701,Gelida,Gelida,"41,4362607","1,8611011"
8791,8222,1701,Beguda Alta (La),Beguda Alta (La),"41,4765899","1,8415871"
8792,8094,1701,Granada (La),Granada (La),"41,3832365","1,7295503"
8793,8013,1701,Arboçar (L'),Arboçar (L'),"41,3573723","1,7830973"
8794,8027,1701,Cabanyes (Les),Cabanyes (Les),"41,3725593","1,6894332"
8795,8146,2201,Olesa de Bonesvalls,Olesa de Bonesvalls,"41,3561415","1,8611011"
8796,8154,1701,Pacs del Penedès,Pacs del Penedès,"41,3640565","1,6712104"
8797,8174,1701,Puigdàlber,Puigdàlber,"41,4011622","1,7028015"
8798,8013,5601,Sant Sebastia Dels Gorgs,Sant Sebastià Dels Gorgs,"41,3629043","1,7490143"
8799,8145,3801,Sant Pere Molanta,Sant Pere Molanta,"41,3504866","1,7417143"
8800,8307,1701,Vilanova I la Geltru,Vilanova I la Geltru,"41,2381518","1,7052325"
8801,8279,4305,Terrassa,Terrassa,"40,463667","-3,74922"
8810,8231,1701,Can Macia,Can Macia,"41,2570604","1,7830973"
8811,8043,1701,Canyelles,Canyelles,"41,2831146","1,7198215"
8812,8231,2299,Puigmolto,*Diseminado*,"41,2324752","1,7490143"
8818,8148,1701,Olivella,Olivella,"41,3018445","1,8074586"
8820,8169,1701,Prat de Llobregat (El),Prat de Llobregat (El),"41,3120158","2,0959429"
8830,8200,1701,Sant Boi de Llobregat,Sant Boi de Llobregat,"41,3327758","2,0567163"
8840,8301,1701,Viladecans,Viladecans,"41,2981089","2,0322172"
8849,8204,1701,Sant Climent de Llobregat,Sant Climent de Llobregat,"41,3290475","1,9832594"
8850,8089,4301,Gava,Gava,"41,2987914","1,9930466"
8859,8020,1701,Begues,Barceloneta (La),"41,3154028","1,900155"
8860,8056,1701,Castelldefels,Castelldefels,"41,2792267","1,9636914"
8870,8270,1701,Botigues (Les),Garraf II Urbanitzacio,"41,2609286","1,8562218"
8871,8270,1703,Botigues (Les),Rat-Penat (Urbanizacion),"41,2515696","1,891609"
8880,8074,1701,Cubelles,Clot Basso I Mota S Pere,"41,2136736","1,6614947"
8901,8101,1701,Hospitalet Llobregat (L'),Hospitalet Llobregat (L'),"41,3607303","2,1045283"
8902,8101,1701,Hospitalet Llobregat (L'),Hospitalet Llobregat (L'),"41,364151","2,1229311"
8903,8101,1701,Hospitalet Llobregat (L'),Hospitalet Llobregat (L'),"41,3703903","2,1241583"
8904,8101,1701,Hospitalet Llobregat (L'),Hospitalet Llobregat (L'),"41,3730301","2,116796"
8905,8101,1701,Hospitalet Llobregat (L'),Hospitalet Llobregat (L'),"41,3694303","2,1082083"
8906,8101,1701,Hospitalet Llobregat (L'),Hospitalet Llobregat (L'),"41,3658296","2,0996222"
8907,8101,1701,Hospitalet Llobregat (L'),Hospitalet Llobregat (L'),"41,3494786","2,1033017"
8908,8101,1701,Hospitalet Llobregat (L'),Hospitalet Llobregat (L'),"41,3491194","2,1229311"
8911,8015,1701,Badalona,Badalona,"41,4518333","2,2507317"
8912,8015,1701,Badalona,Badalona,"41,4420207","2,240888"
8913,8015,1701,Badalona,Badalona,"41,43872","2,2175179"
8914,8015,1701,Badalona,Badalona,"41,4435807","2,2248966"
8915,8015,1701,Badalona,Badalona,"41,4668363","2,2507317"
8916,8015,1701,Badalona,Badalona,"41,474766","2,2285864"
8917,8015,1701,Badalona,Badalona,"41,4547638","2,2285864"
8918,8015,1701,Badalona,Badalona,"41,4321101","2,235967"
8921,8245,1701,Santa Coloma de Gramenet,Santa Coloma de Gramenet,"41,4538682","2,2101403"
8922,8245,1701,Santa Coloma de Gramenet,Santa Coloma de Gramenet,"41,4488664","2,2101403"
8923,8245,1701,Santa Coloma de Gramenet,Santa Coloma de Gramenet,"41,443817","2,2125994"
8924,8245,1701,Santa Coloma de Gramenet,Santa Coloma de Gramenet,"41,4653319","2,1990763"
8930,8194,1701,Sant Adria de Besos,Sant Adria de Besos,"41,4223872","2,2212071"
8940,8073,1701,Almeda Mercader,Almeda Mercader,"41,3573949","2,0812289"
8950,8077,1701,Esplugues de Llobregat,Esplugues de Llobregat,"41,3772561","2,0910377"
8960,8221,1701,Sant Just Desvern,Sant Just Desvern,"41,3876262","2,0714223"
8970,8217,1701,Sant Joan Despi,Sant Joan Despi,"41,365393","2,0542658"
8980,8211,1701,Sant Feliu de Llobregat,Sant Feliu de Llobregat,"41,3979911","2,0518154"
9001,9059,1701,Burgos,Burgos,"42,3240601","-3,7130493"
9002,9059,1701,Burgos,Burgos,"42,3323339","-3,685144"
9003,9059,1701,Burgos,Burgos,"42,3462658","-3,7105118"
9004,9059,1701,Burgos,Burgos,"42,3431919","-3,6914848"
9005,9059,1701,Burgos,Burgos,"42,3479443","-3,696558"
9006,9059,1701,Burgos,Burgos,"42,3691152","-3,6876803"
9007,9059,1701,Burgos,Burgos,"42,3605822","-3,6471162"
9100,9211,1701,Melgar de Fernamental,Melgar de Fernamental,"42,4031835","-4,264103"
9107,9024,1701,Arenillas de Riopisuerga,Arenillas de Riopisuerga,"42,296989","-4,2128337"
9108,9088,1701,Castrillo de Riopisuerga,Castrillo de Riopisuerga,"42,5027669","-4,2230836"
9109,9091,5601,Villasilos,Villasilos,"42,3785948","-4,1309067"
9110,9091,1701,Castrojeriz,Castrojeriz,"42,2897582","-4,1411406"
9119,9034,1701,Balbases (Los),Balbases (Los),"42,2226787","-4,0899911"
9120,9427,22801,Villadiego,Villadiego,"42,5101099","-4,0184661"
9121,9211,2201,San Llorente de la Vega,San Llorente de la Vega,"42,4424325","-4,264103"
9123,9363,2201,Citores del Paramo,Citores del Paramo,"42,3829397","-4,0082563"
9124,9175,1701,Congosto,Congosto,"42,6152487","-4,0899911"
9125,9045,4301,Fuente-Urbel,Fuente-Urbel,"42,585939","-3,8044831"
9126,9045,2201,Barrio-Panizares,Barrio-Panizares,"42,6883","-3,9572374"
9127,9045,1701,Arcellares del Tozo,Arcellares del Tozo,"42,7338962","-4,0491077"
9128,9148,1701,Grijalba,Grijalba,"42,4571086","-4,1309067"
9129,9427,1701,Acedillo,Acedillo,"42,5730817","-3,8960811"
9130,9304,1701,Rabe de Las Calzadas,Rabe de Las Calzadas,"42,3397213","-3,8349976"
9131,9259,1701,Lodoso,Lodoso,"42,418311","-3,8349976"
9133,9166,1701,Borcos,Borcos,"42,5034871","-3,9266502"
9135,9373,2201,Barrio de San Felices,Barrio de San Felices,"42,5716817","-4,2128337"
9136,9373,1701,Amaya,Amaya,"42,6217065","-4,1820961"
9140,9287,1701,Quintanaortuño,Quintanaortuño,"42,4236212","-3,6724649"
9141,9001,1701,Abajas,Abajas,"42,5507563","-3,682608"
9142,9905,1701,Cortiguera,Cortiguera,"42,6668262","-3,7232005"
9143,9361,3801,Moradillo del Castillo,Moradillo del Castillo,"42,7018726","-3,8451731"
9144,9361,2201,Lorilla,Lorilla,"42,7627734","-3,990394"
9145,9361,1701,Ayoluengo,Ayoluengo,"42,7705091","-3,8349976"
9146,9014,8101,Quintanilla-Colina,Quintanilla-Colina,"42,8511403","-3,7536663"
9150,9166,2201,Espinosilla San Bartolome,Espinosilla San Bartolome,"42,5075989","-3,8044831"
9159,9902,5601,Nuez de Abajo (La),Nuez de Abajo (La),"42,4629746","-3,8197381"
9191,9176,1701,Hurones,Mijaradas (Las),"42,4261838","-3,5913939"
9192,9059,4301,Cotar,Cotar,"42,3685091","-3,5509074"
9193,9059,3801,Cortes,Cortes,"42,3076176","-3,6116494"
9194,9030,2201,Ausines (Los),Quintanilla,"42,2294845","-3,5913939"
9195,9023,1701,Arcos,Arcos,"42,2840484","-3,7333537"
9197,9372,1701,Sotragero,Sotragero,"42,4074259","-3,7181247"
9198,9086,1704,Castrillo del Val,Urbanizacion Tomillares,"42,280919","-3,5205641"
9199,9026,1701,Ages,Ages,"42,3239288","-3,3993751"
9200,9219,3801,Azucarera Leopoldo,Azucarera Leopoldo,"42,6938537","-2,9625587"
9210,9412,3801,Cormenzana,Cormenzana,"42,8025201","-3,2734517"
9211,9134,1701,Frias,Frias,"42,7584928","-3,2784825"
9212,9213,18901,Santa Coloma,Santa Coloma,"42,7607611","-3,1980527"
9213,9102,1701,Cillaperlata,Cillaperlata,"42,7851286","-3,3691241"
9214,9054,2201,Portilla,Portilla,"42,7492803","-3,0826673"
9215,9109,4301,Añastro,Añastro,"42,743132","-2,7481176"
9216,9109,1701,Aguillo,Aguillo,"42,7068603","-2,6288523"
9217,9109,5601,Araico,Araico,"42,7190772","-2,7331928"
9218,9109,43001,Taravero,Taravero,"42,6853601","-2,9126022"
9219,9013,1701,Altable,Altable,"42,6568886","-3,0676373"
9220,9250,1701,Hormiguero (El),Hormiguero (El),"42,2222244","-3,962337"
9226,9041,1701,Barrio de Muño,Barrio de Muño,"42,1956404","-4,0184661"
9227,9079,1701,Castellanos de Castro,Castellanos de Castro,"42,3043075","-4,0082563"
9228,9101,1701,Ciadoncha,Ciadoncha,"42,1889557","-3,9266502"
9230,9058,1701,Buniel,Buniel,"42,3071249","-3,9266502"
9233,9011,8101,Presillas,Presillas,"42,8591646","-3,8782576"
9239,9009,1701,Albillos,Albillos,"42,2705191","-3,8451731"
9240,9056,1701,Briviesca,Briviesca,"42,5327486","-3,3086778"
9244,9060,1701,Busto de Bureba,Busto de Bureba,"42,6513506","-3,2684215"
9245,9052,1701,Berzosa de Bureba,Berzosa de Bureba,"42,5932294","-3,2483058"
9246,9043,2201,Barrios de Bureba (Los),Barrios de Bureba (Los),"42,6365701","-3,4397386"
9247,9143,1701,Ahedo de Bureba,Ahedo de Bureba,"42,5292011","-3,4296446"
9248,9036,1701,Bañuelos de Bureba,Bañuelos de Bureba,"42,4845986","-3,2784825"
9249,9007,1701,Aguilar de Bureba,Aguilar de Bureba,"42,6490302","-3,3489671"
9250,9048,2201,Belorado,Belorado,"42,4184446","-3,1880083"
9251,9115,1701,Cubo de Bureba,Cubo de Bureba,"40,463667","-3,74922"
9252,9220,1701,Miraveche,Miraveche,"40,463667","-3,74922"
9257,9431,2201,Villafranca Montes de Oca,Villafranca Montes de Oca,"42,3757373","-3,3086778"
9258,9010,1701,Alcocero de Mola,Alcocero de Mola,"42,4346717","-3,3086778"
9259,9046,1701,Bascuñana,Bascuñana,"42,4408214","-3,0876783"
9260,9274,2201,Pradoluengo,Pradoluengo,"42,3055247","-3,1829868"
9267,9048,1701,Avellanosa de Rioja,Avellanosa de Rioja,"42,3021184","-3,1277854"
9268,9274,1701,Garganchon,Garganchon,"42,3190248","-3,2281983"
9269,9303,3801,Villamudria,Villamudria,"42,3319268","-3,2935778"
9270,9098,1701,Cerezo de Rio Tiron,Cerezo de Rio Tiron,"42,4986061","-3,1277854"
9271,9298,1701,Quintanilla San-Garcia,Quintanilla San-Garcia,"42,5557537","-3,1880083"
9272,9048,4301,Loranquillo,Loranquillo,"42,4722911","-3,1930302"
9280,9077,1701,Cascajares de Bureba,Cascajares de Bureba,"42,6457617","-3,1177555"
9285,9410,5603,Ayega,Azuela (La),"43,1380513","-3,1754557"
9290,9133,1701,Fresno de Rodilla,Fresno de Rodilla,"42,4138034","-3,5155086"
9292,9027,1701,Arraya de Oca,Arraya de Oca,"42,402566","-3,3993751"
9293,9057,1701,Bugedo,Bugedo,"42,6534575","-3,0125674"
9294,9109,12001,Burgueta,Burgueta,"42,7607182","-2,8277963"
9300,9321,1701,Roa,Roa,"41,7040526","-3,9164585"
9310,9390,1701,Torresandino,Torresandino,"41,832871","-3,9266502"
9311,9168,1701,Horra (La),Horra (La),"41,7650843","-3,8757119"
9312,9017,1701,Anguix,Anguix,"41,8389105","-4,0388918"
9314,9256,1701,Boada de Roa,Boada de Roa,"41,7506091","-4,0082563"
9315,9117,1701,Cueva de Roa (La),Cueva de Roa (La),"41,6264748","-3,8553507"
9316,9051,1701,Berlangas de Roa,Berlangas de Roa,"41,6663091","-3,8553507"
9317,9199,1701,Mambrilla de Castrejon,Mambrilla de Castrejon,"41,6614447","-3,9980485"
9318,9138,1701,Fuentelisendo,Fuentelisendo,"41,6037913","-3,9368439"
9320,9108,1701,Cogollos,Cogollos,"42,1671218","-3,6927531"
9330,9197,1701,Madrigalejo del Monte,Madrigalejo del Monte,"40,463667","-3,74922"
9338,9418,1701,Valles de Palenzuela,Valles de Palenzuela,"42,1196879","-4,0746561"
9339,9443,1701,Villamayor de Los Montes,Villamayor de Los Montes,"42,1141364","-3,8044831"
9340,9194,2201,Lerma,Lerma,"41,9463648","-3,7943157"
9341,9194,5601,Ruyales del Agua,Ruyales del Agua,"42,0439663","-3,8349976"
9342,9262,1701,Peral de Arlanza,Peral de Arlanza,"42,0969843","-4,0184661"
9343,9437,1701,Villahoz,Villahoz,"42,0807502","-3,9164585"
9344,9325,1701,Royuela de Rio Franco,Royuela de Rio Franco,"41,9122049","-3,9266502"
9345,9032,1701,Avellanosa de Muño,Avellanosa de Muño,"42,0030438","-3,8757119"
9346,9113,1701,Covarrubias,Covarrubias,"42,0919896","-3,5711466"
9347,9113,2201,Ura,Ura,"42,0518291","-3,5913939"
9348,9094,1701,Cebrecos,Cebrecos,"41,9611878","-3,642048"
9349,9103,1701,Cilleruelo de Abajo,Cilleruelo de Abajo,"41,9278858","-3,7536663"
9350,9033,1701,Bahabon de Esgueva,Bahabon de Esgueva,"41,8383097","-3,7638256"
9351,9030,3801,San Quirce,San Quirce,"42,193554","-3,6369803"
9352,9114,1701,Cubillo del Campo,Cubillo del Campo,"42,1696975","-3,6116494"
9353,9352,1701,Santa Maria de Mercadillo,Santa Maria de Mercadillo,"41,8748384","-3,5509074"
9354,9270,1701,Pinilla Trasmonte,Pinilla Trasmonte,"41,8723114","-3,6319131"
9370,9018,1701,Aguilera (La),Aguilera (La),"41,7601784","-3,7232005"
9390,9197,1701,Madrigalejo del Monte,Madrigalejo del Monte,"42,08815","-3,6927531"
9391,9085,1701,Castrillo de la Vega,Castrillo de la Vega,"41,6490896","-3,7739869"
9400,9018,2201,Aranda de Duero,Aranda de Duero,"41,6722842","-3,6724649"
9410,9019,1701,Arandilla,Arandilla,"41,7195753","-3,4296446"
9430,9174,2201,Huerta del Rey,Huerta del Rey,"41,8519983","-3,318747"
9436,9155,1701,Haza,Haza,"40,463667","-3,74922"
9440,9369,1701,Pinillos de Esgueva,Pinillos de Esgueva,"41,840753","-3,8400851"
9441,9369,2201,Sotillo de la Ribera,Sotillo de la Ribera,"41,7869933","-3,8146526"
9442,9380,1701,Terradillos de Esgueva,Terradillos de Esgueva,"41,8007058","-3,8502617"
9443,9152,1701,Gumiel de Mercado,Gumiel de Mercado,"41,7074694","-3,8146526"
9450,9018,3801,Sinovas,Sinovas,"41,7550536","-3,5711466"
9451,9020,1701,Arauzo de Miel,Arauzo de Miel,"41,8087348","-3,4397386"
9453,9396,1701,Tubilla del Lago,Tubilla del Lago,"41,8146657","-3,5711466"
9454,9174,1701,Hinojar del Rey,Hinojar del Rey,"41,781606","-3,3489671"
9460,9218,1701,Milagros,Milagros,"41,587114","-3,6876803"
9461,9140,1701,Fuentenebro,Fuentenebro,"41,5101545","-3,7536663"
9462,9003,1701,Adrada de Haza,Adrada de Haza,"41,5686949","-3,7943157"
9463,9155,1701,Haza,Haza,"41,5666693","-3,8553507"
9471,9137,1701,Fuentelcesped,Fuentelcesped,"41,5951397","-3,5913939"
9490,9055,1701,Brazacorta,Brazacorta,"41,6869803","-3,5205641"
9491,9131,1701,Fresnillo de Las Dueñas,Fresnillo de Las Dueñas,"41,6356335","-3,5711466"
9493,9065,1701,Campillo de Aranda,Campillo de Aranda,"41,5906285","-3,7333537"
9500,9209,3801,Bustillo de Medina,Bustillo de Medina,"42,9322657","-3,495292"
9510,9189,9401,Villaventin,Villaventin,"43,0320816","-3,238251"
9511,9050,1701,Berberana,Berberana,"42,9577243","-3,1177555"
9512,9209,8101,Criales,Criales,"42,9509155","-3,3590446"
9513,9209,18901,Pomar,Pomar,"42,936043","-3,5306765"
9514,9189,1701,Castrobarto,Castrobarto,"43,0262178","-3,4397386"
9515,9209,13601,Moneo,Moneo,"42,8719163","-3,3993751"
9530,9238,9401,Oña,Oña,"42,7301322","-3,4145075"
9540,9394,5601,Tartales de Cilla,Tartales de Cilla,"42,8087565","-3,394332"
9545,9410,19203,Gijano,Gijano,"40,463667","-3,74922"
9549,9213,6901,Extramiana,Extramiana,"42,8642495","-3,3288183"
9550,9903,32601,Villarcayo,Villarcayo,"42,9398082","-3,566086"
9551,9014,1701,Ahedo de Butron,Ahedo de Butron,"42,833642","-3,6927531"
9553,9903,3801,Barriosuso,Barriosuso,"42,9768003","-3,5290442"
9554,9238,2201,Barcina de Los Montes,Aldea (La),"42,8965208","-3,5509074"
9555,9903,7501,Campo,Campo,"42,9736589","-3,5711466"
9556,9903,8101,Casillas,Casillas,"42,972391","-3,6116494"
9557,9215,4301,Cogullos,Cogullos,"42,9704603","-3,6724649"
9558,9409,1701,Arges,Arges,"42,9020969","-3,682608"
9559,9014,3801,Escobados de Abajo,Escobados de Abajo,"42,8280647","-3,561026"
9560,9124,2201,Espinosa de Los Monteros,Espinosa de Los Monteros,"43,1262833","-3,6521849"
9566,9124,1701,Barcenas,Barcenas,"43,1288354","-3,5711466"
9567,9124,3801,Para,Para,"43,0653784","-3,5863313"
9568,9215,2201,Bedon,Bedon,"43,0587747","-3,642048"
9569,9124,4301,Quintana de Los Prados,Quintana de Los Prados,"43,0625677","-3,5205641"
9570,9025,1701,Arija,Arija,"42,9854426","-3,9521382"
9571,9011,7501,Montejo de Bricia,Montejo de Bricia,"42,9422618","-3,9368439"
9572,9011,1701,Barrio de Bricia,Barrio de Bricia,"42,9370102","-3,8044831"
9573,9216,2201,Busnela,Busnela,"43,0222309","-3,7968574"
9574,9216,3801,Cidad,Cidad,"43,0454786","-3,7536663"
9580,9410,57401,Villasana de Mena,Villasana de Mena,"43,1011746","-3,280998"
9585,9410,5601,Ayega,Arenas (Las),"43,1583644","-3,2281983"
9586,9410,1701,Angulo,Abadia (La),"43,1619217","-3,2734517"
9587,9410,3801,Arceo,Arceo,"43,1049953","-3,3993751"
9588,9410,1702,Angulo,Ahedo,"43,0819871","-3,1880083"
9589,9250,3801,Santiuste,Santiuste,"43,0785705","-3,3086778"
9591,9904,1701,Celada de la Torre,Celada de la Torre,"42,5141419","-3,6015207"
9592,9001,2201,Barcena de Bureba,Barcena de Bureba,"42,5855169","-3,5104537"
9593,9006,1701,Aguas Candidas,Aguas Candidas,"42,7513247","-3,5205641"
9594,9213,21301,Valmayor de Cuesta Urria,Valmayor de Cuesta Urria,"42,9027163","-3,4271215"
9600,9330,4301,Salas de Los Infantes,Salas de Los Infantes,"42,0150871","-3,1578875"
9610,9105,1701,Briongos de Cervera,Briongos de Cervera,"41,9277864","-3,4397386"
9611,9070,1701,Carazo,Carazo,"41,9607696","-3,3288183"
9612,9062,1701,Cabezon de la Sierra,Cabezon de la Sierra,"41,9222936","-3,2885455"
9613,9038,1701,Barbadillo del Mercado,Barbadillo del Mercado,"42,0393642","-3,3489671"
9614,9039,1701,Barbadillo del Pez,Barbadillo del Pez,"42,0952892","-3,1177555"
9615,9037,1701,Barbadillo de Herreros,Barbadillo de Herreros,"42,1720759","-3,1980527"
9616,9378,1701,Tejada,Tejada,"41,9541324","-3,5509074"
9617,9356,2201,Santibañez del Val,Santibañez del Val,"41,9911014","-3,4750836"
9618,9356,1701,Barriosuso,Barriosuso,"41,9534353","-3,4927655"
9619,9163,3801,Navas del Pinar,Navas del Pinar,"41,8596752","-3,2231727"
9620,9221,1701,Cojobar,Cojobar,"42,2466263","-3,6724649"
9631,9020,2201,Doña Santos,Doña Santos,"41,8797095","-3,3892894"
9640,9078,1701,Cascajares de la Sierra,Cascajares de la Sierra,"42,1375853","-3,3691241"
9641,9119,1701,Cuevas de San Clemente,Cuevas de San Clemente,"42,125766","-3,596457"
9642,9030,1701,Cubillo del Cesar,Cubillo del Cesar,"42,1378307","-3,52562"
9645,9388,1701,Torrelara,Torrelara,"42,1680528","-3,5053993"
9646,9476,1701,Mazueco,Mazueco,"42,1716677","-3,4675075"
9647,9314,1701,Quintanalara,Quintanalara,"42,1766771","-3,5458489"
9649,9248,1701,Palazuelos de la Sierra,Palazuelos de la Sierra,"42,1955944","-3,4094629"
9650,9066,1701,Campolara,Campolara,"42,111562","-3,4145075"
9651,9191,2201,Lara de Los Infantes,Lara de Los Infantes,"42,1230788","-3,4422624"
9652,9449,1701,Villanueva de Argaño,Villanueva de Argaño,"42,3803231","-3,9419415"
9653,9181,2201,Isar,Isar,"42,3610234","-3,9317468"
9654,9181,3801,Palacios de Benaver,Palacios de Benaver,"42,3966194","-3,8960811"
9660,9163,1701,Aldea del Pinar,Aldea del Pinar,"41,8565216","-3,1578875"
9670,9289,1701,Quintanar de la Sierra,Quintanar de la Sierra,"42,0086916","-3,0275802"
9679,9232,1701,Neila,Neila,"42,0599779","-2,9575607"
9680,9246,1701,Palacios de la Sierra,Palacios de la Sierra,"41,9664073","-3,1277854"
9690,9425,1701,Vilviestre del Pinar,Vilviestre del Pinar,"41,9332136","-3,0726468"
9691,9084,1701,Castrillo de la Reina,Castrillo de la Reina,"41,9647553","-3,1880083"
9692,9067,1701,Canicosa de la Sierra,Canicosa de la Sierra,"41,9294515","-3,0275802"
9693,9309,1701,Regumiel de la Sierra,Regumiel de la Sierra,"41,9653086","-2,9825559"
10000,10037,1701,Caceres,Caceres,"40,463667","-3,74922"
10001,10037,1701,Caceres,Caceres,"39,5015737","-6,4024118"
10002,10037,1701,Caceres,Caceres,"39,4657396","-6,3744687"
10003,10037,1701,Caceres,Caceres,"39,4498102","-6,3119743"
10004,10037,1701,Caceres,Caceres,"39,5237033","-6,2800864"
10005,10037,1701,Caceres,Caceres,"39,3872098","-6,1314928"
10100,10121,1701,Alonso de Ojeda,Alonso de Ojeda,"39,1399503","-5,9092754"
10109,10121,1701,Alonso de Ojeda,Alonso de Ojeda,"39,1033724","-5,9145568"
10110,10110,1701,Losar de la Vera,Losar de la Vera,"39,1327628","-5,6352801"
10120,10109,1701,Logrosan,Logrosan,"39,3144365","-5,5197394"
10129,10029,1701,Berzocana,Berzocana,"39,418817","-5,4987565"
10130,10219,1701,Zorita,Zorita,"39,2866786","-5,6668306"
10131,10201,1701,Valdemorales,Valdemorales,"39,1994526","-6,0626246"
10132,10020,1701,Almoharin,Almoharin,"39,1323535","-6,0573302"
10133,10073,1701,Escurial,Escurial,"39,1814222","-5,9092754"
10134,10043,1701,Campo Lugar,Campo Lugar,"39,1680808","-5,761583"
10135,10009,1701,Alcollarin,Alcollarin,"39,2126469","-5,6983979"
10136,10044,1701,Cañamero,Cañamero,"39,38335","-5,3730176"
10137,10017,1701,Alia,Alia,"39,4125465","-5,1849219"
10140,10087,1701,Guadalupe,Guadalupe,"39,4580733","-5,3207069"
10160,10010,1701,Alcuescar,Alcuescar,"39,1735392","-6,2588369"
10161,10023,1701,Arroyomolinos,Arroyomolinos,"39,1388468","-6,1314928"
10162,10052,1701,Casas de Don Antonio,Casas de Don Antonio,"39,2236087","-6,2907139"
10163,10012,1701,Aldea del Cano,Aldea del Cano,"39,2856958","-6,2907139"
10164,10037,4301,Valdesalor,Valdesalor,"39,3454153","-6,333242"
10169,10217,1799,Zarza de Montanchez,,"40,463667","-3,74922"
10170,10126,1701,Montanchez,Montanchez,"39,230419","-6,1633042"
10180,10198,1701,Valdefuentes,Valdefuentes,"39,294746","-6,1208926"
10181,10177,1701,Sierra de Fuentes,Sierra de Fuentes,"39,431475","-6,2694608"
10182,10193,1701,Torreorgaz,Torreorgaz,"39,3652229","-6,2535257"
10183,10194,1701,Torrequemada,Torrequemada,"39,3511491","-6,2269763"
10184,10192,1701,Torremocha,Torremocha,"39,3327433","-6,1845209"
10185,10027,1701,Benquerencia,Benquerencia,"39,3122027","-6,0838065"
10186,10188,1701,Torre de Santa Maria,Torre de Santa Maria,"39,2544704","-6,0996978"
10187,10007,1701,Albala,Albala,"39,2695655","-6,2057449"
10189,10161,1701,Ruanes,Ruanes,"39,2675807","-6,0467429"
10190,10049,1701,Casar de Caceres,Casar de Caceres,"39,5846791","-6,482318"
10191,10170,1701,Santiago del Campo,Santiago del Campo,"39,6522902","-6,375799"
10192,10098,1701,Hinojal,Hinojal,"39,705422","-6,3438785"
10193,10178,1701,Talavan,Talavan,"39,6580792","-6,2694608"
10194,10125,1701,Monroy,Monroy,"39,6734781","-6,1739116"
10195,10037,1701,Caceres,Caceres,"39,2521387","-6,7065914"
10197,10007,1701,Albala,Albala,"40,463667","-3,74922"
10198,10168,1701,Santa Marta de Magasca,Santa Marta de Magasca,"39,5034965","-6,0785104"
10199,10037,1701,Caceres,Caceres,"39,2666187","-6,4503434"
10200,10195,1701,Belen,Belen,"39,429683","-5,9092754"
10210,10113,1701,Madroñera,Madroñera,"39,4479326","-5,7510475"
10220,10195,3801,Pago de San Clemente,Pago de San Clemente,"39,4122305","-5,8459341"
10230,10092,1701,Herguijuela,Herguijuela,"39,3751117","-5,761583"
10240,10066,1701,Conquista de la Sierra,Conquista de la Sierra,"39,3348003","-5,7405139"
10250,10077,1701,Garciaz,Garciaz,"39,4127979","-5,624767"
10251,10011,1701,Aldeacentenera,Aldeacentenera,"39,5366333","-5,624767"
10252,10186,1701,Torrecillas de la Tiesa,Torrecillas de la Tiesa,"39,5716806","-5,7510475"
10260,10166,1701,Santa Cruz de la Sierra,Santa Cruz de la Sierra,"39,3502355","-5,8459341"
10261,10153,1701,Puerto de Santa Cruz,Puerto de Santa Cruz,"39,287118","-5,8670405"
10262,10002,1701,Abertura,Abertura,"39,2488828","-5,8037437"
10263,10209,1701,Villamesias,Villamesias,"39,2446484","-5,8881542"
10269,10158,1701,Robledillo de Trujillo,Robledillo de Trujillo,"39,2610514","-5,9726832"
10270,10069,1701,Cumbre (La),Cumbre (La),"39,4351357","-6,0044121"
10271,10149,1701,Plasenzuela,Plasenzuela,"39,3807641","-6,0573302"
10280,10102,1701,Ibahernando,Ibahernando,"39,3568383","-5,9198387"
10290,10195,4301,Trujillo,Trujillo,"39,558873","-6,0044121"
10291,10013,1701,Aldea del Obispo,Aldea del Obispo,"39,5534449","-5,9092754"
10292,10195,1701,Belen,Belen,"39,4969074","-5,8037437"
10300,10131,1701,Navalmoral de la Mata,Navalmoral de la Mata,"39,9106971","-5,5407299"
10310,10180,8199,Palancoso,*Diseminado*,"40,021806","-5,5722297"
10317,10065,2201,Vega de Mesillas,Vega de Mesillas,"40,0011058","-5,6826122"
10318,10180,1701,Barquilla (La),Barquilla (La),"40,0394859","-5,4149003"
10319,10180,3801,Centenillo (El),Centenillo (El),"40,0462633","-5,4882679"
10320,10030,1701,Bohonal de Ibor,Bohonal de Ibor,"39,7817968","-5,4463322"
10328,10075,1701,Fresnedoso de Ibor,Fresnedoso de Ibor,"39,6750459","-5,5302337"
10329,10042,1701,Campillo de Deleitosa,Campillo de Deleitosa,"39,7552825","-5,5722297"
10330,10213,2201,Villar del Pedroso,Villar del Pedroso,"39,5935937","-5,2893433"
10331,10048,1701,Carrascalejo,Carrascalejo,"39,638564","-5,2057909"
10332,10197,1799,Valdecañas de Tajo,,"39,7171125","-5,2893433"
10333,10083,1701,Garvin de la Jara,Garvin de la Jara,"39,7250034","-5,3416255"
10334,10141,1701,Peraleda de San Roman,Peraleda de San Roman,"39,7436303","-5,3834854"
10335,10140,1701,Peraleda de la Mata,Peraleda de la Mata,"39,8736677","-5,4568133"
10340,10060,1701,Castañar de Ibor,Castañar de Ibor,"39,6799872","-5,4253757"
10341,10132,1701,Navalvillar de Ibor,Navalvillar de Ibor,"39,5789708","-5,3834854"
10350,10019,1701,Almaraz,Almaraz,"39,7912709","-5,6773512"
10359,10097,1701,Higuera,Higuera,"39,7501925","-5,6773512"
10360,10057,1701,Casas de Miravete,Casas de Miravete,"39,746045","-5,761583"
10370,10070,1701,Deleitosa,Deleitosa,"39,6190531","-5,624767"
10371,10159,1701,Robledollano,Robledollano,"39,613291","-5,5302337"
10372,10033,2201,Retamosa,Retamosa,"39,5700824","-5,5722297"
10373,10033,1701,Cabañas del Castillo,Cabañas del Castillo,"39,5534617","-5,4882679"
10374,10134,1701,Navezuelas,Navezuelas,"39,5151647","-5,4253757"
10380,10103,1701,Jaraicejo,Jaraicejo,"39,6909765","-5,8353837"
10390,10173,1701,Saucedilla,Saucedilla,"39,8528367","-5,6773512"
10391,10901,1701,Rosalejo,Rosalejo,"39,9858714","-5,4672962"
10392,10028,1701,Berrocalejo,Berrocalejo,"39,8472868","-5,3625516"
10393,10199,1701,Valdehuncar,Valdehuncar,"39,8198968","-5,509247"
10394,10026,1701,Belvis de Monroy,Belvis de Monroy,"39,8364042","-5,593239"
10400,10104,1701,Jaraiz de la Vera,Jaraiz de la Vera,"40,013598","-5,7405139"
10410,10022,1701,Arroyomolinos de la Vera,Arroyomolinos de la Vera,"40,0481609","-5,8670405"
10411,10138,1701,Pasaron de la Vera,Pasaron de la Vera,"40,0273295","-5,8148644"
10412,10079,1701,Garganta la Olla,Garganta la Olla,"40,1136942","-5,7826597"
10413,10191,1701,Torremenga,Torremenga,"40,0373305","-5,7773898"
10414,10065,1701,Collado,Collado,"40,0361277","-5,6983979"
10415,10203,2299,Aceña de la Borrega(La),,"40,463667","-3,74922"
10420,10181,1701,Tejeda de Tietar,Tejeda de Tietar,"40,007265","-5,8670405"
10430,10068,1701,Cuacos de Yuste,Cuacos de Yuste,"40,0964064","-5,7194522"
10440,10014,1701,Aldeanueva de la Vera,Aldeanueva de la Vera,"40,1479739","-5,7089241"
10450,10105,1701,Jarandilla de la Vera,Jarandilla de la Vera,"40,1005293","-5,6352801"
10459,10091,1701,Guijo de Santa Barbara,Guijo de Santa Barbara,"40,1617835","-5,6352801"
10460,10110,1701,Losar de la Vera,Losar de la Vera,"40,1434091","-5,593239"
10470,10212,1701,Villanueva de la Vera,Villanueva de la Vera,"40,1212469","-5,4149003"
10480,10111,1701,Madrigal de la Vera,Madrigal de la Vera,"40,147231","-5,3677362"
10484,10902,1701,Vegaviana,Vegaviana,"40,463667","-3,74922"
10490,10204,1701,Valverde de la Vera,Valverde de la Vera,"40,1075828","-5,4882679"
10491,10179,1701,Talaveruela de la Vera,Talaveruela de la Vera,"40,1007311","-5,5249863"
10492,10206,1701,Viandar de la Vera,Viandar de la Vera,"40,1405764","-5,5459787"
10493,10157,1701,Robledillo de la Vera,Robledillo de la Vera,"40,0880012","-5,5774814"
10500,10203,3899,Casiñas (Las),,"39,4689688","-7,2221421"
10509,10203,4301,Estacion Ferrocarril,Estacion Ferrocarril,"40,463667","-3,74922"
10510,10169,1701,Santiago de Alcantara,Santiago de Alcantara,"39,6116536","-7,2437105"
10511,10046,1701,Carbajo,Carbajo,"39,6047297","-7,1898025"
10512,10094,1701,Herrera de Alcantara,Herrera de Alcantara,"39,6034924","-7,3732655"
10513,10062,1701,Cedillo,Cedillo,"39,6280821","-7,4705935"
10514,10203,6901,Huertas de Cansa (Las),Huertas de Cansa(Las),"39,3522048","-7,276076"
10515,10203,1701,Alcorneo,Alcorneo,"39,3149504","-7,2113605"
10516,10203,2201,Aceña de la Borrega(La),Aceña de la Borrega (La),"39,383528","-7,3111562"
10519,10203,8101,Lanchuelas (Las),Lanchuelas(Las),"39,3514128","-7,2059703"
10520,10058,1701,Baldio,Baldio,"39,9046082","-5,6668306"
10528,10176,1701,Serrejon,Serrejon,"39,8142261","-5,8353837"
10529,10114,1701,Majadas,Majadas,"39,9501063","-5,7826597"
10530,10175,1701,Serradilla,Serradilla,"39,8011942","-6,0891032"
10540,10123,1701,Mirabel,Mirabel,"39,8656502","-6,2269763"
10550,10018,1701,Aliseda,Aliseda,"39,3980027","-6,6851982"
10560,10095,1701,Herreruela,Herreruela,"39,429285","-6,8565427"
10570,10162,1701,Salorino,Salorino,"39,4628454","-6,9853474"
10580,10119,1701,Membrio,Membrio,"39,5811653","-7,0713572"
10590,10116,3801,Malpartida de Plasencia,Malpartida de Plasencia,"40,463667","-3,74922"
10591,10092,1701,Herguijuela,Herguijuela,"39,8871222","-5,9145568"
10592,10056,1701,Casas de Millan,Casas de Millan,"39,8175227","-6,3291881"
10593,10049,2201,Perala (La),Perala (La),"40,463667","-3,74922"
10600,10148,1701,Plasencia,Plasencia,"40,0361505","-6,0996978"
10610,10035,1701,Cabezuela del Valle,Cabezuela del Valle,"40,1942666","-5,8037437"
10611,10183,1701,Tornavacas,Tornavacas,"40,2413033","-5,6773512"
10612,10107,1701,Jerte,Jerte,"40,2274766","-5,7510475"
10613,10130,1701,Navaconcejo,Navaconcejo,"40,1706818","-5,8670405"
10614,10196,1701,Valdastillas,Valdastillas,"40,1403449","-5,9119161"
10615,10147,1701,Piornal,Piornal,"40,1105194","-5,8459341"
10616,10036,1701,Cabrero,Cabrero,"40,1073065","-5,9092754"
10617,10154,1701,Rebollar,Rebollar,"40,1416803","-5,9356872"
10620,10041,3801,Cambroncino,Cambroncino,"40,3161882","-6,2960283"
10623,10041,1701,Arrolobos,Arrolobos,"40,3834745","-6,179216"
10624,10041,7501,Riomalo de Abajo,Riomalo de Abajo,"40,3814961","-6,1208926"
10625,10108,1701,Cabezo,Cabezo,"40,4581992","-6,2057449"
10626,10135,2201,Asegur,Asegur,"40,4356158","-6,2482149"
10627,10135,3801,Cerezal,Cerezal,"40,3926994","-6,2907139"
10628,10051,1701,Carabusino,Carabusino,"40,4375165","-6,3066585"
10629,10041,2201,Cambron,Cambron,"40,3555092","-6,2269763"
10630,10041,5601,Dehesilla,Dehesilla,"40,3216935","-6,3811207"
10638,10146,1701,Aldehuela,Aldehuela,"40,3677229","-6,375799"
10639,10146,8101,Ovejuela,Ovejuela,"40,3043785","-6,418385"
10640,10050,1701,Azabal,Azabal,"40,26416","-6,3172906"
10649,10050,1701,Azabal,Azabal,"40,2871649","-6,1739116"
10650,10006,1701,Ahigal,Ahigal,"40,1337628","-6,1845209"
10660,10136,1701,Almendral,Almendral,"40,2461135","-6,2747734"
10661,10167,2201,Santa Cruz de Paniagua,Santa Cruz de Paniagua,"40,1965111","-6,3438785"
10662,10117,1701,Marchagaz,Marchagaz,"40,276651","-6,2747734"
10663,10063,1701,Cerezo,Cerezo,"40,2274699","-6,2429045"
10664,10124,1701,Mohedas de Granadilla,Mohedas de Granadilla,"40,2462925","-6,224322"
10665,10090,1701,Guijo de Granadilla,Guijo de Granadilla,"40,1972027","-6,1420947"
10666,10005,1701,Aceituna,Aceituna,"40,1291956","-6,2694608"
10667,10136,1701,Almendral,Almendral,"40,117853","-6,0996978"
10670,10047,1701,Carcaboso,Carcaboso,"40,0449935","-6,2216678"
10671,10016,1701,Aldehuela del Jerte,Aldehuela del Jerte,"40,010078","-6,2057449"
10672,10202,1701,Valdeobispo,Valdeobispo,"40,0906661","-6,2269763"
10680,10116,2299,Haza de la Concepcion,,"39,9219516","-6,1314928"
10690,10076,2201,Avarientos,Avarientos,"39,9464285","-6,2482149"
10691,10076,2201,Avarientos,Avarientos,"40,005497","-6,2907139"
10692,10089,1701,Batan (El),Batan (El),"39,9749928","-6,3811207"
10693,10155,1701,Pajares de la Rivera,Pajares de la Rivera,"39,9080158","-6,2960283"
10694,10182,4399,Salto de Torrejon,,"39,7667327","-5,9621106"
10695,10175,2201,Villarreal de San Carlos,Villarreal S Carlos,"39,8498358","-6,04145"
10696,10025,1701,Barrado,Barrado,"40,0449364","-5,9304039"
10697,10116,2201,Haza de la Concepcion,Haza de la Concepcion,"39,9307826","-5,9621106"
10700,10096,1701,Hervas,Hervas,"40,2736585","-5,8459341"
10701,41038,1701,Dos Hermanas,Dos Hermanas,"40,463667","-3,74922"
10710,10216,1701,Zarza de Granadilla,Zarza de Granadilla,"40,261679","-6,0785104"
10711,10086,1701,Granja (La),Granja (La),"40,240361","-5,9991228"
10712,10090,2201,Pantano Gabriel Y Galan,Pantano Gabriel Y Galan,"40,2162987","-6,1182429"
10720,10214,1701,Villar de Plasencia,Villar de Plasencia,"40,14159","-6,0361574"
10728,10106,1701,Jarilla,Jarilla,"40,1834877","-6,014992"
10729,10034,1701,Cabezabellosa,Cabezabellosa,"40,1233789","-5,9938339"
10730,10055,1701,Casas del Monte,Casas del Monte,"40,191592","-5,956825"
10739,10174,1701,Segura de Toro,Segura de Toro,"40,2227124","-5,9462552"
10740,10015,1701,Aldeanueva del Camino,Aldeanueva del Camino,"40,2645413","-5,9251211"
10748,10001,1701,Abadia,Abadia,"40,2853572","-6,014992"
10749,10080,1701,Gargantilla,Gargantilla,"40,2307763","-5,8881542"
10750,10024,1701,Baños,Baños,"40,3133054","-5,8670405"
10759,10078,1701,Garganta  (La),Garganta (La),"40,3213197","-5,8090159"
10800,10067,1701,Coria,Coria,"39,9913385","-6,5463156"
10810,10127,1799,Atalaya,,"40,0741131","-6,3438785"
10811,10067,2201,Puebla de Argeme,Puebla de Argeme,"39,9768662","-6,4396888"
10812,10211,1701,Villanueva de la Sierra,Villanueva de la Sierra,"40,2037708","-6,3970884"
10813,10152,1701,Pozuelo de Zarzon,Pozuelo de Zarzon,"40,1426146","-6,3970884"
10814,10207,1701,Villa del Campo,Villa del Campo,"40,1378737","-6,482318"
10815,10088,1701,Guijo de Coria,Guijo de Coria,"40,0670439","-6,471658"
10816,10053,1701,Casas de Don Gomez,Casas de Don Gomez,"40,0802175","-6,418385"
10817,10040,1701,Calzadilla,Calzadilla,"40,0622441","-6,5569882"
10818,10053,1701,Casas de Don Gomez,Casas de Don Gomez,"39,9756453","-6,642433"
10820,10045,1701,Cañaveral,Cañaveral,"39,7948831","-6,3970884"
10824,10099,1701,Holguera,Holguera,"40,463667","-3,74922"
10828,10151,1701,Portezuelo,Portezuelo,"39,7889589","-6,5036433"
10829,10045,3801,Grimaldo,Grimaldo,"39,8792228","-6,3545169"
10830,10189,1701,Torrejoncillo,Torrejoncillo,"39,9034649","-6,471658"
10839,10189,2201,Valdencin,Valdencin,"39,9145461","-6,4103979"
10840,10128,4301,Moraleja,Moraleja,"40,0549134","-6,6851982"
10848,10902,1701,Vegaviana,Vegaviana,"40,0470191","-6,733343"
10849,10084,2201,Moheda de Gata (La),Moheda (La),"40,1090117","-6,6317461"
10850,10100,1701,Hoyos,Hoyos,"40,1652496","-6,7172907"
10857,10003,1701,Acebo,Acebo,"40,2155553","-6,7279918"
10858,10215,1701,Villasbuenas de Gata,Villasbuenas de Gata,"40,1701839","-6,6317461"
10859,10171,1701,Santibañez El Alto,Santibañez El Alto,"40,1846334","-6,5569882"
10860,10084,1701,Gata,Gata,"40,2204998","-6,642433"
10864,10187,1701,Torre de Don Miguel,Torre de Don Miguel,"40,2199805","-6,5623251"
10865,10039,1701,Cadalso,Cadalso,"40,2394584","-6,5329775"
10866,10071,1701,Descargamaria,Descargamaria,"40,298414","-6,5249759"
10867,10156,1701,Robledillo de Gata,Robledillo de Gata,"40,3414779","-6,482318"
10868,10093,1701,Hernan-Perez,Hernan-Perez,"40,2193991","-6,482318"
10869,10185,1701,Torrecilla de Los Angeles,Torrecilla de Los Angeles,"40,2433273","-6,418385"
10870,10061,1701,Ceclavin,Ceclavin,"39,8454173","-6,7708138"
10879,10004,1701,Acehuche,Acehuche,"39,8009905","-6,6531216"
10880,10218,1701,Zarza la Mayor,Zarza la Mayor,"39,9222673","-6,8565427"
10881,10038,1701,Cachorrilla,Cachorrilla,"39,9021989","-6,6745042"
10882,10143,1701,Pescueza,Pescueza,"39,8853998","-6,6103778"
10883,10150,1701,Portaje,Portaje,"39,8878277","-6,5676625"
10890,10205,1701,Valverde del Fresno,Valverde del Fresno,"40,16215","-6,9423844"
10891,10072,1701,Eljas,Eljas,"40,2200884","-6,8243812"
10892,10164,1701,San Martin de Trevejo,San Martin de Trevejo,"40,2063954","-6,797592"
10893,10210,1701,Trevejo,Trevejo,"40,160245","-6,8029489"
10894,10210,1701,Trevejo,Trevejo,"40,1743954","-6,7788461"
10895,10064,1701,Cilleros,Cilleros,"40,0474248","-6,8136642"
10896,10142,1701,Perales del Puerto,Perales del Puerto,"40,1257162","-6,6958939"
10897,10045,2201,Estacion (La),Estacion la,"40,463667","-3,74922"
10900,10021,1701,Arroyo de la Luz,Arroyo de la Luz,"39,5265965","-6,5996963"
10910,10115,1701,Malpartida de Caceres,Malpartida de Caceres,"39,4392491","-6,5036433"
10920,10037,2201,Estacion de Arroyo-Malpar,Estacion de Arroyo-Malpar,"40,463667","-3,74922"
10930,10133,1701,Navas del Madroño,Navas del Madroño,"39,6476232","-6,642433"
10940,10082,1701,Garrovillas de Alconetar,Garrovillas,"39,6742374","-6,5356449"
10950,10032,1701,Brozas,Brozas,"39,5579301","-6,7708138"
10960,10208,1701,Villa del Rey,Villa del Rey,"39,6473463","-6,8243812"
10970,10118,1701,Mata de Alcantara,Mata de Alcantara,"39,7114831","-6,7815237"
10980,10008,1701,Alcantara,Alcantara,"39,716955","-6,8823355"
10989,10008,3801,Poblado de Iberdrola,Poblado de Iberdrola,"40,463667","-3,74922"
10990,10008,2201,Estorninos,Estorninos,"39,7532725","-6,9423844"
10991,10145,1701,Piedras Albas,Piedras Albas,"39,7867575","-6,9397002"
11001,11012,1701,Cadiz,Cadiz,"36,5327256","-6,2976892"
11002,11012,1701,Cadiz,Cadiz,"36,5307803","-6,302672"
11003,11012,1701,Cadiz,Cadiz,"36,5355955","-6,3006788"
11004,11012,1701,Cadiz,Cadiz,"36,5375721","-6,2887211"
11005,11012,1701,Cadiz,Cadiz,"36,5292176","-6,2940354"
11006,11012,1701,Cadiz,Cadiz,"36,5294278","-6,2900496"
11007,11012,1701,Cadiz,Cadiz,"36,5263783","-6,2840715"
11008,11012,1701,Cadiz,Cadiz,"36,5175949","-6,2847357"
11009,11012,1701,Cadiz,Cadiz,"36,5105062","-6,2787581"
11010,11012,1701,Cadiz,Cadiz,"36,5052612","-6,2761016"
11011,11012,1701,Cadiz,Cadiz,"36,45973","-6,2455597"
11012,11012,1701,Cadiz,Cadiz,"36,5107856","-6,2734452"
11100,11031,1701,Arsenal de la Carraca,Arsenal de la Carraca,"36,4539984","-6,2004383"
11130,11015,4301,Chiclana de la Frontera,Chiclana de la Frontera,"36,3896325","-6,0891032"
11139,11015,4305,Chiclana de la Frontera,Gallos (Los)-Cerromolino,"36,3796131","-6,179216"
11140,11014,1799,Barrio Nuevo,*Diseminado*,"36,277074","-6,0732146"
11149,11014,1799,Barrio Nuevo,*Diseminado*,"36,3146126","-6,0785104"
11150,11007,3899,Manzanete,*Diseminado*,"36,2345466","-5,9515399"
11158,11039,1701,Barca la,Barca la,"36,3004431","-5,9304039"
11159,11007,2201,Caños de Meca (Los),Caños de Meca (Los),"36,2303108","-6,0361574"
11160,11007,1701,Barbate,Barbate,"36,1964847","-5,8459341"
11170,11023,1799,Alburejos (Los),*Diseminado*,"36,4412824","-5,9198387"
11178,11025,1701,Paterna de Rivera,Paterna de Rivera,"36,5255","-5,85121"
11179,11023,2299,Badalejos (Los),*Diseminado*,"36,2880911","-5,7405139"
11180,11001,1701,Alcala de Los Gazules,Alcala de Los Gazules,"36,4309769","-5,6878736"
11190,11901,1701,Benalup,Benalup,"36,3292794","-5,7826597"
11201,11004,1701,Algeciras,Algeciras,"36,1357631","-5,4397825"
11202,11004,1701,Algeciras,Algeciras,"36,1378763","-5,4528826"
11203,11004,1701,Algeciras,Algeciras,"36,131983","-5,4633649"
11204,11004,1701,Algeciras,Algeciras,"36,146578","-5,4699173"
11205,11004,1701,Algeciras,Algeciras,"36,155536","-5,4515725"
11206,11004,1701,Algeciras,Algeciras,"36,1051143","-5,4882679"
11207,11004,1701,Algeciras,Algeciras,"36,0796914","-5,4515725"
11300,11022,1701,Linea la Concepcion (La),Linea la Concepcion (La),"36,1710802","-5,3468563"
11310,11033,4303,Guadiaro,Sotogrande,"36,2844331","-5,2919563"
11311,11032,6901,Pastrana,Pastrana,"36,298664","-5,3063298"
11312,11033,6901,San Enrique,San Enrique,"36,3008823","-5,2867304"
11313,11033,2201,Carteya-Guadarranque,Carteya-Guadarranque,"36,1816811","-5,3821768"
11314,11033,1701,Campamento,Campamento,"36,1779145","-5,3756344"
11320,11021,4301,San Pablo de Buceite,San Pablo de Buceite,"36,4734384","-5,4122817"
11330,11021,1701,Angeles (Los),Angeles (Los),"36,4388595","-5,5197394"
11339,11021,1701,Angeles (Los),Angeles (Los),"36,3911061","-5,3834854"
11340,11021,3801,San Martin del Tesorillo,Montenegral,"36,3412004","-5,3220141"
11350,11013,1701,Almoraima,Almoraima,"36,3337797","-5,4568133"
11360,11033,5601,Puente Mayorga,Puente Mayorga,"36,2510823","-5,3730176"
11368,11033,3801,Estacion Ferrea,Estacion Ferrea,"36,2174398","-5,4293045"
11369,11032,5601,Miraflores,Miraflores,"36,1925048","-5,4122817"
11370,11008,1701,Barrios (Los),Barrios (Los),"36,2414923","-5,5827334"
11379,11008,1701,Barrios (Los),Barrios (Los),"36,2359992","-5,4672962"
11380,11035,4399,Bujeo (El),*Diseminado*,"36,0569117","-5,593239"
11390,11004,3801,Pelayo (El),Pelayo (El),"36,0843428","-5,52761"
11391,11004,1799,Algeciras,*Diseminado*,"36,1489731","-5,7089241"
11392,11035,17301,Tahivilla,Tahivilla,"36,2222069","-5,761583"
11393,11007,8101,Zahara de Los Atunes,Zahara de Los Atunes,"36,1325698","-5,8248352"
11400,11020,1702,Alcornocalejos,Chaparrito (El),"36,7813341","-6,0044121"
11401,11020,14101,Jerez de la Frontera,Jerez de la Frontera,"36,6770567","-6,1275175"
11402,11020,14101,Jerez de la Frontera,Jerez de la Frontera,"36,6873939","-6,1354683"
11403,11020,14101,Jerez de la Frontera,Jerez de la Frontera,"36,6844344","-6,1407694"
11404,11020,14101,Jerez de la Frontera,Jerez de la Frontera,"36,701142","-6,1553498"
11405,11020,14101,Jerez de la Frontera,Jerez de la Frontera,"36,6951316","-6,1155932"
11406,11020,8101,Estella del Marques,Estella del Marques,"36,6767336","-6,107645"
11407,11020,14101,Jerez de la Frontera,Jerez de la Frontera,"36,7047853","-6,1367935"
11408,11020,14101,Jerez de la Frontera,Jerez de la Frontera,"36,6765542","-6,1633042"
11500,11027,14101,Puerto de Sta Maria (El),Puerto de Sta Maria (El),"36,6393281","-6,2588369"
11510,11028,3801,Puerto Real,Puerto Real,"36,5189872","-6,0891032"
11518,11028,1701,Jarana,Bda. Chacona,"36,5029445","-6,1394441"
11519,11028,4301,Rio San Pedro,Bda. Rio San Pedro,"36,5175347","-6,2216678"
11520,11030,1799,Bercial (El),*Diseminado*,"36,6778206","-6,3438785"
11540,11032,1701,Algaida (La),Algaida (La),"36,7987362","-6,2907139"
11549,11032,1701,Algaida (La),Algaida (La),"36,8619462","-6,3119743"
11550,11016,1701,Chipiona,Chipiona,"36,7286748","-6,3970884"
11560,11037,1701,Trebujena,Trebujena,"36,8734041","-6,2190374"
11570,11020,3801,Barca de la Florida (La),Barca de la Florida (La),"36,654298","-5,9601376"
11579,11020,15401,Jose Antonio,Jose Antonio,"36,6607088","-5,9462552"
11580,11902,1701,Alcornocalejo,Alcornocalejo,"36,6218825","-5,7510475"
11589,11902,7599,Tempul,*Diseminado*,"40,463667","-3,74922"
11590,11020,17399,Macharnudo Alto,*Diseminado*,"36,8206696","-6,179216"
11591,11020,11501,Guadalcacin,Guadalcacin,"36,7187866","-6,0732146"
11592,11020,4399,Casablanca,*Diseminado*,"36,7292412","-5,9726832"
11593,11020,5601,Cuartillos,Cuartillos,"36,6615653","-6,0361574"
11594,11020,24901,San Isidro del Guadalete,San Isidro del Guadalete,"36,6273898","-5,9673967"
11595,11020,16701,Ina (La),Ina (La),"36,6053444","-5,9779702"
11596,11020,2299,Añina-Polila,*Diseminado*,"40,463667","-3,74922"
11600,11038,1701,Ubrique,Ubrique,"36,6675032","-5,4672962"
11610,11019,1799,Benamahoma,*Diseminado*,"36,768541","-5,3730176"
11611,11040,1701,Villaluenga del Rosario,Villaluenga del Rosario,"36,6825447","-5,3730176"
11612,11009,1701,Benaocaz,Benaocaz,"36,7114778","-5,4463322"
11620,11006,5601,Drago (El),Descansadero del Drago,"36,6904688","-5,8881542"
11630,11006,1701,Abrajanejo,Perdiz (La),"36,7529169","-5,7089241"
11638,11006,3801,Barrancos (Los),Santiscal (El),"36,7629131","-5,7800247"
11639,11003,1701,Algar,Algar,"36,6586872","-5,6563119"
11640,11010,1701,Bornos,Bornos,"36,8275644","-5,7194522"
11648,11017,1701,Espera,Barriada de Fatima,"36,8776293","-5,7932008"
11649,11010,2201,Coto de Bornos,Coto de Bornos,"36,8561512","-5,6826122"
11650,11041,1799,Cierva (La),*Diseminado*,"36,8857128","-5,624767"
11659,11029,1799,Pozo Amargo,*Diseminado*,"37,0109244","-5,4672962"
11660,11026,1701,Prado del Rey,Prado del Rey,"36,7711118","-5,551228"
11670,11011,1701,Bosque (El),Bosque (El),"36,7515757","-5,509247"
11679,11019,1701,Benamahoma,Benamahoma,"36,7586394","-5,4725384"
11680,11005,1701,Algodonales,Algodonales,"36,8954499","-5,4149003"
11687,11018,1799,Arroyomolinos,*Diseminado*,"36,85025","-5,3468563"
11688,11042,1799,Arroyo Molinos,*Diseminado*,"36,8189073","-5,4463322"
11689,11005,7501,Muela (La),Muela (La),"36,9306532","-5,407045"
11690,11024,4301,Olvera,Olvera,"36,9439851","-5,2893433"
11691,11036,1701,Torre-Alhaquime,Torre-Alhaquime,"36,9090002","-5,2318879"
11692,11034,1701,Setenil,Setenil,"36,8636856","-5,1640605"
11693,11002,1701,Alcala del Valle,Alcala del Valle,"36,9177775","-5,1536327"
12001,12040,1701,Castellon de la Plana,Castellon,"39,9870027","-0,0390704"
12002,12040,1701,Castellon de la Plana,Castellon,"39,9825108","-0,0408208"
12003,12040,1701,Castellon de la Plana,Castellon,"39,9837973","-0,0303198"
12004,12040,1701,Castellon de la Plana,Castellon,"40,0120227","-0,0279867"
12005,12040,1701,Castellon de la Plana,Castellon,"39,9658255","-0,0419877"
12006,12040,1701,Castellon de la Plana,Castellon,"39,9965828","-0,1073935"
12100,12040,1702,Castellon de la Plana,Grao,"39,9761011","0,004663"
12110,12005,1701,Alcora,Alcora,"40,0528579","-0,2150873"
12118,12122,8101,Las Crevadas,Crevadas,"40,1758962","-0,1401381"
12119,12005,2201,Araya,Araya,"40,1144147","-0,1775946"
12120,12072,1701,Lucena del Cid,Lucena del Cid,"40,1654075","-0,2807868"
12121,12005,1799,Alcora,*Diseminado*,"40,0349701","-0,1799368"
12122,12060,1701,Figueroles,Figueroles,"40,1297061","-0,2197765"
12123,12041,1799,Benachera,*Diseminado*,"40,1139761","-0,3654204"
12124,12130,1799,Bibioj,*Diseminado*,"40,2058715","-0,4313729"
12125,12142,10801,Zucaina,Zucaina,"40,1341984","-0,4408037"
12126,12048,8101,San Vicente,San Vicente,"40,1288294","-0,5021589"
12127,12048,5601,Cortes de Arenoso,Cortes de Arenoso,"40,1644705","-0,5446912"
12130,12902,3899,Masia Pla de Lluch,*Diseminado*,"40,0734982","-0,1214235"
12131,12122,8101,Las Crevadas,Crevadas,"40,2219623","-0,1073935"
12132,12001,1701,Atzeneta del Maestrat,Atzeneta del Maestrat,"40,2167332","-0,1963364"
12133,12001,4399,Meanes,*Diseminado*,"40,2628197","-0,1354586"
12134,12025,1701,Benafigos,Benafigos,"40,2370308","-0,2713944"
12135,12139,3899,Masia de Monfort,*Diseminado*,"40,3289401","-0,2807868"
12140,12003,1701,Albocasser,Albocasser,"40,3700908","0,0186555"
12150,12129,1701,Villafranca del Cid,Villafranca del Cid,"40,4411292","-0,2713944"
12159,12038,1701,Castellfort,Castellfort,"40,4921785","-0,2057108"
12160,12026,2201,Benasal,Benasal,"40,3801823","-0,1588618"
12161,12119,1701,Torre D'En Besora (La),Torre D'En Besora (La),"40,3190415","-0,0840215"
12162,12134,3801,Vilar de Canes,Vilar de Canes,"40,3598733","-0,0653341"
12163,12051,1701,Culla,Culla,"40,3292059","-0,1307797"
12164,12105,6999,Brusalet (El),*Diseminado*,"40,294811","-0,0501574"
12165,12014,1701,Ares del Maestre,Ares del Maestre,"40,4515954","-0,0933686"
12166,12105,24999,Marina (La),*Diseminado*,"40,255212","-0,0723408"
12170,12100,1701,Sant Mateu,Sant Mateu,"40,4616817","0,1775946"
12179,12111,1701,Tirig,Tirig,"40,4414282","0,0653341"
12180,12033,2201,Cabanes,Cabanes,"40,1606244","0,0326531"
12181,12029,2201,Benlloch,Benlloch,"40,2168957","0,0279867"
12182,12105,9499,Deveses (Les),*Diseminado*,"40,2884371","-0,0186555"
12183,12132,2299,Mas de Calaf,*Diseminado*,"40,2373173","0,0840215"
12184,12103,4301,Sarratella,Sarratella,"40,3190626","0,0466559"
12185,12050,1701,Coves de Vinroma (Les),Coves de Vinroma (Les),"40,3292059","0,1307797"
12186,12098,1799,Masia D'Enguasch,*Diseminado*,"40,4209838","0,1401381"
12190,12031,1701,Borriol,Urbanizacion L'Abeller,"40,0530384","-0,0653341"
12191,12094,1701,Pobla Tornesa (La),Pobla Tornesa (La),"40,0940591","0,0093266"
12192,12128,1701,Basseta (La),Basseta (La),"40,1145319","-0,0653341"
12193,12105,13601,Ibarsos (Els),Ibarsos (Els),"40,1478158","-0,0629989"
12194,12124,1701,Barona (La),Barona (La),"40,1759773","-0,0279867"
12200,12084,1701,Apeadero de Bechi,Apeadero,"39,9604442","-0,2432307"
12210,12095,1701,Ribesalbes,Ribesalbes,"40,0270656","-0,2854839"
12220,12084,2201,Artesa,Artesa,"39,9965174","-0,1635442"
12221,12109,1701,Tales,Tales,"39,9448938","-0,3042778"
12222,12002,1701,Ain,Ain,"39,908811","-0,3465971"
12223,12108,1701,Sueras,Sueras,"39,955033","-0,3513021"
12224,12017,1701,Ayodar,Ayodar,"39,9702693","-0,403094"
12225,12064,1701,Fuentes de Ayodar,Fuentes de Ayodar,"40,011191","-0,4408037"
12230,12015,1701,Argelita,Argelita,"40,042257","-0,3560076"
12231,12046,1701,Cirat,Cirat,"40,0521485","-0,4596721"
12232,12013,1701,Arañuel,Arañuel,"40,0777215","-0,4738293"
12300,12080,1799,Vespa (La),*Diseminado*,"40,6181387","-0,1015492"
12310,12061,1701,Forcall,Forcall,"40,6598726","-0,2103988"
12311,12087,3801,Palanques,Palanques,"40,73601","-0,1682271"
12312,12075,1701,Mata de Morella (La),Mata de Morella (La),"40,6444261","-0,3089777"
12315,12127,1701,Vallibona,Vallibona,"40,6143368","0,0933686"
12317,12068,1701,Herbes,Herbes,"40,7057134","-0,0279867"
12318,12045,1701,Cinctorres,Cinctorres,"40,5837328","-0,2168502"
12319,12037,1701,Castell de Cabres,Castell de Cabres,"40,6651375","0,0093266"
12320,12099,1701,San Jorge,San Jorge,"40,5426552","0,3654204"
12330,12101,1701,San Rafael del Rio,San Rafael del Rio,"40,5428193","0,3089777"
12340,12070,1701,Jana (La),Jana (La),"40,5023027","0,2338473"
12350,12036,1701,Canet Lo Roig,Canet Lo Roig,"40,5633307","0,2338473"
12360,12052,1799,Anroig,*Diseminado*,"40,5431221","0,1588618"
12370,12052,1701,Anroig,Anroig,"40,5431673","0,1214235"
12400,12104,1799,Esperanza (La),*Diseminado*,"39,7952118","-0,4691097"
12410,12012,1701,Altura,Altura,"39,8358769","-0,5825359"
12412,12067,1701,Geldo,Geldo,"39,8351168","-0,4655703"
12413,12010,1701,Almedijar,Almedijar,"39,8674339","-0,4219444"
12414,12008,1701,Algimia de Almonacid,Algimia de Almonacid,"39,9084924","-0,4408037"
12415,12065,1701,Gaibiel,Gaibiel,"39,9288179","-0,4974359"
12420,12020,1701,Barracas,Barracas,"39,9894734","-0,6867939"
12428,12063,1701,Fuente la Reina,Fuente la Reina,"40,0925526","-0,5920027"
12429,12090,1701,Pina de Montalgrao,Pina de Montalgrao,"39,9581359","-0,7722974"
12430,12022,1701,Arteas de Abajo,Arteas de Abajo,"39,906951","-0,7437761"
12431,12114,1701,Toras,Toras,"39,9278547","-0,6867939"
12440,12043,1701,Caudiel,Caudiel,"39,9900891","-0,5730713"
12447,12078,1701,Montan,Montan,"40,0360572","-0,5554372"
12448,12079,1701,Alqueria (La),Alqueria (La),"40,0723301","-0,5352356"
12449,12024,1701,Benafer,Benafer,"39,9699043","-0,4974359"
12450,12071,2201,Jerica,Jerica,"39,8873558","-0,5730713"
12460,12140,6999,Masias del Rio,*Diseminado*,"39,9132074","-0,6095632"
12469,12097,1701,Canales,Canales,"39,8453685","-0,724773"
12470,12081,1701,Navajas,Navajas,"39,882542","-0,5021589"
12480,12106,1701,Soneja,Soneja,"39,8263444","-0,403094"
12489,12107,1701,Sot de Ferrer,Sot de Ferrer,"39,8006238","-0,3983829"
12490,12018,1701,Azuebar,Azuebar,"39,8470503","-0,3654204"
12499,12056,1701,Chovar,Chovar,"39,8471623","-0,3277829"
12500,12138,1701,Vinaros,Vinaros,"40,501701","0,4408037"
12510,12101,1701,San Rafael del Rio,San Rafael del Rio,"40,6059236","0,346627"
12511,12096,3801,Rosell,Rosell,"40,6141193","0,2432307"
12512,12096,1701,Bel,Bel,"40,6294792","0,1729106"
12513,12042,1701,Avella (La),Avella (La),"40,4923593","0,0186555"
12520,12082,1701,Mascarell,Mascarell,"39,8475152","-0,1588618"
12526,12136,1701,Vilavella (La),Vilavella (La),"39,8654653","-0,1939932"
12527,12016,1701,Artana,Artana,"39,8884921","-0,2526163"
12528,12057,1701,Eslida,Eslida,"39,8883561","-0,3089777"
12529,12082,2299,Nules,*Diseminado*,"39,8655397","-0,1424781"
12530,12027,1701,Benicarlo,Benicarlo,"39,8887478","-0,0653341"
12539,12901,1701,Alquerias del Niño Perdid,Alquerias del Niño Perdid,"39,8938386","-0,1261013"
12540,12135,2299,Carinyena,*Diseminado*,"39,9298174","-0,1214235"
12549,12021,1701,Betxi,Betxi,"39,9297151","-0,1963364"
12550,12009,1701,Almazora,Almazora,"39,9452757","-0,0606637"
12560,12028,1701,Benicasim,Benicasim,"40,0530474","0,0466559"
12570,12004,1701,Alcala de Xivert,Alcala de Xivert,"40,2881839","0,2432307"
12578,12044,1701,Cervera del Maestre,Cervera del Maestre,"40,4512933","0,2807868"
12579,12004,2201,Alcossebre,Alcossebre,"40,2497909","0,2784385"
12580,12027,1701,Benicarlo,Benicarlo,"40,4407465","0,403094"
12589,12034,1701,Calig,Calig,"40,4816639","0,3465971"
12590,12011,1701,Almenara,Almenara,"39,7495732","-0,2291565"
12591,12074,1799,Casablanca,*Diseminado*,"39,7702163","-0,2103988"
12592,12053,1701,Chilches,Chilches,"39,780565","-0,1822792"
12593,12077,1701,Grao,Grao (El),"39,8012029","-0,15418"
12594,12085,1701,Amplaries (Les),Amplaries (Les),"40,1144658","0,1401381"
12595,12033,1799,Borseral (El),*Diseminado*,"40,1247556","0,0933686"
12596,12117,3801,Torreblanca,Torreblanca,"40,2167332","0,1963364"
12597,12102,2201,Santa Magdalena de Pulpis,Santa Magdalena de Pulpis,"40,3799738","0,2713944"
12598,12089,1701,Peñiscola,Peñiscola,"40,3593167","0,3654204"
12599,12093,1701,Ballestar,Ballestar,"40,6954526","0,1682271"
12600,12126,2201,Vall D'Uixo (La),Vall D'Uixo (La),"39,8062185","-0,2338473"
12609,12007,1701,Alfondeguilla,Alfondeguilla,"39,8473074","-0,2713944"
12952,12053,1701,Chilches,Chilches,"40,463667","-3,74922"
13001,13034,2201,Ciudad Real,Ciudad Real,"38,983654","-3,9285613"
13002,13034,2201,Ciudad Real,Ciudad Real,"38,9827673","-3,9355696"
13003,13034,2201,Ciudad Real,Ciudad Real,"38,9908365","-3,9279243"
13004,13034,2201,Ciudad Real,Ciudad Real,"38,9766417","-3,9241021"
13005,13034,2201,Ciudad Real,Ciudad Real,"38,982993","-3,9674371"
13100,13063,1701,Alcornocal (El),Alcornocal (El),"39,0962941","-4,2948884"
13107,13007,1701,Alcolea de Calatrava,Alcolea Calatrava,"38,9773343","-4,1309067"
13108,13051,3801,Luciana,Luciana,"38,9791799","-4,3667907"
13109,13068,1701,Puebla de Don Rodrigo,Puebla de Don Rodrigo,"39,123638","-4,6657027"
13110,13049,1701,Horcajo de Los Montes,Horcajo de Los Montes,"39,3724474","-4,6657027"
13114,13901,1701,Robledo (El),Robledo (El),"39,2209159","-4,2948884"
13115,13006,2201,Santa Quiteria,Santa Quiteria,"39,3008066","-4,3770704"
13116,13006,1701,Alcoba,Alcoba,"39,3391193","-4,4593791"
13117,13017,1701,Anchuras,Anchuras,"39,4466872","-4,8728093"
13118,13017,5601,Huertas Sauceral (Las),Huertas Sauceral (Las)(Nu,"39,4195466","-4,7795149"
13120,13065,2201,Porzuna,Porzuna,"39,1538014","-4,1411406"
13129,13065,2299,Porzuna,*Diseminado*,"39,2668646","-4,1718542"
13130,13042,1701,Fuencaliente,Fuencaliente,"38,427539","-4,2948884"
13140,13040,1701,Fernan Caballero,Fernan Caballero,"39,1078699","-3,9674371"
13150,13031,1701,Carrion de Calatrava,Carrion Calatrava,"39,0287297","-3,8451731"
13160,13083,1701,Torralba de Calatrava,Torralba de Calatrava,"39,0421119","-3,7536663"
13170,13056,1701,Miguelturra,Miguelturra,"38,9548098","-3,8757119"
13179,13066,1701,Pozuelo de Calatrava,Pozuelo de Calatrava,"38,8935888","-3,8349976"
13180,13001,1701,Abenojar,Abenojar,"38,8586633","-4,5211935"
13189,13015,5601,Navacerrada,Navacerrada,"38,7597347","-4,3770704"
13190,13035,1701,Corral de Calatrava,Corral Calatrava,"38,8536554","-4,0899911"
13191,13030,1701,Caracuel de Calatrava,Caracuel Calatrava,"38,9234141","-4,1820961"
13192,13015,8101,Tirteafuera,Tirteafuera,"38,7728484","-4,3051542"
13193,13021,1701,Arroba de Los Montes,Arroba Los Montes,"39,209957","-4,5830789"
13194,13052,5601,Piedrala,Piedrala,"39,3697291","-4,19234"
13195,13034,2299,Ciudad Real,*Diseminado*,"38,9801945","-4,0491077"
13196,13034,1701,Casas (Las),Casas (Las),"39,0534209","-4,0388918"
13197,13034,2201,Ciudad Real,Ciudad Real,"40,463667","-3,74922"
13200,13053,1701,Herrera de la Mancha,Herrera la Mancha,"39,0437007","-3,3590446"
13210,13097,1701,Villarta de San Juan,Villarta de San Juan,"39,2183952","-3,4296446"
13220,13904,1701,Llanos del Caudillo,Llanos del Caudillo,"39,116827","-3,3489671"
13230,13054,1701,Membrilla,Membrilla,"38,9197925","-3,318747"
13240,13079,1701,Solana (La),Solana (La),"38,9231511","-3,1980527"
13247,13074,1701,San Carlos del Valle,San Carlos del Valle,"38,8461258","-3,2425175"
13248,13010,1701,Alhambra,Alhambra,"38,9060343","-3,0576199"
13249,13902,1701,Ruidera,Ruidera,"39,0037091","-2,9076094"
13250,13039,1701,Daimiel,Daimiel,"39,0566787","-3,6217802"
13260,13013,1701,Almagro,Almagro,"38,910182","-3,642048"
13270,13013,1701,Almagro,Almagro,"38,9076292","-3,7232005"
13279,13088,1701,Valenzuela de Calatrava,Valenzuela de Calatrava,"38,8322906","-3,7943157"
13300,13005,2201,Alcazar de San Juan,Alcazar de S Juan,"38,8113074","-3,4599326"
13310,13087,1702,Valdepeñas,Valdepeñas,"38,9067538","-3,4094629"
13320,13093,1701,Villanueva Los Infantes,Villanueva Infantes,"38,7184398","-3,0375914"
13326,13057,1701,Montiel,Montiel,"38,6796074","-2,9175955"
13327,13076,1701,Santa Cruz de Los Cañamos,Santa Cruz de Los Cañamos,"38,6279621","-2,8876436"
13328,13014,1701,Almedina,Almedina,"38,625969","-2,9675572"
13329,13032,1701,Carrizosa,Carrizosa,"38,8421164","-2,9923363"
13330,13092,1701,Villanueva de la Fuente,Villanueva de la Fuente,"38,7271889","-2,6785092"
13331,13089,1701,Cañamares,Cañamares,"38,7413934","-2,7431421"
13332,13089,2201,Villahermosa,Villahermosa,"38,8285056","-2,8178291"
13333,13043,1701,Fuenllana,Fuenllana,"38,7623364","-2,9575607"
13340,13004,1701,Albaladejo,Albaladejo,"38,6094057","-2,7879401"
13341,13081,1701,Terrinches,Terrinches,"38,5869975","-2,847737"
13342,13069,1701,Puebla del Principe,Puebla del Principe,"38,5640544","-2,9275836"
13343,13090,1701,Villamanrique,Villamanrique,"38,5087838","-3,0375914"
13344,13084,1701,Torre de Juan Abad,Torre de Juan Abad,"38,6303952","-3,1980527"
13345,13037,1701,Cozar,Cozar,"38,6647814","-3,0876783"
13350,13058,1701,Moral de Calatrava,Moral de Calatrava,"38,7873793","-3,561026"
13360,13045,1701,Granatula de Calatrava,Granatula Calatrava,"38,7823389","-3,7232005"
13370,13027,1701,Calzada de Calatrava,Calzada de Calatrava,"38,6986773","-3,7232005"
13379,13094,1701,Alameda (La),Alameda (La),"38,6096326","-3,8858955"
13380,13009,1701,Aldea del Rey,Aldea del Rey,"38,7352407","-3,8858955"
13390,13010,2201,Pozo de la Serna,Pozo de la Serna,"38,7865666","-3,2281983"
13391,13008,1701,Alcubillas,Alcubillas,"38,7571123","-3,1578875"
13400,13011,1701,Almaden,Almaden,"38,7870452","-4,7484518"
13410,13002,1701,Agudo,Agudo,"38,9921377","-4,8313257"
13411,13086,1701,Valdemanco del Esteras,Valdemanco Esteras,"38,9647235","-4,7381013"
13412,13038,1701,Chillon,Chillon,"38,823685","-4,8728093"
13413,13003,1701,Alamillo,Alamillo,"38,6699799","-4,8002333"
13414,13012,1701,Almadenejos,Almadenejos,"38,9171907","-4,6243751"
13415,13015,7501,San Benito,San Benito,"38,6097202","-4,7381013"
13420,13052,3801,Malagon,Malagon,"39,1950741","-3,8451731"
13427,13036,1701,Cortijos de Abajo,Cortijos de Abajo,"39,3140589","-4,0082563"
13428,13044,1701,Ballesteros,Ballesteros,"39,2325021","-3,9674371"
13429,13052,1701,Cristo del Espiritu Santo,Cristo Espiritu Santo,"39,178153","-4,0388918"
13430,13029,1701,Cañada de Calatrava,Cañada Calatrava,"38,8456945","-4,0184661"
13431,13095,1701,Villar del Pozo,Villar del Pozo,"38,8528264","-3,962337"
13432,13022,1701,Ballesteros de Calatrava,Ballesteros Calatrava,"38,8066992","-3,9368439"
13440,13020,1701,Argamasilla de Calatrava,Argamasilla de Calatrava,"38,7311199","-4,0082563"
13449,13024,3801,Garganta (La),Garganta (La),"40,463667","-3,74922"
13450,13024,1701,Brazatortas,Brazatortas,"38,6372631","-4,2948884"
13459,13015,1799,Almodovar del Campo,*Diseminado*,"38,6609667","-4,3616516"
13460,13015,11501,Viñuela,Viñuela,"38,6931176","-4,3411001"
13470,13015,9401,Valdeazogues,Valdeazogues,"38,6975949","-4,4310712"
13473,13001,3801,Navalmedio de Morales,Fontanosas,"38,756877","-4,5882392"
13480,13012,1701,Almadenejos,Almadenejos,"38,7360725","-4,7174062"
13490,13046,1701,Guadalmez,Guadalmez,"38,7366722","-4,9558696"
13499,13046,1799,Guadalmez,*Diseminado*,"40,463667","-3,74922"
13500,13071,4301,Puertollano,Puertollano,"38,691151","-4,1053307"
13580,13015,1701,Almodovar del Campo,Almodovar Campo,"38,7254104","-4,1718542"
13590,13048,1701,Hinojosas de Calatrava,Hinojosas Calatrava,"38,5578924","-4,1718542"
13591,13026,1701,Cabezarrubias del Puerto,Cabezarrubias del Puerto,"38,5658022","-4,2435893"
13592,13055,1799,Hoyo (El),*Diseminado*,"38,5716128","-4,0797673"
13593,13080,2201,Solana del Pino,Solana del Pino,"38,4768528","-4,0899911"
13594,13055,1701,Hoyo (El),Hoyo (El),"38,4810573","-3,9674371"
13595,13091,1701,Villamayor de Calatrava,Villamayor de Calatrava,"38,8090084","-4,1718542"
13596,13015,2201,Bienvenida,Bienvenida,"38,6597559","-4,5315029"
13597,13071,5699,Villar (El),*Diseminado*,"38,6474107","-4,0082563"
13598,13015,6901,Retamar,Retamar,"38,5860697","-4,5418141"
13600,13005,1701,Alameda de Cervera,Alameda Cervera,"39,3177867","-3,2181477"
13610,13028,2201,Campo de Criptana,Campo de Criptana,"39,4049862","-3,0576199"
13619,13903,1701,Arenales de San Gregorio,Arenales de San Gregorio,"39,2912521","-3,0476046"
13620,13061,1701,Pedro Muñoz,Pedro Muñoz,"39,3868534","-2,9575607"
13629,13082,1799,Estacion Rio Zancara,*Diseminado*,"40,463667","-3,74922"
13630,13078,1701,Socuellamos,Socuellamos,"39,2451345","-2,8178291"
13640,13015,11501,Viñuela,Viñuela,"39,2919138","-3,3993751"
13650,13070,1701,Puerto Lapice,Puerto Lapice,"39,2788621","-3,4902391"
13660,13050,1701,Labores (Las),Labores (Las),"39,2625446","-3,5155086"
13670,13096,1701,Villarrubia de Los Ojos,Villarrubia Ojos,"39,2229773","-3,6217802"
13679,13018,1701,Arenas de San Juan,Arenas de S Juan,"39,2159949","-3,5104537"
13680,13044,1701,Ballesteros,Ballesteros,"39,2285361","-3,7750573"
13690,13005,1701,Alameda de Cervera,Alameda Cervera,"39,2683838","-3,1277854"
13700,13082,2201,Tomelloso,Tomelloso,"39,2411734","-2,9775558"
13710,13019,1701,Argamasilla de Alba,Argamasilla de Alba,"39,0727875","-3,0576199"
13720,13005,3801,Cinco Casas,Cinco Casas,"39,1696647","-3,318747"
13730,13077,1701,Santa Cruz de Mudela,Santa Cruz de Mudela,"38,6630631","-3,5205641"
13738,13098,8199,Viso del Marques,*Diseminado*,"38,5864302","-3,4548833"
13739,13027,1799,Calzada de Calatrava,*Diseminado*,"38,6072906","-3,6319131"
13740,13085,1701,Torrenueva,Torrenueva,"38,6258977","-3,3590446"
13750,13033,1701,Castellar de Santiago,Castellar de Santiago,"38,544291","-3,2784825"
13760,13016,1701,Almuradiel,Almuradiel,"38,4647046","-3,4902391"
13768,13016,2201,Venta de Cardenas,Venta de Cardenas,"38,4198245","-3,4978186"
13770,13098,8101,Viso del Marques,Viso del Marques,"38,4940829","-3,561026"
13779,13027,1799,Calzada de Calatrava,*Diseminado*,"38,5284265","-3,8044831"
14001,14021,9401,Cordoba,Cordoba,"37,8897334","-4,7769256"
14002,14021,9401,Cordoba,Cordoba,"37,8833812","-4,770453"
14003,14021,9401,Cordoba,Cordoba,"37,8804209","-4,7782202"
14004,14021,2201,Alameda del Obispo,Alcaide (El),"37,8677249","-4,7976431"
14005,14021,2201,Alameda del Obispo,Alcaide (El),"37,8740762","-4,8365094"
14006,14021,9401,Cordoba,Cordoba,"37,8961896","-4,7808095"
14007,14021,9401,Cordoba,Cordoba,"37,894173","-4,7652754"
14008,14021,9401,Cordoba,Cordoba,"37,8861903","-4,7827516"
14009,14021,9401,Cordoba,Cordoba,"37,8636917","-4,7665698"
14010,14021,9401,Cordoba,Cordoba,"37,8727779","-4,7381013"
14011,14021,7599,Castillo de la Albaida,*Diseminado*,"37,915119","-4,8676221"
14012,14021,9401,Cordoba,Cordoba,"37,9031741","-4,7895903"
14013,14021,9401,Cordoba,Cordoba,"37,8550178","-4,7846938"
14014,14021,3806,Alcolea,Porrillas,"37,9151058","-4,7381013"
14015,14021,3801,Alcolea,Barriada del Angel,"37,4543225","-4,2948884"
14016,14021,9401,Cordoba,Cordoba,"38,2780695","-4,356513"
14029,14021,2202,Alameda del Obispo,Abejorreras,"37,8194154","-4,7484518"
14045,14016,2299,Cardeña,*Diseminado*,"37,4257361","-4,6295394"
14071,14067,1799,Villafranca de Cordoba,*Diseminado*,"38,1382192","-5,2057909"
14100,14017,1799,Algarbes (Los),*Diseminado*,"37,6531198","-4,9247074"
14110,14030,2201,Aldea de Fuente Carretero,Fuente Carretero,"37,6811846","-5,1379946"
14111,14017,5601,Chica-Carlota,Chica-Carlota,"37,6993582","-4,9610649"
14112,14030,8101,Ventilla (La),Ventilla (La),"37,7131721","-5,0728823"
14113,14030,1701,Cañada del Rabadan,Cañada del Rabadan,"37,6539751","-5,0834829"
14115,14018,3801,Maruanas,Maruanas,"37,6298287","-5,0364522"
14120,14030,3801,Fuente Palmera,Fuente Palmera,"37,7263167","-5,0754854"
14129,14030,4301,Herreria (La),Herreria (La),"37,7503447","-5,1327829"
14130,14033,1701,Barrio San Vicente,Barrio San Vicente,"37,7574675","-4,9662608"
14140,14065,3801,Victoria (La),Victoria (La),"37,693062","-4,8572493"
14150,14059,1701,San Sebastian de Los Ball,San Sebastian de Los Ball,"37,6629174","-4,8157773"
14190,14021,21399,Puente Viejo,*Diseminado*,"37,8245258","-4,8183684"
14191,14017,2201,Arrecife (El),Arrecife (El),"37,7023888","-4,8883736"
14192,14021,7501,Castillo de la Albaida,Casilla Aire,"37,9506244","-4,9039424"
14193,14017,2201,Arrecife (El),Arrecife (El),"37,8656056","-4,8494709"
14199,14038,9401,Lucena,Lucena,"40,463667","-3,74922"
14200,14052,3801,Peñarroya-Pueblonuevo,Peñarroya-Pueblonuevo,"38,315757","-5,2371087"
14206,14064,1701,Valsequillo,Valsequillo,"38,4670914","-5,3730176"
14207,14032,1701,Granjuela (La),Granjuela (La),"38,3530798","-5,3416255"
14208,14011,1701,Blazquez (Los),Blazquez (Los),"38,4212676","-5,4568133"
14209,14009,4301,Hoyo (El),Hoyo (El),"38,3156906","-5,2971826"
14210,14026,5601,Fuente Agria,Fuente Agria,"38,1355924","-4,8987523"
14220,14026,1799,Ballesta (La),*Diseminado*,"38,1674456","-5,018246"
14230,14071,1701,Villanueva del Rey,Villanueva del Rey,"38,1382192","-5,2057909"
14240,14009,1701,Belmez,Belmez,"38,2664134","-5,1640605"
14248,14009,2201,Doña Rama,Doña Rama,"38,2057099","-5,2867304"
14249,14009,3801,Entredicho (El),Entredicho (El),"38,2013082","-5,3259358"
14250,14070,1799,Mojonera,*Diseminado*,"38,3669008","-5,0286488"
14260,14028,1701,Fuente la Lancha,Fuente la Lancha,"38,4264975","-5,0468584"
14270,14035,1701,Hinojosa del Duque,Hinojosa del Duque,"38,492804","-5,2684437"
14280,14008,1701,Belalcazar,Belalcazar,"38,6021959","-5,1640605"
14290,14029,2201,Argallon,Argallon,"40,463667","-3,74922"
14297,14029,6901,Cuenca,Cuenca,"38,2952434","-5,4568133"
14298,14029,2201,Argallon,Argallon,"38,1981232","-5,509247"
14299,14029,3801,Cañada del Gamo,Cañada del Gamo,"38,1637381","-5,3416255"
14300,14073,1701,Vacar (El),Vacar (El),"37,998648","-5,018246"
14310,14047,1799,Cerro Muriano,*Diseminado*,"38,0731858","-4,7484518"
14320,14026,7501,Vacar (El),Vacar (El),"38,0064587","-4,7665698"
14340,14021,8101,Cerro Muriano,Brimz,"40,463667","-3,74922"
14350,14021,8101,Cerro Muriano,Brimz,"38,0009668","-4,7717475"
14400,14054,1701,Pozoblanco,Pozoblanco,"38,2418418","-4,7484518"
14410,14062,1701,Torrecampo,Torrecampo,"38,4570213","-4,6243751"
14412,14051,1701,Pedroche,Pedroche,"38,4520678","-4,7484518"
14413,14034,1701,Guijo (El),Guijo (El),"38,5250707","-4,7588042"
14420,14067,1701,Villafranca de Cordoba,Villafranca de Cordoba,"37,9647359","-4,5521274"
14430,14001,1701,Adamuz,Adamuz,"38,079738","-4,5830789"
14439,14001,2201,Algallarin,Algallarin,"38,0156486","-4,4645276"
14440,14016,3801,Venta del Charco,Venta del Charco,"38,2888866","-4,6243751"
14445,14009,2299,Doña Rama,*Diseminado*,"38,2562512","-4,3770704"
14446,14016,3801,Venta del Charco,Venta del Charco,"38,1917386","-4,2692327"
14447,14016,1701,Azuel,Azuel,"38,3154701","-4,3411001"
14448,14020,1701,Conquista,Conquista,"38,4097283","-4,4902774"
14449,13015,4301,Horcajo (Minas Del),Horcajo (Minas Del),"38,5053742","-4,4593791"
14450,14006,1701,Añora,Añora,"38,310835","-4,8624355"
14460,14023,1701,Dos Torres,Dos Torres,"38,4788768","-4,8624355"
14470,14073,2201,Villaviciosa de Cordoba,Villaviciosa de Cordoba,"38,6512744","-4,9974461"
14480,14003,1701,Alcaracejos,Alcaracejos,"38,317446","-4,9558696"
14490,14072,1701,Villaralto,Villaralto,"38,4535472","-4,9662608"
14491,14061,1701,Santa Eufemia,Santa Eufemia,"38,6129336","-4,9143239"
14500,14056,1701,Arenales,Arenales,"37,4353399","-4,7898731"
14510,14045,1701,Moriles,Moriles,"37,4257361","-4,6295394"
14511,14038,6901,Dehesa del Cañaveral,Colina de la Virgen,"37,3890406","-4,6140481"
14512,14056,5601,Cordobilla,Cordobilla,"37,3671168","-4,7639811"
14520,14027,1701,Fernan Nuñez,Fernan Nuñez,"37,6828086","-4,7174062"
14530,14041,1701,Montemayor,Montemayor,"37,6632202","-4,6760395"
14540,14057,2201,Rambla (La),Rambla (La),"37,659081","-4,7795149"
14546,14060,3899,Fontanar (El),*Diseminado*,"37,5494461","-4,8624355"
14547,14060,3801,Fontanar (El),Fontanar (El),"37,6353123","-4,8416936"
14548,14040,1701,Montalban de Cordoba,Montalban de Cordoba,"37,5749244","-4,7588042"
14549,14060,5699,Huertas Bocas del Salado,*Diseminado*,"37,5298735","-4,8209596"
14550,14006,1701,Añora,Añora,"37,5696246","-4,6243751"
14600,14043,1799,Campiña,*Diseminado*,"38,1094444","-4,356513"
14610,14001,1799,Adamuz,*Diseminado*,"37,9344716","-4,6502012"
14620,14018,1701,Carpio (El),Carpio (El),"37,9248025","-4,4902774"
14630,14050,1701,Pedro Abad,Pedro Abad,"37,9631885","-4,4542311"
14640,14066,1701,Villa del Rio,Villa del Rio,"37,9747611","-4,2846246"
14650,14012,1701,Bujalance,Bujalance,"37,908276","-4,3667907"
14656,14012,6901,Morente,Morente,"40,463667","-3,74922"
14659,14012,3899,Dehesa de Potros,*Diseminado*,"37,9326213","-4,4233534"
14660,14014,1701,Cañete de Las Torres,Cañete de Las Torres,"37,8462601","-4,3256918"
14670,14063,1701,Valenzuela,Valenzuela,"37,7644402","-4,2435893"
14700,14049,1701,Arriel,Casas de Huertas Arriel,"37,7024231","-5,2579968"
14709,14036,7501,Bembezar del Caudillo,Bembezar del Caudillo,"37,6673184","-5,3311652"
14710,14021,10801,Encinarejo de Cordoba,Encinarejo de Cordoba,"37,8604913","-4,9091329"
14711,14021,10801,Encinarejo de Cordoba,Encinarejo de Cordoba,"37,8282954","-4,9195154"
14719,14021,15401,Majaneque,Barquera (La),"37,8570071","-4,8974549"
14720,14005,1701,Almodovar del Rio,Almodovar del Rio,"37,85149","-4,9974461"
14729,14005,6902,Mochos (Los),Mochos (Los),"37,8146496","-4,9922474"
14730,14049,7501,Graja (La),Casas de Huertas la Graja,"37,8461312","-5,1223608"
14739,14053,10801,Rivero de Posadas,Rivero de Posadas,"37,7862979","-5,1588464"
14740,14036,2299,Aguila (El),*Diseminado*,"38,0645527","-5,435853"
14749,14049,4301,Carrascal (El),Casas de Huertas El Carra,"37,8760312","-5,2841177"
14800,14039,2201,Luque,Luque,"37,4146424","-4,2128337"
14810,14015,1701,Algar,Algar,"37,4543225","-4,2948884"
14811,14013,9401,Gaena-Casas Gallegas,Gaena,"37,4168405","-4,3000211"
14812,14004,1701,Almedinilla,Almedinilla,"37,4457672","-4,0848789"
14813,14004,4301,Bracana,Bracana,"37,4223329","-4,0496193"
14814,14055,3801,Campo Nubes,Campo Nubes,"37,538756","-4,166734"
14815,14031,1701,Cañuelo (El),Cañuelo (El),"37,513045","-4,1411406"
14816,14015,2299,Bernabe,*Diseminado*,"37,4682856","-4,2025859"
14817,14055,5699,Castellar (El),*Diseminado*,"37,3609585","-4,2230836"
14820,14021,20699,Pragdena,*Diseminado*,"37,7851587","-4,5418141"
14830,14025,1701,Espejo,Espejo,"37,6680574","-4,5521274"
14840,14019,2299,Carchena,*Diseminado*,"37,7034417","-4,4593791"
14850,14007,1799,Aladid,*Diseminado*,"37,6171217","-4,3250408"
14852,14046,3801,Nueva Carteya,Nueva Carteya,"40,463667","-3,74922"
14857,14019,5699,Torre del Puerto,*Diseminado*,"37,6082392","-4,4490836"
14858,14019,1701,Llano del Espinar,Llano del Espinar,"37,5602219","-4,5237707"
14859,14007,2201,Albendin,Albendin,"37,7007719","-4,2435893"
14860,14022,1701,Doña Mencia,Doña Mencia,"37,5475046","-4,3667907"
14870,14075,1701,Zuheros,Zuheros,"37,5277335","-4,3256918"
14880,14039,2201,Luque,Luque,"37,5409783","-4,2538452"
14889,14039,1701,Estacion (La),Estacion (La),"40,463667","-3,74922"
14900,14038,1701,Anjaron,Vegas (Las),"37,3598432","-4,5418141"
14910,14010,1701,Benameji,Benameji,"37,2633983","-4,5521274"
14911,14038,6999,Dehesa del Cañaveral,*Diseminado*,"37,3099978","-4,6579514"
14913,14024,1701,Encinas Reales,Encinas Reales,"37,2823564","-4,474826"
14914,14048,1701,Palenciana,Palenciana,"37,2459868","-4,5882392"
14915,14010,2201,Tejar (El),Tejar (El),"37,2357054","-4,5431032"
14920,14002,1701,Aguilar de la Frontera,Aguilar de la Frontera,"37,4828908","-4,6657027"
14930,14013,4301,Benita (La),Huertas Bajas,"37,4545728","-4,5727598"
14940,14013,1799,Alcaidia (La),*Diseminado*,"37,4908416","-4,4593791"
14941,14061,1799,Santa Eufemia,*Diseminado*,"40,463667","-3,74922"
14949,14013,1799,Alcaidia (La),*Diseminado*,"40,463667","-3,74922"
14950,14007,3801,Baena,Baena,"37,3770844","-4,3667907"
14960,14058,10899,Hoz (La),*Diseminado*,"37,3336564","-4,387352"
14970,14037,6999,Cierzos Y Cabreras,*Diseminado*,"37,2792537","-4,2692327"
14978,14037,1799,Adelantado (El),*Diseminado*,"37,2497549","-4,3462373"
14979,14037,3899,Arroyo de Priego,*Diseminado*,"37,3002401","-4,2794935"
15001,15030,1701,Coruña (A),Coruña (A),"43,3712857","-8,3951235"
15002,15030,1701,Coruña (A),Coruña (A),"43,3804644","-8,4006049"
15003,15030,1701,Coruña (A),Coruña (A),"43,3706797","-8,4033458"
15004,15030,1701,Coruña (A),Coruña (A),"43,365281","-8,411569"
15005,15030,1701,Coruña (A),Coruña (A),"43,303707","-8,5102275"
15006,15030,1701,Coruña (A),Coruña (A),"43,3547135","-8,3923829"
15007,15030,1701,Coruña (A),Coruña (A),"43,3556955","-8,411569"
15008,15005,1102801,Borroa,Borroa,"43,34079","-8,434873"
15009,15030,1701,Coruña (A),Coruña (A),"43,3414289","-8,3937532"
15010,15030,1701,Coruña (A),Coruña (A),"43,361751","-8,4430997"
15011,15030,1701,Coruña (A),Coruña (A),"43,372147","-8,432131"
15100,15019,703101,Carballo,Carballo,"43,2275012","-8,6655592"
15102,15019,701001,Barreira (A),Barreira (A),"43,206608","-8,6875659"
15105,15019,512501,Miron,Miron,"43,281565","-8,6490584"
15106,15019,901801,Bas,Bas,"43,236445","-8,7371039"
15107,15019,601101,Campo de San Pedro (O),Campo de San Pedro (O),"43,2765331","-8,7150831"
15108,15019,101601,Aldemunde de Arriba,Aldemunde de Arriba,"43,1923964","-8,6215649"
15109,15019,202001,Barreiro (O),Barreiro (O),"43,1470305","-8,6490584"
15110,15014,501299,Santa Margarita de Baneir,*Diseminado*,"43,2646238","-8,8693609"
15111,15043,201501,Buño,Buño,"43,2731545","-8,7591311"
15112,15043,402899,Algadan,*Diseminado*,"43,2889461","-8,8032042"
15113,15043,101601,Bareango,Bareango,"43,3047108","-8,8473024"
15114,15068,401301,Aldea,Aldea,"43,2769014","-8,9576571"
15115,15014,401301,Aspera,Aspera,"43,2079381","-8,9190152"
15116,15014,301499,Aguarrey,*Diseminado*,"43,2149448","-8,9521357"
15117,15040,101601,Laxe,Laxe,"43,221284","-9,0087486"
15118,15040,201501,Aprazaduiro (O),Aprazaduiro (O),"43,1948682","-9,0239444"
15119,15014,201501,Borneiro,Borneiro,"43,1852543","-8,9631789"
15121,15016,201501,Arou,Arou,"43,1642415","-9,1068816"
15122,15016,401301,Brañas Verdes,Brañas Verdes,"43,1650525","-9,1566855"
15123,15016,103799,Cabo Vilan,*Diseminado*,"43,1484047","-9,1843676"
15124,15052,101699,Baldomar,*Diseminado*,"43,0442307","-9,2231387"
15125,15052,301401,Caberta,Caberta,"43,0881092","-9,1566855"
15126,15052,601101,Leis,Leis,"43,1021982","-8,9797467"
15127,15092,101601,Baiñas,Baiñas,"43,0426682","-9,0018424"
15128,15092,301401,Berdoias,Berdoias,"43,0566764","-9,0681668"
15129,15092,401301,Calo,Calo,"43,1144396","-9,0681668"
15130,15028,101601,Corcubion,Corcubion,"42,933387","-9,1926741"
15137,15028,201501,Amarela,Amarela,"42,9320448","-9,2092897"
15138,15023,401301,Canosa (A),Canosa (A),"42,9864035","-9,2231387"
15139,15031,301401,Castelo de Abaixo,Castelo de Abaixo,"43,2462503","-8,3827917"
15140,15005,1103499,Coto,*Diseminado*,"43,3313608","-8,4650419"
15141,15005,1001401,Froxel,Froxel,"43,3183518","-8,478759"
15142,15005,201501,Arteixo,Arteixo,"43,3158966","-8,5116903"
15144,15005,101601,Anzobre,Anzobre,"43,2882073","-8,5611142"
15145,15041,306601,Casal Do Monte,Casal Do Monte,"43,2218087","-8,5501283"
15146,15041,101699,Amieiro,*Diseminado*,"43,2596512","-8,6215649"
15147,15029,201599,Batan,*Diseminado*,"43,1595546","-8,7371039"
15148,15029,101699,Agrilloi de Abaixo,*Diseminado*,"43,1369264","-8,7811645"
15149,15014,101699,Anles,*Diseminado*,"43,1877937","-8,8693609"
15150,15092,201501,Bamiro,Bamiro,"43,1467996","-8,9631789"
15151,15034,101601,Alvarellos,Alvarellos,"42,988322","-9,0792263"
15152,15034,701099,Altalamaña,*Diseminado*,"43,0066738","-9,1511502"
15153,15037,401301,Bujan,Bujan,"42,9600423","-9,2508437"
15154,15037,101601,Escaselas,Escaselas,"42,9301897","-9,2619284"
15155,15037,301499,Cabo,*Diseminado*,"42,8981305","-9,2702429"
15160,15075,601101,Fontan,Fontan,"43,3510326","-8,2623222"
15165,15008,101601,Aldea de Arriba (A),Aldea de Arriba (A),"43,3124372","-8,2322355"
15166,15008,501201,Armuño,Armuño,"43,3240592","-8,2705298"
15167,15008,701001,Cangas,Cangas,"43,3352387","-8,2486449"
15168,15075,201501,Cimas,Cimas,"43,3416542","-8,2924213"
15169,15075,101601,Agra,Agra,"43,3720091","-8,2705298"
15170,15030,104201,Fontaiña,Fontaiña,"40,463667","-3,74922"
15171,15058,301401,Campamento (O),Campamento (O),"43,3208736","-8,3143192"
15172,15058,414701,Pazo Do Rio,Pazo Do Rio,"43,3334511","-8,3718319"
15173,15058,703101,Condus,Condus,"43,3374614","-8,3170569"
15174,15031,103701,Ombre,Ombre,"43,3152531","-8,3910127"
15175,15021,101699,Atalaia,*Diseminado*,"43,2320473","-8,3471781"
15176,15058,601101,Barcala (A),Barcala (A),"43,3192736","-8,3362235"
15177,15058,101601,Aba,Aba,"43,3871907","-8,3252705"
15178,15058,202001,Aguieira,Aguieira,"43,3584375","-8,3252705"
15179,15058,401301,Babilonia (A),Babilonia (A),"43,3376572","-8,3471781"
15180,15031,101601,Alvedro,Alvedro,"43,3046692","-8,3718319"
15181,15017,101601,Altamira,Altamira,"43,2696738","-8,3581344"
15182,15021,401301,Calle,Calle,"43,2434576","-8,3553951"
15183,15021,301499,Cabancas,*Diseminado*,"43,1831667","-8,3581344"
15184,15021,501299,Belvis de Sumio,*Diseminado*,"43,1859646","-8,385532"
15185,15024,101601,Acebedo,Acebedo,"43,1586009","-8,4952228"
15186,15024,601101,Abeleira,Abeleira,"43,1553189","-8,539144"
15187,15024,201599,Arroio,*Diseminado*,"43,1783256","-8,4239055"
15188,15024,417901,Meirama,Meirama,"43,2019646","-8,4293891"
15189,15031,501201,Culleredo,Culleredo,"43,2960606","-8,3910127"
15190,15030,103701,Feans,Feans,"43,3216087","-8,434873"
15191,15030,114001,Vio,Vio,"40,463667","-3,74922"
15192,15030,101601,Castro de Elviña,Castro de Elviña,"40,463667","-3,74922"
15198,15031,401301,Celas,Celas,"43,2420316","-8,4074573"
15199,15031,601101,Ledoño,Ledoño,"43,2648318","-8,4239055"
15200,15057,1701,Noia,Noia,"42,7847532","-8,887288"
15201,30030,2303701,Guadalupe de Maciascoque,Guadalupe Maciascoque,"40,463667","-3,74922"
15210,15057,201599,Augalevada,*Diseminado*,"42,8054416","-8,8859088"
15211,15057,501201,Agrelo,Agrelo,"42,8243463","-8,8762554"
15212,15042,301499,Aguieira,*Diseminado*,"42,8000421","-8,8307626"
15213,15057,101601,Balbargos,Balbargos,"42,7733164","-8,8941841"
15214,15042,401301,Berrimes,Berrimes,"42,764851","-8,8473024"
15215,15042,201501,Aldaris,Aldaris,"42,7488772","-8,8032042"
15216,15042,501201,Abeixon,Abeixon,"42,748169","-8,8748765"
15218,15042,101699,Arxellas,*Diseminado*,"42,754418","-8,9190152"
15220,15002,801901,Bertamirans,Bertamirans,"42,8636229","-8,6325611"
15228,15002,802401,Cantalarrana,Cantalarrana,"42,8408049","-8,6463086"
15229,15002,301401,Augapesada,Augapesada,"42,9006463","-8,6545583"
15230,15062,1701,Serra de Outes (A),Serra de Outes (A),"42,8495193","-8,941094"
15236,15062,301499,Coiradas,*Diseminado*,"42,843299","-8,8969427"
15237,15062,201599,Baleixo (O),*Diseminado*,"42,8775839","-8,8914256"
15239,15062,401301,Barco (O),Barco (O),"42,8723979","-8,9576571"
15240,15053,201501,Creo,Creo,"42,8073352","-8,98527"
15250,15053,401301,Alivia,Alivia,"42,7743603","-9,0654022"
15256,15045,901801,Asenso,Asenso,"42,9514284","-8,9355737"
15258,15045,101699,Agris,*Diseminado*,"42,9146159","-9,0349977"
15259,15053,501299,Avesada,*Diseminado*,"42,8012098","-9,0626377"
15270,15023,301401,Cee,Cee,"42,9759621","-9,1732936"
15280,15013,101601,Adoufe,Adoufe,"42,8365055","-8,6710603"
15281,15074,1201201,Agrafoxo,Agrafoxo,"42,8182056","-8,7205877"
15282,15074,401399,Asneiros,*Diseminado*,"42,8051439","-8,7646388"
15284,15053,602699,Eiroa (A),*Diseminado*,"40,463667","-3,74922"
15286,15062,101601,Cando de Abaixo,Cando de Abaixo,"42,8458774","-8,8638457"
15287,15062,501299,Albeida,*Diseminado*,"42,8222189","-8,9190152"
15288,15062,801999,Anseres,*Diseminado*,"42,8099423","-8,9521357"
15290,15053,101601,Abelleira,Abelleira,"42,8284769","-9,0239444"
15291,15053,301401,Louro,Louro,"42,7607104","-9,0847566"
15292,15020,301401,Gandara,Gandara,"42,7827172","-9,1124139"
15293,15020,201501,Carnota,Carnota,"42,8232044","-9,0902873"
15295,15020,101601,Adraño,Adraño,"42,8618954","-9,0902873"
15296,15020,502701,Pindo (O),Pindo (O),"42,8935159","-9,1179465"
15297,15034,401399,Covas,*Diseminado*,"42,9224957","-9,1179465"
15298,15023,101699,Caneliñas,*Diseminado*,"42,9479066","-9,1622211"
15299,15023,201501,Berroxe,Berroxe,"42,9294895","-9,1511502"
15300,15009,1701,Betanzos,Betanzos,"43,2821638","-8,2110454"
15310,15032,101699,Abelar,*Diseminado*,"43,1445448","-8,0247005"
15313,15039,101699,Airoa (A),*Diseminado*,"43,2849751","-8,0792577"
15314,15064,101601,Areas,Areas,"43,2803138","-8,1447804"
15315,15050,101699,Abeleira,*Diseminado*,"43,3325768","-7,9483898"
15316,15027,101601,Armea,Armea,"43,2418796","-8,1447804"
15317,15003,101699,Apeadeiro (O),*Diseminado*,"43,2215468","-8,0247005"
15318,15001,101601,Atrio,Atrio,"43,2116117","-8,2978951"
15319,15008,301499,Aldea (A),*Diseminado*,"43,2740329","-8,2322355"
15320,15070,501299,Alvaron,*Diseminado*,"43,4743025","-7,8395151"
15324,15070,1301199,Castro,*Diseminado*,"43,4696485","-7,9756343"
15325,15070,902399,Bouza,*Diseminado*,"43,4077788","-7,9701846"
15326,15070,201599,Azureira,*Diseminado*,"40,463667","-3,74922"
15327,15070,101699,Aparral de Abaixo,*Diseminado*,"43,4124184","-7,8340757"
15328,15070,601199,Alimpadoiros,*Diseminado*,"43,456565","-7,8884881"
15329,15070,701099,Campo Verde,*Diseminado*,"43,4134699","-7,9075288"
15330,15061,2101801,Ortigueira,Ortigueira,"43,6849789","-7,849035"
15332,15061,114099,Regueiro (O),*Diseminado*,"43,6287141","-7,8177601"
15337,15044,102199,Faro Da Estaca de Bares,*Diseminado*,"43,7072648","-7,7145152"
15338,15061,1102899,Ameixeiras (As),*Diseminado*,"40,463667","-3,74922"
15339,15044,202099,Aguieira,*Diseminado*,"43,6991818","-7,7634019"
15340,15061,1810701,Ponte Mera,Ponte Mera,"43,6644993","-7,9211555"
15347,15022,201599,Arrasa,*Diseminado*,"43,6942241","-8,0410634"
15349,15061,1703899,Cal (O),*Diseminado*,"43,6373998","-7,8993756"
15350,15022,105501,Cedeira,Cedeira,"43,6590038","-8,05061"
15357,15022,101699,Acea,*Diseminado*,"43,6736252","-8,0628862"
15358,15022,701099,Atrio,*Diseminado*,"43,6929129","-7,991986"
15359,15022,401399,Aneiros,*Diseminado*,"43,6547875","-7,991986"
15360,15901,101601,Cariño,Cariño,"43,7524978","-7,8884881"
15365,15901,401399,Airado (O),*Diseminado*,"43,7319497","-7,9102647"
15366,15901,201501,Adega,Adega,"43,7033776","-7,9102647"
15367,15061,2602899,Capelada (A),*Diseminado*,"43,6813705","-7,9184327"
15368,15061,2303701,Axilde,Axilde,"43,6484454","-7,8776023"
15369,15901,501201,Areado (O),Areado (O),"43,7078332","-7,8803236"
15379,15032,201599,Alvite,*Diseminado*,"43,105808","-8,0956328"
15380,15063,506401,Oza,Oza,"43,2247209","-8,1830291"
15386,15063,1001499,Barra (A),*Diseminado*,"43,1857314","-8,1229329"
15387,15063,901899,Barbeito,*Diseminado*,"43,1870304","-8,1720989"
15388,15063,101699,Bando,*Diseminado*,"43,2078353","-8,1502433"
15389,15063,201599,Andris,*Diseminado*,"43,2319763","-8,2158297"
15390,15026,101699,Amilladoiro (O),*Diseminado*,"43,1633604","-8,1666344"
15391,15026,401399,Cabanas,*Diseminado*,"43,176312","-8,2541155"
15401,15036,1701,Ferrol,Ferrol,"43,485198","-8,2445422"
15402,15036,1701,Ferrol,Ferrol,"43,4854405","-8,2329191"
15403,15036,1701,Ferrol,Ferrol,"43,4830933","-8,2240321"
15404,15036,1701,Ferrol,Ferrol,"43,4886641","-8,2130958"
15405,15036,1701,Ferrol,Ferrol,"43,4988412","-8,2377049"
15406,15036,1701,Ferrol,Ferrol,"43,4919087","-8,2206664"
15407,15036,1701,Ferrol,Ferrol,"40,463667","-3,74922"
15489,18087,4301,Granada,Granada,"40,463667","-3,74922"
15500,15035,201501,Cadavo,Cadavo,"43,4730672","-8,1639023"
15509,15035,401399,Basante,*Diseminado*,"43,4676492","-8,1393179"
15510,15055,201501,Neda,Neda,"43,5059104","-8,1393179"
15520,15035,501201,Abeledo,Abeledo,"43,4515748","-8,1966943"
15528,15035,101601,Bon Xesus,Bon Xesus,"43,4557337","-8,1720989"
15530,15025,301499,Balados,*Diseminado*,"43,6166326","-7,991986"
15540,15054,1201299,Barcia,*Diseminado*,"43,5298846","-8,2048946"
15541,15054,1301199,Abelleiro (O),*Diseminado*,"43,5577564","-8,2158297"
15542,15087,201599,Calvario (O),*Diseminado*,"43,6045461","-8,0956328"
15543,15087,801999,Augalevada,*Diseminado*,"43,5980949","-8,051974"
15550,15087,401399,Barral (O),*Diseminado*,"43,5792138","-8,1830291"
15551,15087,101601,Barreiro (O),Barreiro (O),"43,5998714","-8,1611703"
15552,15087,701099,Aldarete,*Diseminado*,"43,6022141","-8,1283942"
15553,15087,501299,Amoreira,*Diseminado*,"43,6323913","-8,1065516"
15554,15087,901899,Arnela,*Diseminado*,"43,6259504","-8,0628862"
15555,15022,301499,Ardeon,*Diseminado*,"43,6378001","-8,0301544"
15560,15076,701001,Agra de Abaixo,Agra de Abaixo,"43,539247","-8,0738001"
15561,15076,501299,Ardariz,*Diseminado*,"43,5766831","-8,0847156"
15562,15076,101699,Bañoca,*Diseminado*,"43,5606698","-8,0410634"
15563,15049,101699,Canosa,*Diseminado*,"43,5629735","-8,0083414"
15564,15049,201599,Abelleira,*Diseminado*,"43,562393","-7,9483898"
15565,15081,401399,Abeledo,*Diseminado*,"43,5373626","-7,9647353"
15566,15081,101699,Areas,*Diseminado*,"43,5610227","-7,8993756"
15567,15081,301499,Abeleiral,*Diseminado*,"43,5426638","-7,8884881"
15568,15081,201599,Bacelar,*Diseminado*,"43,5065554","-7,9266015"
15569,15025,101699,Abelleira de Abaixo,*Diseminado*,"43,6021096","-7,9266015"
15570,15054,1701,Naron,Naron,"43,5457002","-8,1174721"
15572,15054,1701,Naron,Naron,"43,5145346","-8,185762"
15573,15054,2201,Rio Do Pozo,Rio Do Pozo,"40,463667","-3,74922"
15576,15076,601199,Abelleira (A),*Diseminado*,"43,4973839","-8,0574299"
15577,15054,201599,Animas,*Diseminado*,"43,498683","-8,1065516"
15578,15054,101601,Agrande,Agrande,"43,529656","-8,1748313"
15579,15055,401399,Casanova,*Diseminado*,"43,4795523","-8,1065516"
15580,15076,301499,Amido,*Diseminado*,"43,4960604","-8,0083414"
15582,15012,1004099,Devesa (A),*Diseminado*,"43,4830165","-7,9211555"
15587,15054,1001499,Bazon,*Diseminado*,"40,463667","-3,74922"
15590,15036,101699,Brion,*Diseminado*,"43,4913802","-8,2582188"
15591,15036,202099,Cabana (A),*Diseminado*,"43,4765422","-8,2814747"
15592,15036,901899,Vila Da Area,*Diseminado*,"43,5131945","-8,3033694"
15593,15036,201599,Barca de Arriba (A),*Diseminado*,"43,4940753","-8,3033694"
15594,15036,1701,Ferrol,Ferrol,"43,5442478","-8,2705298"
15595,15036,801999,Bustelo,*Diseminado*,"43,5275174","-8,2377049"
15596,15054,1101399,Barreiros,*Diseminado*,"43,5536954","-8,1393179"
15598,15076,201599,Borreiros,*Diseminado*,"43,5239819","-8,0192471"
15600,15069,701001,Pontedeume,Pontedeume,"43,4056575","-8,1693666"
15607,15069,401301,Allon,Allon,"43,3981185","-8,2076282"
15608,15048,1701,Costa Miño,Costa Miño,"43,3775391","-8,193961"
15609,15050,601199,Aspera,*Diseminado*,"43,4021788","-8,1174721"
15611,15015,201599,Balbis,*Diseminado*,"43,4323372","-8,1311249"
15612,15015,301499,Barreiras,*Diseminado*,"43,4412688","-8,1065516"
15613,15018,201599,Ameneiro (O),*Diseminado*,"43,4518469","-8,0247005"
15614,15069,101699,Barreiro (O),*Diseminado*,"43,3791085","-8,1720989"
15615,15091,101699,Abeledo (O),*Diseminado*,"43,3718672","-8,1393179"
15616,15091,201599,Agra (A),*Diseminado*,"43,3837883","-8,1065516"
15617,15050,501201,Cabana,Cabana,"43,3840173","-8,0356087"
15619,15050,301499,Abeal,*Diseminado*,"43,3441163","-8,0574299"
15620,15051,201501,Pedreira (A),Pedreira (A),"43,4568027","-8,256851"
15621,15015,101601,Cabanas,Cabanas,"43,4160198","-8,1584384"
15622,15015,401301,Batan,Batan,"43,4270131","-8,1720989"
15623,15004,201501,Curma,Curma,"43,431248","-8,2130958"
15624,15004,101601,Ares,Ares,"43,4310744","-8,2486449"
15625,15004,301499,Agarrios,*Diseminado*,"43,4470425","-8,2924213"
15626,15051,101601,Franza,Franza,"43,4525898","-8,2158297"
15627,15035,301401,Camiño Grande,Camiño Grande,"43,4376089","-8,1912279"
15630,15048,601101,Bra,Bra,"43,3457868","-8,202161"
15635,15048,101601,Ansimonde,Ansimonde,"43,3407517","-8,1720989"
15637,15091,601199,Areosa (A),*Diseminado*,"43,3519082","-8,1502433"
15638,15091,301499,Cabo Da Aldea (O),*Diseminado*,"43,3350603","-8,1174721"
15639,15048,301499,Breanca,*Diseminado*,"43,3599337","-8,1720989"
15640,15008,401301,Baldomir,Baldomir,"43,2952672","-8,2705298"
15650,15017,601101,Aldea de Arriba,Aldea de Arriba,"43,2928799","-8,3033694"
15656,15093,701001,Budian,Budian,"43,1353343","-8,8638457"
15659,15017,303501,Brexo-Lema,Brexo-Lema,"43,2676765","-8,3197946"
15660,15017,501201,Cambre,Cambre,"43,2992793","-8,3471781"
15668,15017,901801,Armental,Armental,"43,2990815","-8,3170569"
15669,15017,201599,Brille,*Diseminado*,"43,2882821","-8,3334851"
15670,15031,201501,Acea de Ama,Acea de Ama,"43,3190622","-8,3718319"
15679,15017,1103401,Graxal (O),Graxal (O),"43,3165701","-8,3567647"
15680,15059,904401,Casillas,Casillas,"43,0762202","-8,4047163"
15683,15084,403401,Bedrobe,Bedrobe,"43,0766315","-8,5611142"
15684,15059,601199,Agromayor,*Diseminado*,"43,0925922","-8,6050736"
15685,15038,102199,Ar,*Diseminado*,"43,0872492","-8,2869478"
15686,15038,202099,Bouzamonte,*Diseminado*,"43,0366374","-8,3197946"
15687,15059,401399,Aneiro,*Diseminado*,"43,0237038","-8,4952228"
15688,15060,101699,Bran,*Diseminado*,"42,9948236","-8,3636131"
15689,15047,1101399,Busto,*Diseminado*,"43,0864471","-8,4293891"
15690,15005,701099,Allan,*Diseminado*,"43,2755754","-8,4732718"
15701,15078,1701,Santiago de Compostela,Santiago de Compostela,"42,8735641","-8,5487552"
15702,15078,1701,Santiago de Compostela,Santiago de Compostela,"42,8605668","-8,544636"
15703,15078,1701,Santiago de Compostela,Santiago de Compostela,"42,8934502","-8,5254159"
15704,15078,1701,Santiago de Compostela,Santiago de Compostela,"42,8862747","-8,540517"
15705,15078,1701,Santiago de Compostela,Santiago de Compostela,"42,8970535","-8,5418899"
15706,15078,1701,Santiago de Compostela,Santiago de Compostela,"42,8663831","-8,5638609"
15707,15078,1701,Santiago de Compostela,Santiago de Compostela,"42,889434","-8,5144352"
15800,15046,1802101,Melide,Melide,"42,9013121","-8,0165205"
15805,15046,301401,Cepelos,Cepelos,"42,9573452","-8,0792577"
15806,15083,101699,Acibadoiro,*Diseminado*,"42,9576238","-7,9374948"
15807,15090,101699,Castro,*Diseminado*,"43,0716731","-8,101092"
15808,15079,101699,Agro Do Chao,*Diseminado*,"42,8621233","-8,0574299"
15809,15046,101699,Eirexe,*Diseminado*,"42,9426222","-8,013794"
15810,15006,201501,Arzua,Arzua,"42,9295652","-8,1639023"
15813,15080,801999,Acea,*Diseminado*,"43,0436848","-8,0192471"
15814,15080,101699,Campelos,*Diseminado*,"43,0220728","-8,051974"
15815,15080,201599,Aldea Do Medio,*Diseminado*,"43,0704844","-7,9810845"
15816,15010,101601,Areas,Areas,"42,9959999","-8,0792577"
15817,15010,402899,Casanova,*Diseminado*,"42,9897796","-8,1666344"
15818,15010,311299,Leira Longa,*Diseminado*,"43,0231866","-8,1720989"
15819,15006,101601,Bosende,Bosende,"42,9391057","-8,1994276"
15820,15078,501201,Castiñeira Pequena (A),Castiñeira Pequena (A),"42,9110532","-8,4513272"
15821,15066,101699,Astrar,*Diseminado*,"42,9159091","-8,385532"
15822,15085,301401,Bendaña,Bendaña,"42,8400958","-8,3636131"
15823,15066,401399,Angumil,*Diseminado*,"42,8856648","-8,3362235"
15824,15066,603299,Castro (O),*Diseminado*,"42,9061477","-8,2541155"
15825,15066,1001401,Barral (O),Barral (O),"42,9879176","-8,2595866"
15826,15006,301401,Boente de Abaixo,Boente de Abaixo,"42,9160493","-8,0819866"
15828,15085,501201,Calvos,Calvos,"42,8533068","-8,2486449"
15830,15056,1701,Negreira,Negreira,"42,9110575","-8,739857"
15837,15077,701001,Almozara,Almozara,"42,9759072","-8,8693609"
15838,15056,101699,Alvite,*Diseminado*,"42,9196809","-8,8473024"
15839,15007,501201,Cabanas,Cabanas,"42,8878259","-8,7591311"
15840,15077,1401001,Aldea (A),Aldea (A),"43,0372071","-8,8252502"
15841,15077,1001499,Arosa (A),*Diseminado*,"43,0101048","-8,8638457"
15845,15077,201501,Antes (As),Antes (As),"43,0530592","-8,8693609"
15846,15077,101699,Albarin,*Diseminado*,"43,0247144","-8,7371039"
15847,15077,301401,Bazar,Bazar,"43,0649629","-8,7150831"
15848,15077,401301,Boaña de Abaixo,Boaña de Abaixo,"43,080856","-8,7591311"
15850,15093,1601899,Toxa (A),*Diseminado*,"43,099966","-8,9162558"
15851,15093,101699,Allo (O),*Diseminado*,"43,1406482","-8,9190152"
15855,15093,501201,Carreira,Carreira,"43,1091265","-8,8914256"
15856,15093,601199,Berbia,*Diseminado*,"43,0828999","-8,9190152"
15857,15093,1001499,Atalaia (A),*Diseminado*,"43,0636358","-8,9190152"
15858,15093,1201201,Abellas (As),Abellas (As),"43,0329954","-8,941094"
15859,15093,301401,Brandomil,Brandomil,"43,0075904","-8,9576571"
15860,15077,601101,Cotoleira,Cotoleira,"43,0757542","-8,8252502"
15861,15077,809699,Pombal (O),*Diseminado*,"43,0094837","-8,77841"
15862,15007,701001,Edreira,Edreira,"42,9896809","-8,7536237"
15863,15007,101699,Canlis,*Diseminado*,"42,9634303","-8,7811645"
15864,15002,101601,Garea (A),Garea (A),"42,8884663","-8,6875659"
15865,15013,401301,Cantelar,Cantelar,"42,8586067","-8,6985716"
15866,15082,201599,Adran,*Diseminado*,"42,8177098","-8,5995773"
15870,15002,201501,Ameixenda,Ameixenda,"42,9208151","-8,6435589"
15871,15088,401399,Bascuas,*Diseminado*,"42,9945039","-8,6270628"
15872,15088,1101399,Carreira,*Diseminado*,"42,9771046","-8,6655592"
15873,15088,201501,Bembibre,Bembibre,"43,0253538","-8,6655592"
15874,15088,101699,Albaxeira,*Diseminado*,"43,049043","-8,6710603"
15880,15089,401399,Angustin,*Diseminado*,"42,771859","-8,434873"
15881,15012,101699,Casanova,*Diseminado*,"42,8352552","-8,4293891"
15882,15012,701001,Ledesma,Ledesma,"42,7960926","-8,3690922"
15883,15082,101699,Barcia,*Diseminado*,"42,7866922","-8,5611142"
15884,15078,401399,Barcavella,*Diseminado*,"42,9657809","-8,4952228"
15885,15089,101699,Castro,*Diseminado*,"42,7783022","-8,478759"
15886,15082,1001401,Agromaior,Agromaior,"42,7653348","-8,5226706"
15887,15066,801901,Amarelle,Amarelle,"42,9742819","-8,3143192"
15888,15060,707801,Sigueiro,Sigueiro,"42,9724724","-8,4376151"
15890,15078,1701,Santiago de Compostela,Santiago de Compostela,"42,9130359","-8,4897345"
15891,15078,1701,Santiago de Compostela,Santiago de Compostela,"40,463667","-3,74922"
15892,15078,1701,Santiago de Compostela,Santiago de Compostela,"42,8638488","-8,5007116"
15893,15078,1701,Santiago de Compostela,Santiago de Compostela,"42,8436695","-8,5116903"
15894,15082,126401,San Sadurniño,San Sadurniño,"42,8376439","-8,5471683"
15895,15002,401301,Ventin,Ventin,"42,8459289","-8,6105703"
15896,15078,2901001,Carballal (O),Carballal (O),"42,8846346","-8,6105703"
15897,15078,1701,Santiago de Compostela,Santiago de Compostela,"42,8669431","-8,5885858"
15898,15078,1701,Santiago de Compostela,Santiago de Compostela,"42,9222018","-8,5611142"
15899,15078,1701,Santiago de Compostela,Santiago de Compostela,"42,8518656","-8,5638609"
15900,15065,505101,Padron,Padron,"42,7369086","-8,6586835"
15910,15065,501201,Agronovo,Agronovo,"42,7470886","-8,6683097"
15911,15074,701001,Antequeira,Antequeira,"42,7625918","-8,6875659"
15912,15074,201501,Buxan,Buxan,"42,7716576","-8,7591311"
15913,15074,102199,Bandon,*Diseminado*,"42,7865141","-8,7233402"
15914,15065,101601,Bandin,Bandin,"42,7595636","-8,5995773"
15915,15065,301499,Barca,*Diseminado*,"42,7376758","-8,6325611"
15916,15033,103701,Lestrove,Lestrove,"42,7321218","-8,673811"
15917,15065,401399,Aduana,*Diseminado*,"42,7483413","-8,6518083"
15920,15072,501201,Barral,Barral,"42,6562655","-8,8087151"
15928,15072,401301,Abuin,Abuin,"42,6482521","-8,7866738"
15930,15011,317001,Boiro,Boiro,"42,6493861","-8,8817715"
15937,15011,601101,Acuncheira,Acuncheira,"42,7015149","-8,9134965"
15938,15011,101601,Abanqueiro,Abanqueiro,"42,6591291","-8,8969427"
15939,15011,401301,Aldea de Arriba,Aldea de Arriba,"42,6219919","-8,8748765"
15940,15067,1701,Pobra Do Caramiñal (Capit,Pobra Do Caramiñal,"42,6035651","-8,9397139"
15948,15067,201599,Aldeavella,*Diseminado*,"42,6353857","-8,9521357"
15949,15067,101601,Areos,Areos,"42,5943017","-8,9493751"
15950,15073,814301,Palmeira,Palmeira,"42,5850576","-8,9742237"
15959,15073,801999,Carballa,*Diseminado*,"42,5799573","-8,9617984"
15960,15073,907699,Martin,*Diseminado*,"42,5519258","-8,9935558"
15965,15073,101601,Aguiño,Aguiño,"42,5254167","-9,0211813"
15966,15073,401399,Aldea,*Diseminado*,"42,5387739","-8,9983896"
15967,15073,305399,Casalnovo,*Diseminado*,"42,5426656","-9,0184183"
15968,15073,902399,Cruxeiras,*Diseminado*,"42,566517","-8,9935558"
15969,15073,201599,Arribas,*Diseminado*,"42,5762728","-9,0239444"
15970,15071,811701,Porto Do Son,Porto Do Son,"42,7237875","-9,008058"
15978,15071,701099,Belga (A),*Diseminado*,"42,7174549","-8,9576571"
15979,15071,101601,Abuin,Abuin,"42,6892869","-9,0073673"
15980,15065,201501,Angueira de Suso,Angueira de Suso,"42,799438","-8,6490584"
15981,15033,101601,Dodriño,Dodriño,"42,7326613","-8,6985716"
15982,15033,201501,Bexo,Bexo,"42,7151645","-8,7371039"
15983,15072,301401,Isorna,Isorna,"42,670218","-8,7536237"
15984,15072,101601,Buia,Buia,"42,6923723","-8,7811645"
15985,15072,601101,Burata (A),Burata (A),"42,6836898","-8,8307626"
15990,15011,201599,Armada,*Diseminado*,"42,7066695","-8,8473024"
15991,15011,513101,Nine,Nine,"42,6692027","-8,8610882"
15992,15011,701099,Carballal,*Diseminado*,"42,6547616","-8,9217747"
15993,15073,601199,Axeitos,*Diseminado*,"42,6124776","-8,9963179"
15994,15071,601101,Alboreda,Alboreda,"42,6186981","-9,0405249"
15995,15071,401399,Abelendo,*Diseminado*,"42,6407496","-9,0073673"
15996,15071,201501,Caamaño,Caamaño,"42,6707498","-8,9963179"
15998,15071,901899,Devesa (A),*Diseminado*,"42,6760647","-9,0211813"
15999,15071,301499,Valcunqueiro,*Diseminado*,"42,7526887","-8,941094"
16001,16078,3801,Cuenca,Cuenca,"40,1161387","-2,0959429"
16002,16078,1799,Colliga,*Diseminado*,"40,0895497","-2,1499356"
16003,16078,3801,Cuenca,Cuenca,"40,0485624","-2,1499356"
16004,16078,3801,Cuenca,Cuenca,"40,0543178","-2,1155691"
16100,16236,1701,Valverde de Jucar,Valverde de Jucar,"39,72324","-2,2335066"
16111,16004,1701,Albaladejo del Cuende,Albaladejo del Cuende,"39,8157262","-2,2433487"
16113,16152,1701,Parra de Las Vegas (La),Parra Vegas (La),"39,8677169","-2,2138289"
16114,16039,1701,Buenache de Alarcon,Buenache de Alarcon,"39,6523607","-2,1646722"
16118,16029,1701,Barchin del Hoyo,Barchin del Hoyo,"39,6950485","-2,086133"
16120,16903,1701,Valera de Abajo,Valera de Abajo,"39,7659283","-2,1548473"
16122,16083,1799,Fresneda de Altarejos,*Diseminado*,"39,9301119","-2,1744993"
16123,16905,1701,Arcas,Arcas,"39,9520909","-2,0959429"
16140,16245,2201,Villalba de la Sierra,Villalba de la Sierra,"40,2392326","-2,0763253"
16141,16022,1701,Arcos de la Sierra,Arcos la Sierra,"40,3513476","-2,086133"
16142,16121,1701,Majadas (Las),Majadas (Las),"40,3119216","-2,0077316"
16143,16122,1701,Mariana,Mariana,"40,1969167","-2,1548473"
16144,16085,1701,Frontera (La),Frontera (La),"40,3591797","-2,2138289"
16145,16909,2201,Pajares,Pajares,"40,3191223","-2,1744993"
16146,16078,8101,Valdecabras,Valdecabras,"40,2724115","-1,9294681"
16147,16122,1799,Mariana,*Diseminado*,"39,9376483","-1,7246856"
16150,16215,1701,Tragacete,Tragacete,"40,3854477","-1,8806237"
16152,16031,1701,Beamud,Beamud,"40,2742986","-1,8123324"
16160,16148,1701,Palomares del Campo,Palomares Campo,"39,9412688","-2,6288523"
16161,16211,3801,Torrejoncillo del Rey,Torrejoncillo Rey,"39,9827669","-2,6090043"
16162,16211,1701,Horcajada de la Torre,Horcajada Torre,"40,0464736","-2,5098914"
16190,16023,2201,Chillaron de Cuenca,Chillaron de Cuenca,"40,1321153","-2,3320235"
16191,16023,1701,Arcos de la Cantera,Arcos la Cantera,"40,1850157","-2,2433487"
16192,16040,1701,Buenache de la Sierra,Buenache Sierra,"40,107456","-2,0077316"
16193,16078,4301,Melgosa (La),Melgosa (La),"39,9844399","-2,0077316"
16194,16023,2202,Chillaron de Cuenca,Señorio del Pinar,"40,0614042","-2,2827384"
16195,16001,1701,Abia de la Obispalia,Abia la Obispalia,"39,9761618","-2,4406387"
16196,16263,1701,Barbalimpia,Barbalimpia,"39,9902048","-2,2531929"
16200,16134,1701,Motilla del Palancar,Motilla Palancar,"39,5738952","-1,9294681"
16210,16042,1701,Campillo de Altobuey,Campillo Altobuey,"39,6170865","-1,8123324"
16211,16158,1701,Picazo (El),Picazo (El),"39,4416593","-2,1008486"
16212,16908,2201,Pozoseco,Pozoseco,"39,4790133","-2,037116"
16214,16003,1701,Alarcon,Alarcon,"39,5725743","-2,0077316"
16215,16017,1701,Almodovar del Pinar,Almodovar Pinar,"39,6983881","-1,8903882"
16216,16081,1701,Chumillas,Chumillas,"39,8193451","-2,0469151"
16220,16175,1701,Quintanar del Rey,Quintanar del Rey,"39,325445","-1,9294681"
16230,16251,1701,Casas de Santa Cruz,Casas de Sta Cruz,"39,407719","-1,9685826"
16235,16113,3801,Iniesta,Iniesta,"39,45227","-1,7733566"
16236,16113,2201,Casas de Juan Fernandez,Casas Juan Fernandez,"39,3267091","-1,851343"
16237,16118,1701,Ledaña,Ledaña,"39,3705527","-1,6955092"
16238,16244,1701,Casas del Olmo,Casas del Olmo,"39,3173968","-1,7830973"
16239,16066,1701,Casasimarro,Casasimarro,"39,3754591","-2,037116"
16240,16155,1701,Peral (El),Peral (El),"39,4918283","-1,8903882"
16250,16068,1701,Castillejo de Iniesta,Castillejo de Iniesta,"39,525134","-1,7441475"
16251,16096,1701,Graja de Iniesta,Graja de Iniesta,"39,5259918","-1,685788"
16260,16125,1701,Minglanilla,Minglanilla,"39,4964568","-1,5789994"
16269,16157,1701,Pesquera (La),Pesquera (La),"39,5791662","-1,5789994"
16270,16248,1701,Villalpardo,Villalpardo,"39,464746","-1,627507"
16280,16271,1701,Villarta,Villarta,"39,4434932","-1,6663523"
16290,16098,1701,Herrumblar (El),Herrumblar (El),"39,4028797","-1,6080974"
16300,16052,1701,Cañete,Cañete,"40,0411199","-1,6663523"
16311,16036,1701,Boniches,Boniches,"39,9510122","-1,5015009"
16312,16093,1701,Garaballa,Garaballa,"39,8177099","-1,4455661"
16313,16014,1701,Aliaguilla,Aliaguilla,"39,7476062","-1,3083685"
16315,16008,1701,Alcala de la Vega,Alcala de la Vega,"40,0331107","-1,5015009"
16316,16044,1701,Campillos-Sierra,Campillos-Sierra,"40,1118555","-1,7344155"
16317,16187,1701,Salinas del Manzano,Salinas Manzano,"40,1550213","-1,5789994"
16318,16189,1701,Casas Nuevas,Casas Nuevas,"40,1150972","-1,5015009"
16320,16202,2201,Talayuelas,Talayuelas,"39,8405954","-1,2794744"
16321,16202,1701,Casillas de Ranera,Casillas Ranera,"39,7996367","-1,2602228"
16330,16117,1701,Landete,Landete,"39,8806368","-1,3758649"
16336,16194,2201,Olmeda (La),Olmeda (La),"39,9850862","-1,2217459"
16337,16135,3899,Moya,*Diseminado*,"39,9835923","-1,3565692"
16338,16013,1701,Algarra,Algarra,"40,0340836","-1,4241426"
16339,16095,1701,Graja de Campalbo,Graja de Campalbo,"39,9126787","-1,2698475"
16340,16046,1701,Cañada del Hoyo,Cañada del Hoyo,"40,028068","-1,851343"
16350,16055,1701,Carboneras de Guadazaon,Carboneras de Guadazaon,"39,8953706","-1,8025852"
16360,16024,1701,Arguisuelas,Arguisuelas,"39,8226187","-1,851343"
16370,16192,1701,San Martin de Boniches,S Martin Boniches,"39,8672439","-1,6178011"
16371,16137,1701,Narboneta,Narboneta,"39,7442531","-1,5789994"
16372,16082,1701,Enguidanos,Enguidanos,"39,6612331","-1,6178011"
16373,16056,1701,Cardenete,Cardenete,"39,7420433","-1,7344155"
16390,16146,1701,Pajaron,Pajaron,"39,9042545","-1,8903882"
16393,16126,1701,Cañada (La),Cañada (La),"39,6632809","-1,4628042"
16400,16203,1701,Tarancon,Tarancon,"40,0041681","-2,9975593"
16410,16106,1701,Horcajo de Santiago,Horcajo Santiago,"39,8493922","-3,0275802"
16411,16086,1701,Fuente de Pedro Naharro,Fuente Pedro Naharro,"39,9210457","-3,0375914"
16412,16002,1701,Acebron (El),Acebron (El),"39,9070668","-2,9825559"
16413,16212,1701,Torrubia del Campo,Torrubia Campo,"39,8720025","-2,9475662"
16414,16167,1701,Pozorrubio,Pozorrubio,"39,8113188","-2,9076094"
16415,16249,1701,Villamayor de Santiago,Villamayor Santiago,"39,7184182","-2,9175955"
16417,16100,1701,Hinojosos (Los),Hinojosos (Los),"39,5966364","-2,8377656"
16420,16016,1701,Almendros,Almendros,"39,8940543","-2,8876436"
16421,16103,1701,Hontanaya,Hontanaya,"39,7314169","-2,807864"
16422,16216,1701,Tresjuncos,Tresjuncos,"39,7223051","-2,7580701"
16423,16145,1701,Osa de la Vega,Osa de la Vega,"39,6398289","-2,7580701"
16430,16186,1701,Saelices,Saelices,"39,8859733","-2,797901"
16431,16018,1701,Almonacid del Marquesado,Almonacid Marquesado,"39,8348169","-2,7879401"
16432,16181,1701,Rozalen del Monte,Rozalen del Monte,"39,7653588","-2,6785092"
16433,16012,1701,Alconchel de la Estrella,Alconchel Estrella,"39,7781139","-2,5693337"
16434,16129,1701,Montalbanejo,Montalbanejo,"39,7382193","-2,5098914"
16435,16099,1701,Hinojosa (La),Hinojosa (La),"39,7192915","-2,4307539"
16440,16130,1701,Montalbo,Montalbo,"39,8586326","-2,6487087"
16441,16101,1701,Hito (El),Hito (El),"39,8467476","-2,7182728"
16442,16269,2201,Villares del Saz,Villares del Saz,"39,8205736","-2,5098914"
16444,16073,1701,Cervera del Llano,Cervera del Llano,"39,7810892","-2,4307539"
16452,16181,1701,Rozalen del Monte,Rozalen del Monte,"39,9766753","-2,8676861"
16460,16027,1701,Barajas de Melo,Barajas de Melo,"40,1186354","-2,9275836"
16461,16119,1701,Leganiel,Leganiel,"40,1585444","-2,9675572"
16463,16185,1701,Saceda-Trasierra,Saceda-Trasierra,"40,161544","-2,847737"
16464,16010,1701,Alcazar del Rey,Alcazar del Rey,"40,0601517","-2,807864"
16465,16108,1701,Huelves,Huelves,"40,0581969","-2,8876436"
16470,16027,2201,Ballestar (El),Ballestar (El),"40,0430746","-3,0776568"
16500,16112,5601,Huete,Huete,"40,133955","-2,7182728"
16510,16173,1701,Garcinarro,Garcinarro,"40,1729819","-2,797901"
16512,16041,1701,Buendia,Buendia,"40,3373236","-2,7580701"
16520,16112,7501,Moncalvillo del Huete,Moncalvillo Huete,"40,2471057","-2,688447"
16521,16112,9401,Valdemoro del Rey,Valdemoro del Rey,"40,2484704","-2,6288523"
16522,16162,1701,Portalrubio de Guadamejud,Portalrubio de Guadamejud,"40,3310164","-2,5891648"
16532,16094,1701,Gascueña,Gascueña,"40,2498027","-2,5693337"
16535,16246,1701,Villalba del Rey,Villalba del Rey,"40,3391874","-2,6785092"
16537,16011,1701,Alcohujate,Alcohujate,"40,4116652","-2,6288523"
16540,16112,1701,Bonilla,Bonilla,"40,1784817","-2,5594214"
16541,16112,4301,Castillejo del Romeral,Castillejo Romeral,"40,0974824","-2,5197932"
16542,16910,1701,Cuevas de Velasco,Cuevas de Velasco,"40,1409425","-2,4011124"
16550,16112,6901,Langa (La),Langa (La),"40,0529586","-2,6785092"
16555,16901,1701,Carrascosa del Campo,Carrascosa Campo,"39,970004","-2,7182728"
16600,16190,2201,San Clemente,San Clemente,"39,4199303","-2,4208713"
16610,16061,1701,Casas de Fernando Alonso,Casas Fernando Alonso,"39,3492118","-2,3320235"
16611,16064,1701,Casas de Haro,Casas de Haro,"39,2885254","-2,2531929"
16612,16065,1701,Casas de Los Pinos,Casas Los Pinos,"39,2752012","-2,4011124"
16620,16007,1701,Alberca de Zancara (La),Alberca de Zancara (La),"39,4799343","-2,5197932"
16621,16195,1701,Santa Maria del Campo Rus,Sta M Campo Rus,"39,5643181","-2,4406387"
16622,16159,1701,Pinarejo,Pinarejo,"39,6165672","-2,4109908"
16623,16072,1701,Castillo de Garcimuñoz,Castillo de Garcimuñoz,"39,6590524","-2,3517526"
16630,16133,1701,Mota del Cuervo,Mota del Cuervo,"39,4716562","-2,8776638"
16638,16153,1701,Pedernoso (El),Pedernoso (El),"39,4745449","-2,7580701"
16639,16196,1701,Santa Maria de Los Llanos,Sta M Los Llanos,"39,4630122","-2,807864"
16640,16033,1701,Belmonte,Belmonte,"39,5581766","-2,7182728"
16646,16247,1701,Villalgordo Marquesado,Villalgordo Marquesado,"39,6763807","-2,5098914"
16647,16087,1701,Fuentelespino de Haro,Fuentelespino Haro,"39,642591","-2,6387795"
16648,16255,1701,Villar de la Encina,Villar la Encina,"39,6346921","-2,5296971"
16649,16058,1701,Carrascosa de Haro,Carrascosa Haro,"39,5710023","-2,6090043"
16650,16124,1701,Mesas (Las),Mesas (Las),"39,3512258","-2,7182728"
16660,16154,1701,Pedroñeras (Las),Pedroñeras (Las),"39,4773039","-2,6387795"
16670,16171,1701,Provencio (El),Provencio (El),"39,3962618","-2,5594214"
16700,16198,1701,Sisante,Sisante,"39,4042483","-2,1646722"
16707,16060,1799,Carmen (El),*Diseminado*,"39,2910981","-2,1155691"
16708,16063,1701,Casas de Guijarro,Casas de Guijarro,"39,3311452","-2,1941598"
16709,16238,1701,Simarro (El),Simarro (El),"39,44342","-2,2827384"
16710,16026,1701,Atalaya del Cañavate,Atalaya Cañavate,"39,4870628","-2,1646722"
16720,16047,1701,Cañada Juncosa,Cañada Juncosa,"39,5633974","-2,2285864"
16730,16102,1701,Honrubia,Honrubia,"39,6088258","-2,2827384"
16738,16049,1701,Cañavate (El),Cañavate (El),"39,5355402","-2,3320235"
16739,16213,1701,Torrubia del Castillo,Torrubia Castillo,"39,6602311","-2,2925911"
16740,16015,1701,Almarcha (La),Almarcha (La),"39,6994961","-2,3912362"
16760,16139,1701,Olivares de Jucar,Olivares de Jucar,"39,7625156","-2,3320235"
16770,16191,1701,S Lorenzo de la Parrilla,S Lorenzo Parrilla,"39,8436428","-2,3912362"
16771,16266,1701,Villarejo-Periesteban,Villarejo-Periesteban,"39,8914635","-2,5594214"
16779,16034,1701,Belmontejo,Belmontejo,"39,814181","-2,3221622"
16780,16019,1701,Altarejos,Altarejos,"39,9061203","-2,3517526"
16781,16083,1701,Fresneda de Altarejos,Fresneda Altarejos,"39,9274548","-2,3123031"
16800,16170,1701,Priego,Priego,"40,4691177","-2,3221622"
16812,16006,1701,Albendea,Albendea,"40,5401162","-2,3320235"
16813,16188,1701,Salmeroncillos de Abajo,Salmeroncillos Abajo,"40,4658456","-2,4801989"
16840,16254,4301,Villar de Domingo Garcia,Villar Domingo Garcia,"40,2351648","-2,2925911"
16841,16005,1701,Albalate de Las Nogueras,Albalate Nogueras,"40,3576505","-2,2925911"
16842,16209,1701,Torralba,Torralba,"40,3068397","-2,2827384"
16843,16272,1701,Bolliga,Bolliga,"40,2227533","-2,4011124"
16850,16050,1701,Cañaveras,Cañaveras,"40,3452585","-2,4011124"
16851,16038,1701,Buciegas,Buciegas,"40,3388122","-2,4653598"
16852,16140,1701,Olmeda de la Cuesta,Olmeda la Cuesta,"40,3111908","-2,4758691"
16853,16143,1701,Olmedilla de Eliz,Olmedilla de Eliz,"40,2988352","-2,4258123"
16854,16071,1701,Castillo-Albarañez,Castillo-Albarañez,"40,2944493","-2,3912362"
16855,16025,1701,Arrancacepas,Arrancacepas,"40,2952559","-2,3517526"
16856,16067,1701,Castejon,Castejon,"40,3930613","-2,5495112"
16857,16045,1701,Canalejas del Arroyo,Canalejas Arroyo,"40,3947749","-2,4703057"
16860,16242,1701,Villaconejos de Trabaque,Villaconejos Trabaque,"40,3980315","-2,3123031"
16870,16035,1701,Beteta,Beteta,"40,5729685","-2,0738737"
16878,16116,1701,Lagunaseca,Lagunaseca,"40,5156826","-2,0077316"
16879,16035,3801,Tobar (El),Tobar (El),"40,5948912","-2,1253854"
16890,16048,1701,Cañamares,Cañamares,"40,4618021","-2,1744993"
16891,16053,1701,Cañizares,Cañizares,"40,5121184","-2,2039933"
16892,16053,3801,Puente de Vadillos,Puente Vadillos,"40,5383707","-2,1597595"
16893,16035,2201,Solan de Cabras,Solan de Cabras,"40,5085903","-2,120477"
17001,17079,5601,Girona,Girona,"41,9855224","2,8190749"
17002,17079,5601,Girona,Girona,"41,9780945","2,8190749"
17003,17079,2299,La Creu de Palau,*Diseminado*,"41,9594288","2,8228124"
17004,17079,5601,Girona,Girona,"41,9785038","2,8527235"
17005,17079,5601,Girona,Girona,"41,9672854","2,8053731"
17006,17079,5601,Girona,Girona,"41,9771911","2,8053731"
17007,17079,3899,Domeny,*Diseminado*,"41,9985553","2,842751"
17100,17022,1701,Bisbal D'Emporda (La),Bisbal D'Emporda (La),"41,9340116","3,0425977"
17110,17902,102101,Fonteta,Fonteta,"41,9278556","3,0876783"
17111,17902,301401,Bordeta (La),Bordeta (La) Nucli,"41,9632064","3,0626284"
17113,17902,201501,Canapost,Canapost,"41,9723077","3,0926899"
17114,17205,1701,Ullastret,Ullastret,"42,0025484","3,0726468"
17116,17901,102101,Cruilles,Bordeta (La),"41,9642649","3,0225754"
17117,17901,109399,Sant Miquel de Cruilles,*Diseminado*,"41,9179145","3,1628837"
17118,17901,301401,Sant Sadurni,Sant Sadurni,"41,9106686","2,9875565"
17120,17130,1799,Pedrinya,*Diseminado*,"42,0150742","2,9725563"
17121,17057,1701,Cassa de Pelras,Cassa de Pelras,"41,9894172","3,0075642"
17123,17197,2201,Torrent,Torrent,"41,9514115","3,1328011"
17124,17117,5601,Llofriu,Llofriu *Barcelon*,"41,9340021","3,1353091"
17130,17062,1701,Empuries,Coma (La),"42,1198504","3,1227702"
17131,17153,1701,Atalaia,Atalaia,"42,0140341","3,0125674"
17132,17068,4301,Cuells,Cuells,"42,0439778","3,0025615"
17133,17068,2201,Sala (La),Sala (La),"42,0279549","3,0476046"
17134,17195,1701,Canet de la Tallada,Canet de la Tallada,"42,0819457","3,0626284"
17135,17195,4301,Tor,Tor,"42,3222789","2,9225893"
17136,17004,1701,Albons,Albons,"42,1110543","3,0826673"
17137,17210,2201,Pelacalç,Pelacalç,"42,1310756","3,0726468"
17140,17199,4307,Torroella de Montgri,Cala Montgo,"42,0512118","3,1027146"
17141,17018,1701,Bellcaire D'Emporda,Bellcaire D'Emporda,"42,0907549","3,1027146"
17142,17211,1701,Verges,Verges,"42,0627053","3,0425977"
17143,17085,2201,Jafre,Jafre,"42,0733821","3,0125674"
17144,17055,1701,Colomers,Colomers,"42,0863251","2,990057"
17150,17163,3899,Domeny,*Diseminado*,"41,9910701","2,7431421"
17151,17163,4301,Ginestar,Ginestar,"42,0111081","2,7331928"
17152,17172,2201,Llora,Llora,"42,0191778","2,7058431"
17153,17172,1701,Granollers de Rocacorba,Granollers de Rocacorba,"42,0373657","2,6685736"
17154,17183,2201,Sant Esteve de Llemena,Sant Esteve de Llemena,"42,0782942","2,6090043"
17160,17008,1701,Angles,Angles,"41,9392441","2,6288523"
17161,17116,3801,Mines D'Osor (Les),Mines D'Osor (Les),"41,9405873","2,5693337"
17162,17020,1701,Bescano,Bescano,"41,9572241","2,7083287"
17163,17020,4301,Vilanna,Vilanna,"41,9959025","2,7481176"
17164,17163,2299,Constantins,*Diseminado*,"41,9731286","2,6636066"
17165,17189,1701,Pasteral (El),Nucleo,"41,9830179","2,6102446"
17166,17189,1799,Pasteral (El),*Diseminado*,"41,9815345","2,5098914"
17170,17007,1701,Amer,Amer,"41,9991387","2,6090043"
17171,17183,1799,La Barroca,*Diseminado*,"42,0014727","2,5587025"
17172,17133,1799,Encies (Les),*Diseminado*,"42,0594085","2,5693337"
17173,17133,2299,Cogolls,*Diseminado*,"42,0945655","2,5445568"
17174,17161,1799,Bastons,*Diseminado*,"42,1002686","2,5098914"
17176,17207,101601,Bas,Bas,"42,1221462","2,4109908"
17177,17207,102199,Dreta del Fluvia,*Diseminado*,"42,086615","2,4554698"
17178,17139,1799,Bellaire,*Diseminado*,"42,155985","2,4455818"
17179,17149,1799,Bac D'En Deu,*Diseminado*,"42,1866367","2,396174"
17180,17215,2201,El Perelló,El Perelló,"41,9530275","2,7804708"
17181,17002,1701,Aiguaviva,Nucleo,"41,9309069","2,7730027"
17182,17020,2299,Estanyol,*Diseminado*,"41,9391159","2,7406546"
17183,17233,2201,Sant Dalmai,Sant Dalmai,"41,9195243","2,7307058"
17184,17233,1701,Salitja,Salitja,"41,911554","2,7530936"
17185,17233,2201,Sant Dalmai,Sant Dalmai,"41,8769518","2,7481176"
17190,17155,1701,Salt,Salt,"41,9700647","2,7929203"
17199,17040,1799,Adri,*Diseminado*,"42,0359676","2,728219"
17200,17117,1799,Bruguerol,*Diseminado*,"41,9109434","3,1629063"
17210,17117,2201,Calella,Calella *Nucli*,"41,8882849","3,1754557"
17211,17117,2201,Calella,Calella *Nucli*,"41,8976473","3,1955414"
17212,17117,8101,Tamariu,Tamariu *Aigua-Xe*,"41,9220152","3,2106111"
17213,17013,2201,Esclanya,Argiles (Les),"41,9304933","3,1729455"
17214,17144,1701,Regencos,Regencos,"41,9503121","3,1729455"
17220,17160,1701,Casa Nova,Casa Nova,"41,7859253","3,0125674"
17230,17118,1799,Cala Margarida,*Diseminado*,"41,862169","3,1328011"
17240,17089,1701,Canyera (La),Canyera (La),"41,8333281","2,9076094"
17241,17142,3801,Creueta (La),Creueta,"41,9589382","2,842751"
17242,17142,2299,Castellar de la Selva,*Diseminado*,"41,952867","2,8876436"
17243,17090,1701,Veinat D'Erols,Veinat D'Erols,"41,9185494","2,8726747"
17244,17044,1701,Cassa de la Selva,Cassa de la Selva,"41,8933815","2,8876436"
17245,17181,1701,Bell-Lloc,Urbanitzacio Bell-Lloc I,"41,8361177","2,9925577"
17246,17181,2201,Bufaganyes,Urbanitzacio Mas Trempat,"41,8119346","2,9675572"
17248,17048,29001,S'Agaro,S'Agaro,"41,7972268","3,0551159"
17249,17048,2201,Castell D'Aro,Castell D'Aro,"41,8251403","3,0325855"
17250,17048,6901,Platja D'Aro,Platja D'Aro,"41,821796","3,0651328"
17251,17034,1701,Cabanyes,Mas Artigues,"41,8683494","3,0876783"
17252,17034,3801,Sant Antoni de Calonge,Sant Antoni de Calonge,"41,8462171","3,1033412"
17253,17110,1799,Canyelles,*Diseminado*,"41,8916595","3,1428341"
17255,17013,1701,Begur,Begur,"41,9494778","3,2030756"
17256,17121,1701,Fontclara,Fontclara,"41,9856665","3,1478514"
17257,17070,1701,Fontanilles,Fontanilles,"42,0450411","3,1478514"
17258,17199,3801,Estartit (L'),Estartit (L'),"42,0490197","3,1829868"
17300,17023,1701,Blanes,Blanes,"41,69222","2,7829605"
17310,17095,1701,Alegries (Les),Mas Romeu Residencial,"41,7160157","2,8277963"
17320,17118,4301,Palamós,Palamós,"41,733931","2,9076094"
17400,17027,2201,Breda,Breda,"41,7546793","2,5569436"
17401,17009,1701,Arbucies,Nucleo,"41,8232432","2,4900943"
17402,17009,4301,Joanet,Joanet,"41,8471026","2,5346498"
17403,17164,1701,Sant Hilari Sacalm,Nucleo,"41,8783874","2,512321"
17404,17146,1701,Bosc de la Batlloria,Bosc de la Batlloria,"41,7578758","2,5247449"
17405,17063,1701,Espinelves,Nucleo,"41,8693021","2,4258123"
17406,17220,1799,Corts (Les),*Diseminado*,"41,845611","2,3714901"
17410,17193,2201,Sils,Sils,"41,817378","2,7481176"
17411,17213,1701,Aiguaviva Parc,Aiguaviva Parc,"41,7761855","2,807864"
17412,17103,1799,Coma Juliana,*Diseminado*,"41,7582116","2,728219"
17420,17193,3899,Vallcanera - Veinat,*Diseminado*,"40,463667","-3,74922"
17421,17148,1799,Raval de L'Esparra,*Diseminado*,"41,8192479","2,6685736"
17430,17095,9499,Santa Cristina,*Diseminado*,"41,8603357","2,6090043"
17441,17028,1701,Brunyola,Brunyola,"41,9185017","2,6685736"
17450,17083,1701,Hostalric,Nucleo,"41,7430572","2,6313339"
17451,17159,1701,Gaserans,Can Cadell,"41,7813069","2,5891648"
17452,17101,1703,Massanes,Massanes (Casc Urba),"41,7799537","2,6487087"
17454,17157,1701,Sant Andreu Salou,Sant Andreu Salou Nucli,"41,8701835","2,8228124"
17455,17033,1701,Caldes de Malavella,Caldes de Malavella,"41,8358025","2,807864"
17456,17033,1701,Caldes de Malavella,Caldes de Malavella,"41,8736944","2,7804708"
17457,17150,1701,Riudellots de la Selva,Riudellots de la Selva,"41,8907573","2,7929203"
17458,17073,1701,Fornells de la Selva,Nucleo,"41,9299406","2,8128463"
17459,17038,1701,Campllong,Nucleo,"41,8997036","2,8327807"
17460,17049,1701,Celra,Celra,"42,0122869","2,8876436"
17461,17079,1799,Campdora,*Diseminado*,"42,0257135","2,8452439"
17462,17025,1701,Bordils,Bordils,"42,0112781","2,9275836"
17463,17067,3801,Flaça,Flaça,"42,0452712","2,9525632"
17464,17050,1701,Cervia de Ter,Cervia de Ter- Nucli,"42,0904021","2,9275836"
17465,17187,1701,Camallera,Camallera,"42,1248549","2,9325785"
17466,17076,1701,Garrigoles,Garrigoles,"42,1081023","3,0075642"
17467,17176,4301,Sant Mori (Generic),Sant Mori,"42,1433202","2,9825559"
17468,17016,3801,Orriols,Orriols,"42,1314286","2,8676861"
17469,17005,1701,El Far D'Emporda,El Far D'Emporda,"42,2265242","3,0075642"
17470,17178,1704,Sant Pere Pescador,Sant Pere Pescador,"42,1900236","3,0826673"
17472,17011,1701,L'Armentera,L'Armentera Nucli,"42,1606919","3,0726468"
17473,17210,1799,Montiro,*Diseminado*,"42,1518846","3,0325855"
17474,17198,1799,Bomba (La),*Diseminado*,"42,1865545","3,0275802"
17475,17175,1701,Sant Miquel de Fluvia,Sant Miquel de Fluvia,"42,1700092","3,0000604"
17476,17075,1701,Arenys D'Emporda,Arenys D'Emporda,"42,1881185","2,9675572"
17480,17152,1701,Canyelles-Almadrava-P.rom,Canyelles-Almadrava-P.rom,"42,2605204","3,2080991"
17481,17169,2201,Medinya,Medinya,"42,0381432","2,842751"
17482,17169,2201,Medinya,Medinya,"42,0574318","2,862698"
17483,17016,1701,Bascara,Bascara,"42,1446048","2,9325785"
17484,17066,2299,Palol,*Diseminado*,"42,2687284","2,9950584"
17485,17230,1701,Vila-Sacra,Vila-Sacra,"42,2606207","3,0225754"
17486,17047,1701,Empuriabrava,Empuriabrava,"42,2491738","3,0826673"
17487,17047,1701,Empuriabrava,Empuriabrava,"42,2483638","3,1127413"
17488,17032,1701,Cadaques,Cadaques Nucleo,"42,2934281","3,2633918"
17489,17140,1799,Erola,*Diseminado*,"42,3195874","3,2080991"
17490,17092,2299,Valleta (La),*Diseminado*,"42,3611418","3,1277854"
17491,17132,1701,Peralada,Peralada,"42,3053256","3,0075642"
17492,17132,2201,Vilanova de la Muga,Vilanova de la Muga,"42,2792595","3,0626284"
17493,17129,1701,Marza,Marza,"42,3178298","3,0926899"
17494,17128,1701,Pau,Pau,"42,3074478","3,1127413"
17495,17120,1701,Palau-Saverdera,Palau-Saverdera,"42,2967865","3,1428341"
17496,17054,1701,Colera,Colera,"42,4004541","3,1277854"
17497,17138,1701,Portbou,Portbou,"42,4245988","3,1428341"
17500,17147,1701,Brucs,Agafallops,"42,2050891","2,2138289"
17512,17096,2299,Les Llosses,*Diseminado*,"42,1574061","2,1253854"
17513,17096,7599,Viladonja,*Diseminado*,"42,1681753","2,0763253"
17515,17212,5699,Ciuret,*Diseminado*,"42,1435295","2,3320235"
17520,17141,1701,Guingueta,Guingueta,"42,4318013","1,9245812"
17527,17094,1701,Cereja,Cereja,"42,4602689","1,9832594"
17528,17082,1701,Guils de Cerdanya,Guils de Cerdanya,"42,4524119","1,8659809"
17529,17141,8101,Age,Age,"42,4018257","1,9539106"
17530,17036,1701,Campdevanol,Nucli Urba,"42,226302","2,1352039"
17531,17036,4399,Sant Cristofol,*Diseminado*,"42,2470995","2,0763253"
17532,17096,1701,La Farga de Bebie,La Farga de Bebie,"42,130512","2,2095256"
17534,17037,1701,Baell,Baell Nucleo,"42,3537999","2,1646722"
17535,17134,1799,Aspre,*Diseminado*,"42,3203595","2,1106617"
17536,17201,1701,Dorria,Dorria,"42,3266073","2,037116"
17537,17006,3801,La Molina,La Molina Nucli,"42,3331377","1,944132"
17538,17006,1701,Alp,Alp Nucli,"42,3586344","1,8903882"
17539,17024,1701,Raval del Castell,Raval del Castell,"42,4485125","1,8025852"
17600,17066,1701,Figueres,Figueres,"42,2720326","2,9625587"
17700,17026,1701,Borrassa,Nucleo,"42,4263826","2,8876436"
17706,17135,1701,Pont de Molins,Pont de Molins,"42,3222789","2,9225893"
17707,17001,1701,Agullana,Nucleo,"42,4082247","2,8277963"
17708,17041,1701,Cantallops,Cantallops,"42,4444998","2,9475662"
17709,17086,1799,Canadal,*Diseminado*,"42,4600484","2,866439"
17720,17102,1799,Arnera,*Diseminado*,"42,3905038","2,7481176"
17721,17102,4399,Les Creus,*Diseminado*,"42,3919144","2,688447"
17722,17060,1799,Arnera,*Diseminado*,"42,3693999","2,807864"
17723,17029,1701,Boadella,Boadella,"42,3331262","2,8826534"
17730,17093,1701,Hostalets,Hostalets-Nucli,"42,2882068","2,9076094"
17731,17196,1799,Guardia (La),*Diseminado*,"42,3144391","2,842751"
17732,17171,3801,Sant Llorenç de la Muga,Sant Llorenç de la Muga,"42,3310231","2,7680247"
17733,17003,1701,Albanya,Albanya,"42,3329109","2,688447"
17734,17003,2299,Carbonills,*Diseminado*,"42,2788823","2,6834778"
17740,17221,1701,Les Forques,Les Forques,"42,2528434","2,9425698"
17741,17051,1701,Cistella,Cistella,"42,2700079","2,847737"
17742,17012,1701,Avinyonet de Puigventos,Avinyonet de Puigventos,"42,2536062","2,9126022"
17743,17228,6901,Vilanant,Vilanant,"42,2642128","2,8826534"
17744,17111,1701,Canelles - Caseriu,Canelles,"42,2154321","2,862698"
17745,17088,1701,Llado,Nucleo,"42,2512838","2,807864"
17746,17031,1701,Cabanelles,Cabanelles,"42,2719538","2,7680247"
17747,17031,1799,Cabanelles,*Diseminado*,"42,1863374","2,842751"
17750,17042,1799,Buscaros,*Diseminado*,"42,366414","2,9275836"
17751,17158,1701,Base Militar,Base Militar,"42,3850493","2,9675572"
17752,17106,1799,Casaloca,*Diseminado*,"42,3571713","3,0000604"
17753,17064,1701,Espolla,Espolla,"42,4233076","3,0075642"
17754,17143,4301,Rabos,Rabos,"42,4026078","3,0476046"
17755,17143,1799,Delfia,*Diseminado*,"42,356252","3,0350884"
17760,17214,1701,Vilabertran,Nucleo,"42,2838907","2,9800558"
17761,17030,1701,Aigueta,Aigueta,"42,306365","2,9675572"
17762,17100,1701,Masarac,Masarac,"42,3411898","2,9525632"
17763,17100,1701,Masarac,Masarac,"42,3406747","2,9725563"
17770,17026,1701,Borrassa,Nucleo,"42,2136719","2,9325785"
17771,17182,1701,Santa Llogaia D'Alguema,Santa Llogaia D'Alguema,"42,2304776","2,9500647"
17772,17115,1701,Ordis,Ordis,"42,2146833","2,8926342"
17773,17136,1701,Pontos Poblacio,Pontos-Nucli,"42,1896492","2,9076094"
17780,17077,1701,Garriguella,Nucleo,"42,3430953","3,0676373"
17781,17227,2201,Vilamaniscle,Nucleo,"42,3773743","3,0726468"
17800,17114,3801,Olot,Olot,"42,180135","2,4703057"
17810,17114,3801,Olot,Olot,"42,1641481","2,5247449"
17811,17184,1799,Arcs (Els),*Diseminado*,"42,1582252","2,5693337"
17812,17114,6999,Batet,*Diseminado*,"42,1816915","2,5123667"
17813,17208,6999,Sant Marti del Clot,*Diseminado*,"42,2309215","2,4011124"
17820,17015,1701,Banyoles,Banyoles,"42,1189331","2,7730027"
17830,17105,1799,Burgueroles,*Diseminado*,"42,1173764","2,6288523"
17831,17174,1799,Briolf,*Diseminado*,"42,1555041","2,688447"
17832,17058,1701,Crespia,Crespia,"42,1728776","2,7879401"
17833,17071,1701,La Farres,La Farres,"42,152164","2,8277963"
17834,17035,1701,Sant Vicenç de Camos,Camos,"42,1150638","2,728219"
17840,17186,4301,Sarria de Ter,Sarria de Ter,"42,0117251","2,8103551"
17843,17123,1799,Sant Marti de la Mota,*Diseminado*,"42,0538374","2,807864"
17844,17056,1701,Borgonya,Borgonya,"42,0933852","2,807864"
17846,17137,1701,Mata,Mata,"42,1062826","2,7854502"
17850,17019,1701,Besalu,Nucli,"42,2147057","2,688447"
17851,17021,4399,Seguero,*Diseminado*,"42,2132958","2,7481176"
17852,17190,1701,Serinya,Serinya,"42,1690197","2,7431421"
17853,17010,1701,Argelaguer,Argelaguer,"42,2484479","2,6291242"
17854,17035,1799,Sant Vicenç de Camos,*Diseminado*,"42,2119401","2,5941239"
17855,17109,1701,Montagut,Montagut,"42,2577372","2,5296971"
17856,17046,1701,Castellfollit de la Roca,Nucleo,"42,2962609","2,5693337"
17857,17185,1701,Beguda,Beguda,"42,1985788","2,5296971"
17858,17208,1701,Canya (La),Nucleo,"42,2393156","2,4703057"
17860,17167,1799,Baga-Amunt,*Diseminado*,"42,2425994","2,3123031"
17861,17112,1701,Ogassa,Ogassa,"42,2634846","2,2531929"
17862,17170,1799,Baga Amunt (La),*Diseminado*,"42,1834182","2,3123031"
17864,17177,2201,Sant Pau de Seguries,Sant Pau de Seguries,"42,2663382","2,3566861"
17865,17177,1701,La Ral,La Ral,"40,463667","-3,74922"
17867,17039,1799,Bolos,*Diseminado*,"42,3185435","2,4505255"
17868,17107,1799,Can Sola,*Diseminado*,"42,3784057","2,4109908"
17869,17091,1799,Espinalba,*Diseminado*,"42,3515174","2,2827384"
18001,18087,4301,Granada,Granada,"37,1790969","-3,6021536"
18002,18087,2201,Bobadilla,Bobadilla,"37,1769946","-3,6053187"
18003,18087,4301,Granada,Granada,"37,1850036","-3,6496505"
18004,18087,4301,Granada,Granada,"37,1723269","-3,6268464"
18005,18087,4301,Granada,Granada,"37,1691224","-3,6002547"
18006,18087,4301,Granada,Granada,"37,1609423","-3,6053187"
18007,18087,4301,Granada,Granada,"37,14374","-3,5989888"
18008,18087,4301,Granada,Granada,"37,1549034","-3,5838002"
18009,18087,4301,Granada,Granada,"37,1741655","-3,566086"
18010,18087,1701,Alqueria del Fargue,Alqueria del Fargue,"37,1912728","-3,5306765"
18011,18087,4301,Granada,Granada,"37,2027487","-3,5939254"
18012,18087,4301,Granada,Granada,"37,1876942","-3,6053187"
18013,18087,4301,Granada,Granada,"37,2074824","-3,6141819"
18014,18087,3801,Cerrillo de Maracena,Cerrillo de Maracena,"37,1971284","-3,6199797"
18015,18087,2201,Bobadilla,Bobadilla,"37,1952335","-3,664859"
18100,18021,1701,Armilla,Armilla,"37,1512306","-3,6167146"
18101,18911,2201,Belicena,Belicena,"37,1701396","-3,6978264"
18102,18911,1701,Ambroz,Ambroz,"37,1710826","-3,6673942"
18110,18905,1701,Gabia Chica,Gabia Chica,"37,1435406","-3,6927531"
18120,18013,1701,Alhama de Granada,Alhama de Granada,"36,99404","-4,0082563"
18126,18020,1701,Arenas del Rey,Arenas del Rey,"36,9233189","-3,8757119"
18127,18020,2201,Fornes,Fornes,"36,9578156","-3,8044831"
18128,18013,7501,Pilas de Algaida,Pilas de Algaida,"37,3024007","-3,1930302"
18129,18020,1799,Arenas del Rey,*Diseminado*,"37,0721285","-3,9164585"
18130,18072,1701,Escuzar,Escuzar,"37,0773774","-3,7536663"
18131,18185,1701,Acula,Acula,"37,074783","-3,8349976"
18132,18001,1701,Agron,Agron,"37,0159976","-3,8299106"
18140,18193,1701,Cumbres Verdes,Cumbres Verdes,"37,1096264","-3,5762077"
18150,18084,1701,Gojar,Gojar,"37,0882021","-3,5762077"
18151,18145,1701,Ogijares,Ogijares,"37,1191111","-3,6167146"
18152,18068,1701,Dilar,Dilar,"37,0627725","-3,5306765"
18160,18094,2201,Guejar-Sierra,Guejar-Sierra,"37,1427314","-3,3590446"
18170,18011,1701,Alfacar,Alfacar,"36,7888139","-3,3489671"
18179,18011,2201,Fuente Grande,Fuente Grande,"37,239251","-3,5357334"
18180,18067,1701,Diezma,Diezma,"37,3242398","-3,3691241"
18181,18063,1701,Darro,Darro,"37,3692085","-3,2885455"
18182,18087,1701,Alqueria del Fargue,Alqueria del Fargue,"37,2146625","-3,5534369"
18183,18099,1701,Huetor-Santillan,Huetor-Santillan,"37,3115336","-3,4397386"
18184,18024,1701,Beas de Granada,Beas de Granada,"37,2413359","-3,4649824"
18185,18099,2201,Molinillo (El),Molinillo (El),"37,074783","-3,8349976"
18190,18047,2201,Cenes de la Vega,Cenes de la Vega,"37,1536668","-3,5357334"
18191,18094,1799,Canales,*Diseminado*,"37,1548628","-3,495292"
18192,18070,1701,Dudar,Dudar,"37,2589788","-3,4094629"
18193,18134,1701,Barrio de la Vega,Barrio de la Vega,"37,1068248","-3,4902391"
18194,18062,1701,Churriana de la Vega,Churriana de la Vega,"37,1503017","-3,6471162"
18195,18057,1701,Cullar Vega,Cullar Vega,"37,1625075","-3,685144"
18196,18134,3801,Sierra Nevada,Sierra Nevada,"37,10135","-3,4018969"
18197,18165,1701,Pulianas,Pulianas,"37,2264285","-3,6065848"
18198,18101,1701,Huetor-Vega,Huetor-Vega,"37,1500081","-3,5686162"
18199,18036,1701,Cajar,Cajar,"37,1337973","-3,5736771"
18200,18127,1701,Maracena,Maracena,"37,2120567","-3,6395141"
18210,18153,1701,Peligros,Peligros,"37,2365037","-3,6268464"
18211,18050,1701,Cogollos Vega,Cogollos Vega,"37,297578","-3,5509074"
18212,18095,1701,Güevéjar,Güevéjar,"37,2585004","-3,6065848"
18213,18111,1701,Jun,Jun,"37,218945","-3,5888626"
18214,18144,1701,Nivar,Nivar,"37,2594191","-3,5762077"
18220,18003,1701,Albolote,Albolote,"37,3158671","-3,6521849"
18230,18022,1701,Atarfe,Atarfe,"37,249875","-3,7130493"
18240,18158,1799,Alitaje,*Diseminado*,"37,248598","-3,7536663"
18247,18132,2201,Moclin,Moclin,"37,3748001","-3,8146526"
18248,18132,3801,Olivares,Olivares,"37,3120563","-3,7739869"
18249,18132,1701,Limones,Limones,"37,3476305","-3,8299106"
18250,18002,5699,Rambla de Los Lobos,*Diseminado*,"37,2304567","-3,8197381"
18260,18102,1799,Alhondiguilla (La),*Diseminado*,"37,3404731","-3,8858955"
18270,18135,1799,Fortaleza,*Diseminado*,"37,3350144","-4,0491077"
18280,18012,1701,Algarinejo,Algarinejo,"37,2976507","-4,2025859"
18290,18003,4301,Chaparral (El),Chaparral (El),"37,2789465","-3,6369803"
18291,18158,2201,Anzola,Anzola,"37,2680281","-3,8146526"
18292,18175,2201,Pedro Ruiz,Pedro Ruiz,"40,463667","-3,74922"
18293,18102,4301,Escoznar,Escoznar,"37,2508492","-3,8502617"
18294,18102,4301,Escoznar,Escoznar,"40,463667","-3,74922"
18295,18012,3801,Fuentes de Cesna,Fuentes de Cesna,"37,2589941","-4,2384621"
18300,18122,1799,Arenales (Los),*Diseminado*,"37,1597924","-4,1718542"
18310,18171,6901,Salar,Salar,"37,1212314","-4,0491077"
18311,18122,12001,Ventorros de San Jose,Ventorros de San Jose,"37,2777365","-4,1616143"
18312,14037,19201,Ventorros de Balerma,Ventorros de Balerma,"37,2158833","-4,248717"
18313,18122,8101,Riofrio,Riofrio,"37,1504131","-4,2102716"
18314,18122,2201,Palma (La),Palma (La),"37,1085446","-4,2589738"
18320,18175,3801,Santa Fe,Santa Fe,"37,1630385","-3,7536663"
18327,18115,1701,Lachar,Lachar,"37,1870251","-3,8400851"
18328,18115,2201,Peñuelas,Peñuelas,"37,1857021","-3,8808034"
18329,18061,1701,Castillo de Tajarja,Castillo de Tajarja,"37,1169668","-3,8553507"
18330,18022,3801,Sierra Elvira,Sierra Elvira,"37,1889816","-3,7790684"
18339,18048,1701,Cijuela,Cijuela,"37,1662836","-3,8197381"
18340,18079,2201,Fuente Vaqueros,Fuente Vaqueros,"37,2207423","-3,7892328"
18350,18102,2201,Alomartes,Alomartes,"37,2805704","-3,9215541"
18360,18100,1799,Calardos,*Diseminado*,"37,195779","-4,0593255"
18369,18188,1701,Villanueva Mesia,Villanueva Mesia,"37,2244157","-4,0031521"
18370,18138,1701,Loreto,Loreto,"37,1778323","-3,9572374"
18380,18102,8101,Tocon,Tocon,"37,2361332","-3,9725378"
18381,18102,3801,Bracana,Bracana,"37,2268013","-3,9317468"
18400,18147,6999,Cerro Negro,*Diseminado*,"36,9009304","-3,4233369"
18410,18043,1799,Cañadillas (Las),*Diseminado*,"36,9430876","-3,4044187"
18411,18151,1701,Pampaneira,Pampaneira,"36,9758646","-3,3842473"
18412,18032,1701,Bubion,Bubion,"36,9526404","-3,3514863"
18413,18042,1701,Capileira,Capileira,"36,9622086","-3,3589329"
18414,18901,1799,Ferreirola,*Diseminado*,"36,9236067","-3,3338547"
18415,18163,1701,Portugos,Portugos,"36,9618882","-3,3086778"
18416,18033,1701,Busquistar,Busquistar,"36,957494","-3,2734517"
18417,18180,1701,Trevelez,Trevelez,"37,0488246","-3,2684215"
18418,18040,1701,Cañar,Cañar,"36,904281","-3,4360855"
18420,18116,1701,Lanjaron,Lanjaron,"36,9358263","-3,4700327"
18430,18179,1701,Torvizcon,Torvizcon,"36,8550231","-3,2885455"
18438,18016,1701,Almegijar,Almegijar,"36,8985645","-3,2684215"
18439,18044,1701,Castaras,Castaras,"36,9153654","-3,2432781"
18440,18035,1701,Cadiar,Cadiar,"36,9227628","-3,1679257"
18448,18035,2201,Narila,Narila,"36,950275","-3,1428341"
18449,18121,1799,Cuesta de Almendros,*Diseminado*,"36,9161822","-3,2131232"
18450,18904,1701,Golco,Golco,"37,0306269","-3,1478514"
18451,18030,1701,Alcutar,Alcutar,"37,0295584","-3,1880083"
18452,18112,1701,Juviles,Juviles,"36,9585926","-3,2332244"
18460,18904,2299,Mecina Bombaron,*Diseminado*,"36,9725363","-3,1127413"
18470,18183,1701,Mecina Alfahar,Mecina Alfahar,"37,0322027","-3,0876783"
18480,18182,1701,Canteras (Las),Canteras (Las),"36,9468658","-3,0676373"
18490,18141,9401,Murtas,Murtas,"36,8588198","-3,1478514"
18491,18181,1799,Casimiros (Los),*Diseminado*,"36,8499004","-3,0776568"
18492,18141,2201,Cojayar,Cojayar,"36,9185838","-3,1227702"
18493,18903,2299,Laroles,*Diseminado*,"40,463667","-3,74922"
18494,18182,2201,Cherin,Cherin,"37,0337462","-3,0275802"
18500,18089,4301,Estacion de Guadix,Estacion de Guadix,"37,3214729","-3,0776568"
18510,18027,1701,Benalúa,Benalúa,"37,3566108","-3,1629063"
18511,18907,1701,Alcudia de Guadix,Alcudia de Guadix,"37,2912138","-3,0075642"
18512,18069,1701,Dolar,Dolar,"37,1962156","-2,9575607"
18513,18074,1701,Ferreira,Ferreira,"37,1837502","-3,0275802"
18514,18010,1701,Aldeire,Aldeire,"37,1398972","-3,0676373"
18515,18076,1701,Fonelas,Fonelas,"40,463667","-3,74922"
18516,18025,1701,Beas de Guadix,Beas de Guadix,"37,2212705","-3,2281983"
18517,18054,1701,Baños (Los),Baños (Los),"37,2722374","-3,318747"
18518,18005,1701,Albuñan,Albuñan,"37,1482437","-3,1578875"
18519,18089,7501,Paulenca,Paulenca,"37,3187967","-3,1936854"
18520,18002,1701,Alamedilla,Alamedilla,"37,5834783","-3,2483058"
18530,18152,3801,Pedro-Martinez,Pedro-Martinez,"37,5316155","-3,1980527"
18538,18015,1701,Alicun de Ortega,Alicun de Ortega,"37,587251","-3,1077277"
18539,18187,1701,Villanueva de Las Torres,Villanueva de Las Torres,"37,5339554","-3,1088636"
18540,18083,1701,Delgadillo,Delgadillo,"37,4332237","-3,2885455"
18550,18105,1799,Barcinas,*Diseminado*,"37,3920568","-3,5240707"
18560,18088,1701,Guadahortuna,Guadahortuna,"37,5369477","-3,3892894"
18561,18136,3801,Montejicar,Montejicar,"37,5547109","-3,5104537"
18562,18159,1701,Bogarre,Bogarre,"37,4151067","-3,3640841"
18563,18083,2201,Gobernador,Gobernador,"37,4954891","-3,3489671"
18564,18051,1701,Colomera,Cauro,"37,388375","-3,7232005"
18565,18038,1701,Campotejar,Campotejar,"37,487774","-3,6116494"
18566,18028,1701,Benalua de Las Villas,Benalua de Las Villas,"37,4384173","-3,6572542"
18567,18105,2299,Cotilfar,*Diseminado*,"37,4896098","-3,5509074"
18568,18159,1701,Bogarre,Bogarre,"37,4298086","-3,4094629"
18569,18137,1701,Montillana,Montillana,"37,4626917","-3,7333537"
18570,18066,1701,Deifontes,Deifontes,"37,3390781","-3,5913939"
18600,18140,2299,Garnatilla (La),*Diseminado*,"36,7527767","-3,4801349"
18610,18173,2201,Lobres,Lobres,"36,786589","-3,5591822"
18611,18133,1701,Molvizar,Molvizar,"36,7866844","-3,6065848"
18612,18103,1701,Itrabo,Itrabo,"36,7857617","-3,6369803"
18613,18140,2299,Garnatilla (La),*Diseminado*,"36,7236284","-3,5559665"
18614,18093,2201,Castell de Ferro,Castell de Ferro,"36,7661539","-3,3892894"
18615,18184,1799,Gorgoracha (La),*Diseminado*,"36,8456748","-3,6116494"
18616,18184,1799,Gorgoracha (La),*Diseminado*,"36,802514","-3,4346913"
18620,18014,1701,Alhendin,Alhendin,"37,0572209","-3,7130493"
18630,18149,1701,Otura,Otura,"37,0750235","-3,6572542"
18640,18150,3801,Padul,Padul,"37,0155983","-3,6724649"
18650,18071,2201,Durcal,Durcal,"37,0198884","-3,5306765"
18656,18119,3801,Chite,Chite,"36,955515","-3,5306765"
18657,18119,1701,Acequias,Acequias,"36,9996292","-3,4902391"
18658,18902,1701,Melegis,Melegis,"36,9107533","-3,5913939"
18659,18007,1701,Albuñuelas,Albuñuelas,"36,9187079","-3,682608"
18660,18119,2201,Beznar,Beznar,"36,8861614","-3,5155086"
18670,18184,1799,Gorgoracha (La),*Diseminado*,"36,8277883","-3,4902391"
18680,18173,1701,Caleta-Guardia (La),Caleta-Guardia (La),"36,7602434","-3,5913939"
18690,18017,1701,Almuñecar,Almuñecar,"36,7774061","-3,7333537"
18697,18017,4301,Herradura (La),Herradura (La),"36,7355082","-3,7397005"
18698,18148,1701,Otivar,Otivar,"36,8412885","-3,7536663"
18699,18109,1701,Jete,Jete,"36,8431906","-3,6927531"
18700,18006,1701,Albuñol,Albuñol,"36,7932225","-3,1880083"
18708,18004,1701,Albondon,Albondon,"36,8357105","-3,2080991"
18710,18147,2201,Alcazar,Alcazar,"36,8059355","-3,3137121"
18711,18170,1799,Barranco Ferrer,*Diseminado*,"36,7888139","-3,3489671"
18713,18177,2201,Melicena,Melicena,"36,770074","-3,2483058"
18720,18140,5601,Torrenueva,Torrenueva,"36,7054131","-3,488976"
18730,18140,1701,Calahonda,Calahonda,"36,7027296","-3,4422624"
18740,18093,1701,Romeral (El),Romeral (El),"36,7279494","-3,3603044"
18750,18162,3801,Castillo de Baños,Abajo,"36,7529649","-3,2835137"
18760,18006,6901,Rabita (La),Rabita (La),"36,7583118","-3,1854975"
18770,18006,5601,Pozuelo (El),Pozuelo (El),"36,7497249","-3,1541237"
18800,18023,3801,Baza,Baza,"37,4138104","-2,797901"
18810,18039,3801,Caniles,Caniles,"37,416566","-2,6785092"
18811,18194,2299,Carramaiza,*Diseminado*,"37,5407924","-2,8377656"
18812,18078,1701,Freila,Freila,"37,5388536","-2,9175955"
18813,18912,1701,Cuevas del Campo,Cañada Morteros,"37,624009","-2,9175955"
18814,18053,2201,Cortes de Baza,Cortes de Baza,"37,669438","-2,797901"
18815,18053,1701,Campo Camara,Campo Camara,"37,7416635","-2,8876436"
18816,18046,1701,Almontaras,Almontaras,"37,8402745","-2,7580701"
18817,18029,1701,Benamaurel,Benamaurel,"37,6296591","-2,6785092"
18818,18045,1701,Carriones (Los),Carriones (Los),"37,7147153","-2,6785092"
18819,18039,1701,Balax,Balax,"40,463667","-3,74922"
18820,18164,1701,Almaciles,Almaciles,"37,9128649","-2,341887"
18830,18098,1701,Barrio Nuevo,Barrio Nuevo,"37,8230969","-2,5792482"
18840,18082,2299,Buenavista,*Diseminado*,"37,7173513","-2,5594214"
18849,18082,1701,Alqueria (La),Alqueria (La),"40,463667","-3,74922"
18850,18056,1701,Cullar,Cullar,"37,5479805","-2,5197932"
18857,18056,2201,Margen (El),Barrio Nuevo,"40,463667","-3,74922"
18858,18146,1701,Fuente Nueva,Fuente Nueva,"37,7198298","-2,4778761"
18859,18056,4301,Pulpite,Casa Abad,"37,5817889","-2,4307539"
18860,18023,2201,Baul,Baul,"37,4843389","-2,9675572"
18870,18085,1799,Cenascuras,*Diseminado*,"37,388094","-2,9775558"
18880,18089,6901,Hernan-Valle,Hernan-Valle,"37,3701753","-3,052612"
18890,18086,1701,Gorafe,Gorafe,"37,5254429","-3,0275802"
18891,18056,3801,Pozo Iglesias,Almendro (El),"37,5621347","-2,6040436"
19001,19130,1701,Guadalajara,Guadalajara,"40,6332793","-3,1666708"
19002,19130,1701,Guadalajara,Guadalajara,"40,5620152","-3,1277854"
19003,19130,1701,Guadalajara,Guadalajara,"40,6240244","-3,1804763"
19004,19130,1701,Guadalajara,Guadalajara,"40,6467782","-3,1829868"
19005,19130,1701,Guadalajara,Guadalajara,"40,6476021","-3,1528692"
19080,19130,1799,Guadalajara,*Diseminado*,"40,9886046","-2,8726747"
19100,19212,1701,Pastrana,Pastrana,"40,4149458","-2,9175955"
19110,19192,1701,Mondejar,Mondejar,"40,317748","-3,1277854"
19111,19327,1701,Yebra,Yebra,"40,3428611","-2,9475662"
19112,19007,1701,Albares,Albares,"40,3303426","-3,0375914"
19113,19124,1701,Fuentenovilla,Fuentenovilla,"40,3794492","-3,1077277"
19114,19176,1701,Mazuecos,Mazuecos,"40,2597","-3,0075642"
19115,19021,1701,Almoguera,Almoguera,"40,2916063","-2,9575607"
19116,19107,1701,Driebes,Driebes,"40,2382328","-3,0476046"
19117,19006,1701,Albalate de Zorita,Albalate Zorita,"40,2527824","-2,8776638"
19118,19022,1701,Almonacid de Zorita,Almonacid Zorita,"40,3453544","-2,847737"
19119,19006,2201,Nueva Sierra de Altomira,Nueva Sierra de Altomira,"40,4118649","-3,0375914"
19120,19245,4301,Sacedon,Sacedon,"40,4605094","-2,7182728"
19125,19009,1701,Alcocer,Alcocer,"40,4736398","-2,5891648"
19126,19247,1701,Salmeron,Salmeron,"40,5368287","-2,4900943"
19127,19078,1701,Castilforte,Castilforte,"40,5350995","-2,5693337"
19128,19106,1701,Chillaron del Rey,Chillaron del Rey,"40,6141152","-2,6685736"
19129,19019,1701,Alique,Alique,"40,5540901","-2,6288523"
19130,19045,1701,Auñon,Auñon,"40,5300477","-2,7879401"
19131,19045,2201,Entrepeñas,Entrepeñas,"40,5156323","-2,7530936"
19132,19018,1701,Alhondiga,Alhondiga,"40,4467332","-2,8676861"
19133,19023,1701,Alocen,Alocen,"40,6221684","-2,7580701"
19134,19215,1701,Peñalver,Peñalver,"40,5677493","-2,9076094"
19135,19041,1701,Armuña de Tajuña,Armuña de Tajuña,"40,5240357","-3,0275802"
19139,19326,3801,Valdeluz,Valdeluz,"40,5878063","-3,1127413"
19140,19143,1701,Horche,Horche,"40,5636232","-3,0676373"
19141,19036,1701,Aranzueque,Aranzueque,"40,481781","-3,0876783"
19142,19161,1701,Lupiana,Lupiana,"40,6052896","-3,0275802"
19143,19108,1799,Duron,*Diseminado*,"40,6093579","-2,8676861"
19144,19121,1701,Fuentelencina,Fuentelencina,"40,506776","-2,9076094"
19145,19233,1701,Renera,Renera,"40,4833662","-3,0275802"
19150,19130,2201,Iriepal,Iriepal,"40,6388142","-3,1027146"
19151,19082,1701,Centenera,Centenera,"40,6500236","-3,0626284"
19152,19015,1701,Aldeanueva de Guadalajara,Aldeanueva de Guadalajara,"40,6859049","-3,0476046"
19153,19043,1701,Atanzon,Atanzon,"40,6666772","-3,0075642"
19160,19105,1701,Albolleque,Albolleque,"40,5806832","-3,1880083"
19161,19225,1701,Pozo de Guadalajara,Pozo de Guadalajara,"40,4994029","-3,1880083"
19162,19220,1701,Pioz,Pioz,"40,4642451","-3,1747353"
19170,19071,1701,Casar (El),Casar (El),"40,7163401","-3,4094629"
19171,19058,1701,Cabanillas del Campo,Cabanillas del Campo,"40,6398936","-3,2483058"
19174,19126,1701,Galapagos,Galapagos,"40,6775805","-3,3489671"
19180,19171,1701,Marchamalo,Marchamalo,"40,6763623","-3,2131232"
19181,19130,5601,Usanos,Usanos,"40,463667","-3,74922"
19182,19120,1701,Fuentelahiguera Albatages,Fuentelahiguera Albatages,"40,7302511","-3,2784825"
19184,19070,1701,Casa de Uceda,Casa de Uceda,"40,9289287","-3,3993751"
19185,19071,4301,Mesones,Mesones,"40,7580185","-3,3691241"
19186,19102,1701,Cubillo de Uceda (El),Cubillo Uceda (El),"40,8175293","-3,4094629"
19187,19293,1701,Caraquiz,Caraquiz,"40,856758","-3,4498346"
19190,19105,7501,Casasola,Casasola,"40,7264324","-3,0476046"
19191,19225,1701,Pozo de Guadalajara,Pozo de Guadalajara,"41,0025528","-3,1127413"
19192,19125,1701,Gajanejos,Gajanejos,"40,7892506","-2,9675572"
19193,19130,4301,Taracena,Taracena,"40,6634926","-3,1277854"
19194,19130,6901,Valdenoches,Valdenoches,"40,5016947","-2,9428291"
19196,19039,1701,Argecilla,Argecilla,"40,8721581","-2,8876436"
19197,19066,1701,Cañizar,Cañizar,"40,7658695","-3,0876783"
19198,19286,1701,Tortola de Henares,Tortola de Henares,"40,7040339","-3,1277854"
19200,19046,1701,Azuqueca de Henares,Azuqueca Henares,"40,5581332","-3,2684215"
19208,19024,1701,Alovera,Alovera,"40,5943764","-3,2432781"
19209,19230,1701,Quer,Quer,"40,598175","-3,2885455"
19210,19331,1701,Yunquera de Henares,Yunquera de Henares,"40,7637008","-3,1679257"
19219,19166,1701,Malaga del Fresno,Malaga del Fresno,"40,8019423","-3,2483058"
19220,19151,2201,Humanes,Humanes,"40,819751","-3,1528692"
19222,19262,4301,Tamajon,Tamajon,"41,0038622","-3,2483058"
19223,19060,1701,Campillejo,Campillejo,"41,0924912","-3,318747"
19224,19060,6901,Matallana,Matallana,"41,0412873","-3,3489671"
19225,19182,1701,Mierla (La),Mierla (La),"40,9825646","-3,2885455"
19226,19151,3801,Razbona,Razbona,"40,8036193","-3,1880083"
19227,19005,1701,Alarilla,Alarilla,"40,8429461","-3,2281983"
19229,19092,4301,Torrebeleña,Torrebeleña,"40,8850253","-3,1679257"
19230,19092,3801,Cogolludo,Cogolludo,"40,9482953","-3,0676373"
19237,19037,1701,Arbancon,Arbancon,"41,058901","-3,0776568"
19238,19146,1701,Huerce (La),Huerce (La),"41,1073347","-3,1478514"
19239,19092,1701,Aleas,Aleas,"41,0025528","-3,1127413"
19240,19156,2201,Jadraque,Jadraque,"40,9270752","-2,9126022"
19242,19135,1701,Hiendelaencina,Hiendelaencina,"41,0708149","-3,0075642"
19243,19057,1701,Bustares,Bustares,"41,1415051","-2,9975593"
19244,19096,1701,Aldeanueva de Atienza,Aldeanueva Atienza,"41,1739106","-3,1027146"
19245,19031,1701,Angon,Angon,"41,0237604","-2,8776638"
19246,19073,1701,Casas de San Galindo,Casas de San Galindo,"40,9715931","-2,9475662"
19247,19055,1701,Bujalaro,Bujalaro,"40,940043","-2,9975593"
19248,19138,1701,Hita,Hita,"40,8276269","-3,0476046"
19250,19257,25201,Siguenza,Siguenza,"41,0594558","-2,6487087"
19260,19011,1701,Alcolea del Pinar,Alcolea del Pinar,"41,0381144","-2,475252"
19261,19011,2201,Cortes de Tajuña,Cortes de Tajuña,"40,9522944","-2,4801989"
19262,19116,1701,Estriegana,Estriegana,"41,0312435","-2,5594214"
19263,19257,7501,Bujarrabal,Bujarrabal,"41,0874036","-2,5247449"
19264,19257,1701,Alboreca,Alboreca,"41,1408756","-2,6090043"
19265,19257,15499,Matas,*Diseminado*,"41,1144808","-2,6636066"
19266,19202,1701,Olmeda de Jadraque (La),Olmeda Jadraque (La),"41,0978789","-2,728219"
19267,19257,8101,Cabrera (La),Cabrera (La),"41,0182374","-2,688447"
19268,19017,1701,Algora,Algora,"40,9487854","-2,6387795"
19269,19210,2201,Rienda,Rienda,"41,1895498","-2,6785092"
19270,19044,2201,Atienza,Atienza,"41,1847605","-2,8776638"
19273,19226,1701,Pradena de Atienza,Pradena de Atienza,"40,463667","-3,74922"
19274,19044,1701,Alpedroches,Alpedroches,"41,2131054","-3,318747"
19275,19008,1701,Albendiego,Albendiego,"41,2176164","-3,1578875"
19276,19044,2201,Atienza,Atienza,"41,2640863","-2,9175955"
19277,19010,1701,Alcolea de Las Peñas,Alcolea Las Peñas,"41,2268986","-2,797901"
19278,19052,1701,Bodera (La),Bodera (La),"41,1342483","-2,8876436"
19280,19170,4301,Maranchon,Maranchon,"41,0484532","-2,2138289"
19281,19170,1701,Balbacil,Balbacil,"41,0400359","-2,1253854"
19282,19032,1701,Aguilar de Anguita,Aguilar Anguita,"40,9101882","-2,5594214"
19283,19032,2201,Anguita,Anguita,"41,0354527","-2,3616203"
19284,19011,3801,Garbajosa,Garbajosa,"40,751581","-1,8611011"
19285,19089,1701,Ciruelos del Pinar,Ciruelos del Pinar,"41,0370368","-2,2827384"
19286,19033,2201,Tobillos,Tobillos,"40,9890802","-2,1548473"
19287,19033,1701,Anquela del Ducado,Anquela Ducado,"41,0018131","-2,0077316"
19290,19117,1701,Fontanar,Fontanar,"40,7275765","-3,1930302"
19292,19098,1701,Copernal,Copernal,"40,8877285","-3,0676373"
19294,19075,1701,Castejon de Henares,Castejon de Henares,"40,9460023","-2,7580701"
19295,19047,1701,Baides,Baides,"41,0257183","-2,797901"
19300,19190,4301,Molina,Molina,"40,8524731","-1,8806237"
19310,19013,1701,Alcoroches,Alcoroches,"40,5189009","-1,8123324"
19311,19204,1701,Orea,Orea,"40,5304072","-1,7246856"
19312,19219,1701,Pinilla de Molina,Pinilla de Molina,"40,6801556","-1,8903882"
19313,19216,1701,Peralejos de Las Truchas,Peralejos Truchas,"40,5886451","-1,900155"
19314,19264,1701,Taravilla,Taravilla,"40,6788534","-1,9685826"
19315,19178,1701,Megina,Megina,"40,6298969","-1,8611011"
19320,19027,1701,Alustante,Alustante,"40,6030867","-1,6178011"
19321,19027,2201,Motos,Motos,"41,105387","-3,0325855"
19323,19272,1701,Tordesilos,Tordesilos,"40,6745416","-1,5886966"
19324,19255,1701,Setiles,Setiles,"40,7248372","-1,6178011"
19325,19003,1701,Adobes,Adobes,"40,6831712","-1,6955092"
19326,19222,1701,Pobo de Dueñas (El),Pobo Dueñas (El),"40,795604","-1,627507"
19327,19213,1701,Pedregal (El),Pedregal (El),"40,7812867","-1,5644578"
19328,19076,1701,Castellar de la Muela,Castellar Muela,"40,7944856","-1,7052325"
19332,19016,1701,Algar de Mesa,Algar de Mesa,"41,1227029","-2,0077316"
19333,19265,4301,Labros,Labros,"40,9932218","-1,9196949"
19334,19099,1701,Aragoncillo,Aragoncillo,"41,0540329","-1,900155"
19336,19209,1701,Pardos,Pardos,"40,9525344","-1,9392435"
19337,19285,1701,Torrubia,Torrubia,"40,9736864","-1,8806237"
19338,19287,1701,Tortuera,Tortuera,"41,0056437","-1,7733566"
19339,19109,1701,Embid,Embid,"40,9541299","-1,8415871"
19340,19237,1701,Rillo de Gallo,Rillo de Gallo,"40,8922646","-1,9196949"
19341,19099,4301,Corduente,Corduente,"40,8505077","-1,9979411"
19342,19134,1701,Herreria,Herreria,"40,8916094","-1,9588007"
19343,19099,2201,Canales de Molina,Canales de Molina,"40,9316807","-1,9783666"
19345,19283,1701,Torremocha del Pinar,Torremocha Pinar,"40,8799791","-2,0469151"
19346,19254,1701,Selas,Selas,"40,9494446","-2,1155691"
19350,19190,1701,Anchuela del Pedregal,Anchuela Pedregal,"40,8485824","-1,8074586"
19351,19190,6901,Tordelpalo,Tordelpalo,"40,8180834","-1,8172069"
19352,19227,4301,Prados Redondos,Prados Redondos,"40,7780518","-1,7879685"
19353,19227,2201,Chera,Chera,"40,7886236","-1,7587496"
19354,19227,1701,Aldehuela,Aldehuela,"40,8084196","-1,7879685"
19355,19277,1701,Otilla,Otilla,"40,7274031","-1,7879685"
19357,19034,1701,Anquela del Pedregal,Anquela Pedregal,"40,7331381","-1,7441475"
19360,19059,1701,Campillo de Dueñas,Campillo Dueñas,"40,8557557","-1,6663523"
19361,19332,1701,Yunta (La),Yunta (La),"40,9266353","-1,6566377"
19362,19190,2201,Cubillejo de la Sierra,Cubillejo Sierra,"40,8950432","-1,7441475"
19363,19190,3801,Cubillejo del Sitio,Cubillejo Sitio,"40,8992758","-1,7977124"
19390,19048,1701,Baños de Tajo,Baños de Tajo,"40,7592606","-2,0077316"
19391,19079,1701,Castilnuevo,Castilnuevo,"40,7718368","-1,8611011"
19392,19099,3801,Castellote,Castellote,"40,7983714","-2,086133"
19400,19053,3801,Brihuega,Brihuega,"40,7814018","-2,8776638"
19410,19053,11501,Romancos,Romancos,"40,463667","-3,74922"
19411,19053,1701,Archilla,Archilla,"40,648948","-2,9076094"
19412,19053,6901,Fuentes de la Alcarria,Fuentes de la Alcarria,"40,728512","-2,9675572"
19413,19053,4301,Castilmimbre,Castilmimbre,"40,742864","-2,797901"
19414,19053,7501,Hontanares,Hontanares,"40,463667","-3,74922"
19420,19086,2201,Cifuentes,Cifuentes,"40,797439","-2,6288523"
19428,19086,7501,Moranchel,Moranchel,"40,463667","-3,74922"
19429,19086,6901,Huetos,Huetos,"40,7483813","-2,5594214"
19431,19064,1701,Canredondo,Canredondo,"40,7906002","-2,4801989"
19432,19001,1701,Abanades,Abanades,"40,7922675","-2,4011124"
19441,19148,1701,Huertahernando,Huertahernando,"40,8755679","-2,2827384"
19442,19002,1701,Ablanque,Ablanque,"40,9072171","-2,2138289"
19443,19090,1701,Cobeta,Cobeta,"40,8881252","-2,1548473"
19444,19201,2201,Olmeda de Cobeta,Olmeda de Cobeta,"40,8270989","-2,1744993"
19445,19032,3801,Padilla del Ducado,Padilla Ducado,"40,9547761","-2,3616203"
19450,19291,5601,Trillo,Trillo,"40,697062","-2,5891648"
19458,19291,2201,Instituto Leprologico,Instituto Leprologico,"40,6987981","-2,5680946"
19459,19054,2201,Picazo,Picazo,"40,6745245","-2,688447"
19460,19317,1701,Villanueva de Alcoron,Villanueva Alcoron,"40,6738589","-2,2433487"
19461,19040,1701,Armallones,Armallones,"40,7533824","-2,3221622"
19462,19214,1701,Peñalen,Peñalen,"40,6767965","-2,086133"
19463,19223,1701,Poveda de la Sierra,Poveda la Sierra,"40,6272794","-2,0175242"
19490,19004,1701,Alaminos,Alaminos,"40,8257199","-2,7182728"
19491,19132,1701,Henche,Henche,"40,8679968","-2,6387795"
19492,19038,1701,Arbeteta,Arbeteta,"40,6706964","-2,4011124"
19493,19217,1701,Peralveche,Peralveche,"40,6180883","-2,4900943"
19495,19333,3801,Zaorejas,Zaorejas,"40,7564335","-2,1646722"
19680,18173,3899,Salobreña,*Diseminado*,"40,463667","-3,74922"
20001,20069,5601,Donostia-San Sebastian,Donostia-San Sebastian,"43,322768","-1,9728628"
20002,20069,5601,Donostia-San Sebastian,Donostia-San Sebastian,"43,3239117","-1,9765319"
20003,20069,5601,Donostia-San Sebastian,Donostia-San Sebastian,"43,3254999","-1,9893762"
20004,20069,5601,Donostia-San Sebastian,Donostia-San Sebastian,"43,3213925","-1,9826478"
20005,20069,5601,Donostia-San Sebastian,Donostia-San Sebastian,"43,3177929","-1,9814245"
20006,20069,5601,Donostia-San Sebastian,Donostia-San Sebastian,"43,3135579","-1,9820361"
20007,20069,5601,Donostia-San Sebastian,Donostia-San Sebastian,"43,3152308","-1,9899879"
20008,20069,3801,Igeldo,Igeldo,"43,3064706","-2,0420152"
20009,20069,1701,Añorga,Añorga,"43,2953855","-1,985706"
20010,20069,5601,Donostia-San Sebastian,Donostia-San Sebastian,"43,3057431","-1,9802013"
20011,20069,5601,Donostia-San Sebastian,Donostia-San Sebastian,"43,303985","-1,9771434"
20012,20069,5601,Donostia-San Sebastian,Donostia-San Sebastian,"43,3161825","-1,9698054"
20013,20069,5601,Donostia-San Sebastian,Donostia-San Sebastian,"43,3236644","-1,962665"
20014,20069,4399,Landarbaso,*Diseminado*,"43,2983462","-1,9539106"
20015,20069,5601,Donostia-San Sebastian,Donostia-San Sebastian,"43,3152889","-1,9514657"
20016,20069,5601,Donostia-San Sebastian,Donostia-San Sebastian,"43,3239239","-1,9404655"
20017,20069,5601,Donostia-San Sebastian,Donostia-San Sebastian,"43,308336","-1,9343555"
20018,20069,1701,Añorga,Añorga,"43,2973313","-2,0126276"
20100,20053,1701,Lezo,Lezo,"43,2464156","-1,8806237"
20110,20064,1701,Pasai Antxo,Pasai Antxo,"43,3404057","-1,8928297"
20115,20903,1701,Astigarraga,Astigarraga,"43,2793549","-1,9343555"
20120,20040,1701,Akerregi,Akerregi,"43,2595267","-1,9636914"
20128,20040,2299,Eziago,*Diseminado*,"43,2311803","-1,9245812"
20130,20072,3801,Urnieta,Urnieta,"43,2303499","-1,9734743"
20140,20009,1701,Andoain,Andoain,"43,2247475","-2,0175242"
20150,20002,1701,Aduna,Aduna,"43,1856932","-2,037116"
20159,20014,1701,Asteasu,Asteasu,"43,2039918","-2,0959429"
20160,20069,6999,Zubieta,*Diseminado*,"43,2586789","-2,0126276"
20170,20073,1701,Aginaga,Aginaga,"43,2627303","-2,0567163"
20180,20063,3801,Arragua,Arragua,"43,2857125","-1,8415871"
20200,20019,1701,Aratz-Matxinbenta,Aratz-Matxinbenta,"43,071064","-2,2089109"
20210,20049,1701,Lazkao,Lazkao,"43,0329906","-2,1695855"
20211,20015,1799,Aia,*Diseminado*,"42,9796527","-2,1646722"
20212,20058,1701,Olaberria,Olaberria,"43,0225302","-2,2089109"
20213,20043,1701,Idiazabal,Idiazabal,"42,9880532","-2,2335066"
20214,20026,1701,Zerain,Zerain,"43,0067123","-2,2728877"
20215,20025,1799,Arrietas,*Diseminado*,"42,9480024","-2,2925911"
20216,20062,1701,Ormaiztegi,Ormaiztegi,"43,0411852","-2,2482705"
20217,20038,1799,Alegia,*Diseminado*,"43,0499169","-2,2975183"
20218,20035,4399,Matximenta,*Diseminado*,"43,0609807","-2,2285864"
20220,20051,1701,Brinkola,Brinkola,"43,0055264","-2,3320235"
20230,20051,2201,Legazpi,Legazpi,"43,0586244","-2,3468195"
20240,20076,1701,Ordizia,Ordizia,"43,0522198","-2,1794136"
20247,20078,1701,Zaldibia,Zaldibia,"43,0287801","-2,1352039"
20248,20012,1701,Arama,Arama,"43,0529592","-2,1401139"
20249,20047,2201,Itsasondo,Itsasondo,"43,081329","-2,1794136"
20250,20052,1701,Legorreta,Legorreta,"43,0915842","-2,1499356"
20259,20904,1701,Baliarrain,Baliarrain,"43,0725498","-2,1302944"
20260,20005,1701,Alegia,Alegia,"43,1021905","-2,1008486"
20267,20044,2201,Ikaztegieta,Ikaztegieta,"43,1016478","-2,1302944"
20268,20007,1701,Altzo,Altzo,"43,0690402","-2,0567163"
20269,20001,1701,Abaltzisketa,Abaltzisketa,"43,0437976","-2,1106617"
20270,20010,1701,Anoeta,Anoeta,"43,1705559","-2,0714223"
20271,20046,1701,Irura,Irura,"43,1734489","-2,0585673"
20280,20036,1701,Akartegi,Akartegi,"43,3632622","-1,8220818"
20300,20036,5601,Jaitzubia,Jaitzubia,"43,3472972","-1,8019761"
20301,20045,2201,Irun,Irun,"43,3431227","-1,7989306"
20302,20045,2201,Irun,Irun,"43,3408241","-1,7916222"
20303,20045,2201,Irun,Irun,"43,3010517","-1,7879685"
20304,20045,2201,Irun,Irun,"43,3433509","-1,784315"
20305,20045,1799,Bidasoa,*Diseminado*,"43,3255714","-1,7636181"
20400,20042,1701,Ibarra,Ibarra,"43,1265158","-2,0959429"
20490,20054,1701,Lizartza,Lizartza,"43,0939015","-2,0224213"
20491,20021,1701,Belauntza,Belauntza,"43,1228155","-2,0322172"
20492,20022,1701,Berastegi,Berastegi,"43,128938","-1,9588007"
20493,20022,2299,Eldua,*Diseminado*,"43,1624286","-1,9832594"
20494,20006,1701,Alkiza,Alkiza,"43,169841","-2,1106617"
20495,20004,1701,Albiztur,Albiztur,"43,1305465","-2,1401139"
20496,20024,2201,Bidania,Bidania,"43,1396833","-2,1695855"
20500,20055,1799,Bedoña,*Diseminado*,"43,0604574","-2,4900943"
20509,20055,2201,Garagartza,Garagartza,"40,463667","-3,74922"
20530,20034,5699,Marin,*Diseminado*,"42,9810287","-2,5693337"
20540,20034,1799,Apotzaga,*Diseminado*,"43,0013407","-2,5296971"
20550,20013,1799,Aozaratza,*Diseminado*,"43,0220585","-2,4703057"
20560,20059,3801,Berezao,Berezao,"43,0341647","-2,4146957"
20567,20059,1701,Arantzazu,Santuario de Arantzazu,"42,9844633","-2,4109908"
20568,20059,2201,Araotz,Araotz-Urruti,"43,0157762","-2,4233417"
20569,20059,4399,Garagaltza,*Diseminado*,"43,0431498","-2,3912362"
20570,20074,2299,Basalgo,*Diseminado*,"43,1199136","-2,4307539"
20577,20011,1701,Antzuola,Antzuola,"43,1017661","-2,3714901"
20578,20074,1701,Angiozar,Angiozar,"43,1044228","-2,475252"
20580,20074,4301,Osintxu,Osintxu,"43,1545507","-2,396174"
20590,20065,1701,Soraluze/Placencia de Las,Soraluze-Placencia de Las,"43,1784477","-2,4109908"
20600,20030,1799,Aginaga,*Diseminado*,"43,1965437","-2,4703057"
20690,20033,1701,Elgeta,Elgeta,"43,1573936","-2,4900943"
20700,20077,1701,Urretxu,Urretxu,"43,1029737","-2,3123031"
20709,20035,1701,Itsaso-Alegia,Itsaso-Alegia,"43,0843661","-2,2728877"
20720,20017,1799,Arrietamendi,*Diseminado*,"43,170598","-2,3221622"
20730,20018,1701,Azpeitia,Azpeitia,"43,1619009","-2,2728877"
20737,20066,1799,Artzailuz,*Diseminado*,"43,1827983","-2,1941598"
20739,20020,1701,Beizama,Beizama,"43,1243027","-2,2138289"
20740,20027,4301,Zestoa,Zestoa,"43,2252953","-2,2482705"
20749,20003,1701,Aizarnazabal,Aizarnazabal,"43,2594254","-2,2335066"
20750,20081,1701,Oikia,Oikia,"43,2834883","-2,2384274"
20800,20079,1799,Aitza,*Diseminado*,"43,2751485","-2,1695855"
20808,20039,1799,Askizu,*Diseminado*,"43,2935308","-2,2187476"
20809,20016,1799,Altzola,*Diseminado*,"43,2415941","-2,1548473"
20810,20016,13601,Arratola Aldea,Arratola Aldea,"43,2859096","-2,1106617"
20820,20029,1701,Deba,Deba,"43,2834847","-2,3591531"
20829,20029,2201,Itziar,Itziar,"43,2578646","-2,3123031"
20830,20056,1799,Astigarribia,*Diseminado*,"43,2948949","-2,3912362"
20850,20901,1701,Azpilgoeta,Azpilgoeta,"43,2562467","-2,3912362"
20860,20032,1701,Alzola,Alzola,"43,2359092","-2,4002676"
20870,20032,2201,Elgoibar,Elgoibar,"43,2171554","-2,4109908"
21000,21041,1701,Huelva,Huelva,"40,463667","-3,74922"
21001,21041,1701,Huelva,Huelva,"37,210866","-6,9531225"
21002,21041,1701,Huelva,Huelva,"37,290439","-6,9584922"
21003,21041,1701,Huelva,Huelva,"37,2390794","-6,9262805"
21004,21041,1701,Huelva,Huelva,"37,263198","-6,946411"
21005,21041,1701,Huelva,Huelva,"37,3198816","-6,9101806"
21006,21041,1701,Huelva,Huelva,"37,2611653","-6,935674"
21007,21041,1701,Huelva,Huelva,"37,2785516","-6,8887202"
21009,21010,4399,Isla de Canela,*Diseminado*,"40,463667","-3,74922"
21100,21002,1701,Aljaraque,Aljaraque,"37,2083342","-6,9960925"
21110,21002,1701,Aljaraque,Aljaraque,"37,2866286","-7,0229629"
21120,21002,2201,Corrales,Corrales,"37,2697476","-6,993406"
21122,21002,3801,Bellavista,Bellavista,"37,2744358","-7,0041525"
21130,21050,2201,Mazagon,Mazagon,"37,1392989","-6,8083063"
21193,24222,3801,Navatejera,Navatejera,"40,463667","-3,74922"
21200,21007,1701,Aracena,Aracena,"37,8273398","-6,5676625"
21207,21007,6901,Umbria (La),Umbria (La),"37,8672178","-6,6103778"
21208,21007,1799,Aracena,*Diseminado*,"37,9528747","-6,5890166"
21209,21007,5601,Jabuguillo,Jabuguillo,"37,916584","-6,482318"
21210,21079,1701,Zufre,Zufre,"37,8290342","-6,3438785"
21220,21038,1701,Higuera de la Sierra,Higuera de la Sierra,"37,8344071","-6,4396888"
21230,21025,1799,Corte (La),*Diseminado*,"37,9171052","-6,8458204"
21239,21008,1701,Andreses (Los),Andreses (Los),"37,9803928","-6,8458204"
21240,21008,2201,Aroche,Aroche,"37,8996224","-6,9638624"
21248,21008,2299,Aroche,*Diseminado*,"40,463667","-3,74922"
21250,21062,4301,Rosal de la Frontera,Rosal de la Frontera,"37,9064691","-7,2005806"
21260,21069,1701,Santa Olalla del Cala,Santa Olalla del Cala,"37,8781151","-6,2163597"
21270,21016,1701,Cala,Cala,"37,9557966","-6,3438785"
21280,21009,1701,Arroyomolinos de Leon,Arroyomolinos de Leon,"38,0045025","-6,418385"
21290,21004,2201,Aguafria,Aguafria,"37,9071524","-6,7440467"
21291,21011,4301,Navahermosa,Navahermosa,"37,9654915","-6,7386946"
21292,21022,1701,Castaño del Robledo,Castaño del Robledo,"37,9002578","-6,679851"
21300,21017,1701,Calañas,Calañas,"37,628465","-6,8994495"
21309,21017,4301,Sotiel Coronada,Sotiel Coronada,"37,6181883","-6,8485009"
21310,21017,3801,Zarza (La),Zarza (La),"37,7181763","-6,8592236"
21319,21017,2201,Perrunal,Perrunal,"37,7103893","-6,8793335"
21320,21023,1701,Cerro de Andevalo (El),Cerro de Andevalo (El),"37,705564","-7,0283383"
21330,21004,9401,Cueva de la Mora,Cueva de la Mora,"37,7629664","-6,7708138"
21340,21001,1701,Alajar,Alajar,"37,8436792","-6,6531216"
21342,21004,1701,Acebuche,Acebuche,"37,8450618","-6,8136642"
21350,21004,4301,Almonaster la Real,Almonaster la Real,"37,8705296","-6,7842015"
21359,21004,17301,Molares,Molares,"37,861165","-6,7172907"
21360,21043,3801,Repilado (El),Repilado (El),"37,9183457","-6,7788461"
21380,21029,1701,Cumbres Mayores,Cumbres Mayores,"38,023685","-6,642433"
21386,21028,1701,Cumbres de San Bartolome,Cumbres de San Bartolome,"38,0560238","-6,8136642"
21387,21027,1701,Cumbres de Enmedio,Cumbres de En Medio,"38,0733262","-6,6958939"
21388,21020,1701,Cañaveral de Leon,Cañaveral de Leon,"37,9986365","-6,5249759"
21390,21031,1701,Encinasola,Encinasola,"38,135216","-6,8994495"
21400,21010,1701,Ayamonte,Ayamonte,"37,2686016","-7,4056928"
21409,21010,1701,Ayamonte,Ayamonte,"37,1904283","-7,3786689"
21410,21042,3801,Isla-Cristina,Isla-Cristina,"37,2327341","-7,2976617"
21420,21010,3899,Fotea,*Diseminado*,"37,2442088","-7,3273531"
21430,21042,3801,Isla-Cristina,Isla-Cristina,"37,2140868","-7,2544973"
21440,21010,4301,Isla de Canela,Isla de Canela,"37,2792962","-7,2329255"
21449,21044,1701,Antilla (La),Antilla (La),"37,2110683","-7,2167511"
21450,21021,1701,Cartaya,Cartaya,"37,3158112","-7,1574784"
21459,21021,1701,Cartaya,Cartaya,"37,2288889","-7,0982581"
21500,21035,1701,Gibraleon,Gibraleon,"37,411177","-6,9853474"
21510,21063,1701,San Bartolome de la Torre,San Bartolome de la Torre,"37,4359965","-7,1036396"
21520,21006,1701,Alosno,Alosno,"37,5646399","-7,0821162"
21530,21006,1799,Alosno,*Diseminado*,"37,608766","-7,1413222"
21540,21021,1701,Cartaya,Cartaya,"37,4407459","-7,2005806"
21550,21058,1701,Herrerias (Las),Herrerias (Las),"37,647519","-7,286868"
21559,21058,1701,Herrerias (Las),Herrerias (Las),"37,5981884","-7,3138554"
21560,21057,1701,Paymogo,Paymogo,"37,729486","-7,330053"
21570,21068,1701,Santa Barbara de Casa,Santa Barbara de Casa,"37,7797622","-7,2005806"
21580,21008,6901,Mustio (El),Mustio (El),"37,7539376","-7,1036396"
21590,21073,1701,Villablanca,Villablanca,"37,3052363","-7,330053"
21591,21066,1701,San Silvestre de Guzman,San Silvestre de Guzman,"37,3776483","-7,3624598"
21592,21075,1701,Villanueva de Las Cruces,Villanueva de Las Cruces,"37,6320878","-7,0175879"
21593,21003,1701,Almendro (El),Almendro (El),"37,5573983","-7,3732655"
21594,21037,3801,Granado (El),Granado (El),"37,5222007","-7,4273195"
21595,21065,4301,Sanlucar de Guadiana,Sanlucar de Guadiana,"37,4386759","-7,4056928"
21600,21072,1701,Valverde del Camino,Valverde del Camino,"37,5535443","-6,7279918"
21609,21011,3801,Fuente de la Corcha,Fuente de la Corcha,"37,4937028","-6,8458204"
21610,21064,1701,Bermejal,Bermejal,"37,3236247","-6,8458204"
21620,21069,1701,Santa Olalla del Cala,Santa Olalla del Cala,"37,3886915","-6,8243812"
21630,21011,1701,Beas,Beas,"37,4336792","-6,7815237"
21639,21011,2201,Candon,Candon,"37,4092511","-6,7440467"
21640,21078,2201,Delgadas (Las),Delgadas (Las),"37,6495779","-6,7172907"
21646,21004,8101,Concepcion,Concepcion,"40,463667","-3,74922"
21647,21012,1701,Berrocal,Berrocal,"37,5631674","-6,5569882"
21649,21018,2201,Traslasierra,Traslasierra,"37,7566701","-6,6958939"
21650,21018,1701,Campillo (El),Campillo (El),"37,6967903","-6,6317461"
21660,21049,4301,Minas de Riotinto,Minas de Riotinto,"37,6941894","-6,5836774"
21667,21049,5601,Alto de la Mesa,Alto de la Mesa,"40,463667","-3,74922"
21668,21019,1701,Campofrio,Campofrio,"37,7750617","-6,5569882"
21669,21004,10801,Dehesa,Dehesa,"37,7172677","-6,5970262"
21670,21052,1701,Nerva,Nerva,"37,7027479","-6,5249759"
21700,21054,1701,Palma del Condado (La),Palma del Condado (La),"37,3931905","-6,5569882"
21710,21013,1701,Bollullos Par del Condado,Bollullos Par del Condado,"37,3204671","-6,5249759"
21720,21061,1701,Rociana del Condado,Rociana del Condado,"37,2944291","-6,6103778"
21730,21005,1701,Almonte,Almonte,"37,0745664","-6,5356449"
21739,21005,2201,Bodegones (Los),Bodegones (Los),"40,463667","-3,74922"
21740,21040,1701,Hinojos,Hinojos,"37,1467738","-6,3864428"
21750,21005,1701,Almonte,Almonte,"37,1258471","-6,4769877"
21760,21005,5601,Torre Higuera O Matalasca,Torre Higuera O Matalasca,"36,994687","-6,5303102"
21800,21050,1701,Madres del Avitor (Las),Madres del Avitor (Las),"37,2083154","-6,8136642"
21810,21055,2201,Palos de la Frontera,Palos de la Frontera,"37,1933117","-6,8887202"
21819,21055,3801,Rabida (La),Rabida (La),"37,2077379","-6,9155468"
21820,21046,2201,Lucena del Puerto,Lucena del Puerto,"37,2445805","-6,7386946"
21830,21014,1701,Bonares,Bonares,"37,2908295","-6,6745042"
21840,21053,7501,Lavapies,Lavapies,"37,4710442","-6,6851982"
21850,21077,1701,Villarrasa,Villarrasa,"37,3996559","-6,6317461"
21860,21074,1701,Villalba del Alcor,Villalba del Alcor,"37,4067726","-6,5036433"
21870,21032,1701,Aldea de Tejada,Aldea de Tejada,"37,5188621","-6,3970884"
21880,21056,1701,Paterna del Campo,Paterna del Campo,"37,4728935","-6,4609998"
21888,21056,1799,Paterna del Campo,*Diseminado*,"40,463667","-3,74922"
21890,21047,3801,Manzanilla,Manzanilla,"37,3889994","-6,4396888"
21891,21030,1701,Chucena,Chucena,"37,3543537","-6,3917654"
22000,22125,8199,Huesca,*Diseminado*,"40,463667","-3,74922"
22001,22125,8101,Huesca,Huesca,"42,1380343","-0,4042719"
22002,22125,8101,Huesca,Huesca,"42,1398685","-0,4095728"
22003,22125,8101,Huesca,Huesca,"42,1380008","-0,4136962"
22004,22125,8101,Huesca,Huesca,"42,1404544","-0,4184093"
22005,22125,8101,Huesca,Huesca,"42,1294151","-0,3960275"
22006,22125,8101,Huesca,Huesca,"42,1516084","-0,4078058"
22080,22125,8199,Huesca,*Diseminado*,"42,1860552","0,4408037"
22090,22125,8199,Huesca,*Diseminado*,"42,1868804","0,0653341"
22092,22125,8199,Huesca,*Diseminado*,"40,463667","-3,74922"
22094,22125,8199,Huesca,*Diseminado*,"41,6659174","0,15418"
22097,22125,8199,Huesca,*Diseminado*,"40,463667","-3,74922"
22100,22206,1701,Sangarren,Sangarren,"42,0079623","-0,4596721"
22110,22203,1701,Salillas,Salillas,"41,9888619","-0,2150873"
22111,22156,3801,Monflorite,Monflorite,"42,0875509","-0,3465971"
22112,22011,1701,Albero Alto,Albero Alto,"42,047969","-0,3465971"
22113,22162,1701,Novales,Novales,"42,028323","-0,2901815"
22120,22222,4301,Sietamo,Sietamo,"42,1272594","-0,2901815"
22121,22222,1701,Arbanies,Arbanies,"42,1669109","-0,2338473"
22122,22027,3801,Velillas,Velillas,"42,1274241","-0,2150873"
22123,22027,1701,Angues,Angues,"42,1077671","-0,1401381"
22124,22141,1701,Lascellas,Lascellas,"42,0682544","-0,0840215"
22125,22135,1701,Laluenga,Laluenga,"42,0088788","-0,0093266"
22126,22139,1701,Laperdiguera,Laperdiguera,"41,994006","-0,0513246"
22130,22174,2201,Peralta de Alcofea,Peralta de Alcofea,"40,463667","-3,74922"
22131,22055,1701,Berbegal,Berbegal,"41,9494072","-0,0093266"
22132,22050,1701,Barbuñales,Barbuñales,"41,9890168","-0,102718"
22133,22027,2201,Bespen,Bespen,"42,0483535","-0,1775946"
22134,22064,2201,Torres de Montes,Torres de Montes,"42,087905","-0,1963364"
22135,22015,1701,Alcala del Obispo,Alcala del Obispo,"42,0679653","-0,2713944"
22140,22150,3801,Ayera,Ayera,"42,161832","-0,2948797"
22141,22058,3801,Morrano,Morrano,"42,2557847","-0,2057108"
22142,22081,1701,Casbas de Huesca,Casbas de Huesca,"42,1670387","-0,1588618"
22143,22001,1701,Abiego,Abiego,"42,1275943","-0,0840215"
22144,22058,1701,Almunias de Rodellar,Almunias de Rodellar,"42,50368","0,1544691"
22145,22024,1701,Alquezar,Alquezar,"42,1868986","0,0093266"
22146,22906,1701,Buera,Buera,"42,1325594","0,0419877"
22147,22001,2201,Alberuela de la Liena,Alberuela de la Liena,"42,2066389","-0,0279867"
22148,22051,1701,Almazorre,Almazorre,"42,2164976","0,0559939"
22149,22051,7501,Santa Maria de la Nuez,Santa Maria de la Nuez,"42,3446396","-0,0093266"
22150,22037,1701,Arguis,Arguis,"42,2947232","-0,3936722"
22160,22904,2201,Bolea,Bolea,"42,2644944","-0,554149"
22161,22904,4301,Lierta,Lierta,"42,2647535","-0,4974359"
22162,22904,1701,Anies,Anies,"42,3038221","-0,5730713"
22190,22248,1701,Vicien,Vicien,"42,0426423","-0,4549542"
22191,22195,1701,Quicena,Quicena,"42,1517656","-0,3607137"
22192,22150,5601,Barluenga,Barluenga,"42,216071","-0,3183792"
22193,22127,1701,Igries,Igries,"42,2057985","-0,4408037"
22194,22019,1701,Alerre,Alerre,"42,1662308","-0,4596721"
22195,22125,1701,Apies,Apies,"42,1862578","-0,3842527"
22196,22125,3801,Bellestar del Flumen,Bellestar del Flumen,"42,0676442","-0,3842527"
22197,22125,5601,Cuarte,Cuarte,"42,097008","-0,4691097"
22200,22213,2201,Lamasadera,Lamasadera,"41,780425","-0,1682271"
22210,22124,1701,Huerto,Huerto,"41,9393664","-0,1682271"
22211,22124,2201,Uson,Uson,"40,463667","-3,74922"
22212,22013,1701,Alberuela de Tubo,Alberuela de Tubo,"41,8698091","-0,2150873"
22213,22137,3801,Orillena,Orillena,"41,770279","-0,2713944"
22214,22136,1701,Lalueza,Lalueza,"41,8498653","-0,2526163"
22215,22085,1701,Castelflorite,Castelflorite,"41,8302667","-0,0093266"
22216,22137,1701,Cantalobos,Cantalobos,"41,8496761","-0,3277829"
22220,22008,1701,Albalatillo,Albalatillo,"41,7356583","-0,15418"
22221,22213,4301,Pallaruelo de Monegros,Pallaruelo de Monegros,"41,6907711","-0,1963364"
22222,22083,1701,Castejon de Monegros,Castejon de Monegros,"41,6208837","-0,2432307"
22223,22242,1701,Valfarta,Valfarta,"41,5511891","-0,1214235"
22225,22116,1701,Callen,Callen,"41,8594046","0,3936722"
22230,22217,1701,Sena,Sena,"41,6709743","-0,0840215"
22231,22251,1701,Villanueva de Sigena,Villanueva de Sigena,"41,6211264","-0,0559939"
22232,22165,1701,Ontiñena,Ontiñena,"41,6211385","0,0186555"
22233,22094,1701,Chalamera,Chalamera,"41,6659174","0,15418"
22234,22046,1701,Ballobar,Ballobar,"41,5811413","0,1307797"
22240,22226,1701,Tardienta,Tardienta,"41,9380169","-0,5825359"
22250,22137,2201,Lanaja,Lanaja,"41,74019","-0,3560076"
22251,22018,1701,Alcubierre,Alcubierre,"41,7795935","-0,4691097"
22252,22197,1701,Robres,Robres,"41,8690164","-0,4785495"
22253,22218,1701,Senes de Alcubierre,Senes de Alcubierre,"41,9086498","-0,4974359"
22254,22232,1701,Torralba de Aragon,Torralba de Aragon,"41,9283262","-0,5352356"
22255,22012,1701,Albero Bajo,Albero Bajo,"41,9685337","-0,403094"
22260,22116,4301,Grañen,Grañen,"41,8992478","-0,3560076"
22268,22116,3801,Fraella,Fraella,"41,9688245","-0,3089777"
22269,22023,2201,Frula,Frula,"41,9286524","-0,4596721"
22270,22021,1701,Almudevar,Almudevar,"42,0966753","-0,5446912"
22280,22119,3801,Gurrea de Gallego,Gurrea de Gallego,"42,0161963","-0,7722974"
22281,22119,4301,Paul (La),Paul (La),"41,9668384","-0,7437761"
22282,22014,1701,Alcala de Gurrea,Alcala de Gurrea,"42,0662377","-0,6867939"
22283,22014,2201,Tormos,Tormos,"42,0171143","-0,6204165"
22300,22048,1701,Barbastro,Barbastro,"42,0187105","0,1307797"
22310,22082,1701,Castejon del Puente,Barrio Armentera,"41,9691535","0,1401381"
22311,22041,1701,Azara,Azara,"42,0682816","-0,0279867"
22312,22115,2201,Coscojuela de Fantova,Coscojuela de Fantova,"42,1373857","0,1682271"
22313,22088,1701,Castillazuelo,Castillazuelo,"42,0682816","0,0279867"
22314,22201,1701,Salas Altas,Salas Altas,"42,1078217","0,0840215"
22315,22048,2201,Burceat,Burceat,"42,0682211","0,1214235"
22320,22051,8101,Suelves,Suelves,"42,2065327","0,1588618"
22330,22907,1701,Ainsa,Ainsa,"42,3642786","0,102718"
22336,22113,5601,Charo,Charo,"42,3640472","0,2526163"
22337,22111,6999,Lascorz,*Diseminado*,"42,3639097","0,3089777"
22338,22190,1701,Araguas,Araguas,"42,4526908","0,1682271"
22339,22907,4301,Banaston,Banaston,"42,4035344","0,1775946"
22340,22066,2201,Boltaña,Boltaña,"42,4478803","0,0700051"
22347,22066,1799,Ascaso,*Diseminado*,"42,4822676","0,0466559"
22348,22066,3899,Campodarbe,*Diseminado*,"42,4233336","0,0093266"
22349,22066,4301,Margudgued,Margudgued,"42,4233033","0,0840215"
22350,22057,1701,Bielsa,Bielsa,"42,6193152","0,2338473"
22351,22057,3801,Espierba,Espierba,"42,6880173","0,0933686"
22360,22133,1701,Labuerda,Labuerda,"42,4625909","0,102718"
22361,22144,1799,Casal (El),*Diseminado*,"42,5213681","0,1963364"
22362,22189,2201,Bestue,Bestue,"42,5803224","0,102718"
22363,22189,1701,Belsierre,Belsierre,"42,5214716","0,1214235"
22364,22227,1701,Hospital,Hospital,"42,5802311","0,1775946"
22365,22057,2201,Chisagues,Chisagues,"42,6878712","0,2057108"
22366,22182,3801,Saravillo,Saravillo,"42,5702246","0,2807868"
22367,22114,1701,Gistain,Gistain,"42,648371","0,3560076"
22370,22069,3801,Broto,Broto,"42,6048204","-0,098043"
22371,22109,1701,Albella,Albella,"42,4626333","-0,0279867"
22372,22069,1701,Asin de Broto,Asin de Broto,"42,507706","-0,0756503"
22373,22069,2201,Bergua,Bergua,"42,5704444","-0,1682271"
22374,22069,6901,Sarvise,Sarvise,"42,5656162","-0,1073935"
22375,22069,4301,Buesa,Buesa,"42,6097581","0,0186555"
22376,22230,3801,Torla,Torla,"42,6879808","-0,1307797"
22377,22230,1701,Fragen,Fragen,"42,6170223","-0,1377983"
22378,22230,2201,Linas de Broto,Linas de Broto,"42,6389972","-0,1775946"
22390,22115,1701,Artasona,Artasona,"42,1521025","0,2291565"
22391,22214,2201,Torreciudad,Torreciudad,"42,154497","0,2643516"
22392,22002,1701,Abizanda,Abizanda,"42,2311516","0,1916501"
22393,22002,1701,Abizanda,Abizanda,"42,2656608","0,1963364"
22394,22113,12001,Mediano,Mediano,"42,2854569","0,1401381"
22395,22907,6901,Camporrotuno,Camporrotuno,"42,3592878","0,1635442"
22400,21010,1701,Ayamonte,Ayamonte,"41,899614","0,2057108"
22410,22017,1701,Alcolea de Cinca,Alcolea de Cinca,"41,7407016","0,0933686"
22411,22903,3801,Santalecina,Santalecina,"41,7855004","0,0700051"
22412,22903,1701,Estiche de Cinca,Estiche de Cinca,"41,820289","0,0933686"
22413,22903,2201,Pomar de Cinca,Pomar de Cinca,"41,8650018","0,098043"
22414,22158,1701,Conchel,Conchel,"41,8848261","0,1354586"
22415,22128,1701,Fornillos,Fornillos,"41,9295384","0,0840215"
22416,22020,1701,Alfantega,Alfantega,"41,8500326","0,1588618"
22417,22022,2201,Ariestolas,Ariestolas,"41,9888954","0,1963364"
22420,22022,1701,Almunia de San Juan,Almunia de San Juan,"41,9441819","0,2479232"
22421,22040,1701,Alins del Monte,Alins del Monte,"41,9688245","0,3089777"
22422,22110,2201,Fonz,Fonz,"42,0085596","0,2713944"
22423,22103,1701,Estadilla,Estadilla,"42,0482134","0,2526163"
22424,22102,1701,Estada,Estada,"42,0828594","0,2479232"
22430,22117,8101,Graus,Graus,"42,1863773","0,3465971"
22435,22187,1701,Puebla de Castro (La),Puebla de Castro (La),"42,1272594","0,2901815"
22436,22117,4301,Bellestar,Bellestar,"42,2208194","0,3795438"
22437,22117,1799,Abenozas,*Diseminado*,"42,2551603","0,4313729"
22438,22113,16799,Salinas de Trillo,*Diseminado*,"42,2655083","0,2713944"
22439,22164,1701,Olvena,Olvena,"42,1866219","0,2526163"
22440,22054,2201,Benasque,Benasque,"42,6474465","0,5825359"
22449,22054,3801,Cerler,Cerler,"42,5840003","0,5399631"
22450,22074,2201,Campo,Campo,"42,4424087","0,3654204"
22451,22074,1799,Beleder,*Diseminado*,"42,4125473","0,4691097"
22452,22111,2299,Colladas (Las),*Diseminado*,"42,4524712","0,2807868"
22460,22177,1701,Besians,Besians,"42,2653064","0,3465971"
22461,22066,9499,Aguilar,*Diseminado*,"42,3244261","0,3465971"
22462,22111,1799,Bacamorta,*Diseminado*,"42,3636185","0,403094"
22463,22215,1701,Abi,Abi,"42,4962113","0,4266584"
22464,22215,2201,Barbaruens,Barbaruens,"42,5012683","0,3842527"
22465,22084,2201,Liri,Liri,"42,520691","0,4408037"
22466,22062,1701,Arasan,Arasan,"42,5202904","0,5352356"
22467,22084,3801,Ramastue,Ramastue,"42,5471521","0,4614821"
22468,22200,3801,Sahun,Escamps (Els),"42,5991902","0,4219444"
22469,22054,1701,Anciles,Anciles,"42,6186342","0,4596721"
22470,22062,2201,Bisaurri,Bisaurri,"42,4811183","0,5163312"
22471,22143,1701,Abella,Abella,"42,5003867","0,5920027"
22472,22143,1701,Abella,Abella,"42,4415617","0,5730713"
22473,22143,2201,Alins,Alins,"42,4412647","0,6298922"
22474,22143,1701,Abella,Abella,"42,5393237","0,6488505"
22480,22080,1701,Capella,Capella,"42,1861934","0,403094"
22481,22117,9499,Guel,*Diseminado*,"40,463667","-3,74922"
22482,22129,1799,Esdolomada,*Diseminado*,"42,3040907","0,5163312"
22483,22129,5601,Riguala de Serraduy,Riguala de Serraduy,"42,3630797","0,5352356"
22484,22233,3899,Villacarli,*Diseminado*,"42,4022444","0,5730713"
22485,22246,4301,Calvera,Calvera,"42,3822776","0,6298922"
22486,22067,1701,Bonansa,Bonansa,"42,4212841","0,6867939"
22487,22157,1701,Aneto,Aneto,"42,5585991","0,705779"
22500,22061,1701,Binefar,Binefar,"41,8447969","0,2948797"
22510,22060,1701,Binaced,Binaced,"41,790328","0,1963364"
22511,22060,2201,Valcarca,Valcarca,"41,8349699","0,2479232"
22512,22205,1701,San Esteban de Litera,San Esteban de Litera,"41,8993579","0,3183792"
22513,22175,1799,Calasanz,*Diseminado*,"41,9884832","0,3654204"
22514,22175,1701,Calasanz,Calasanz,"42,0280477","0,3842527"
22520,22112,1701,Fraga,Fraga,"41,4811257","0,1869644"
22528,22245,1701,Velilla de Cinca,Velilla de Cinca,"41,575936","0,25731"
22529,22112,2201,Miralsot,Miralsot,"41,5552602","0,2895943"
22530,22254,1701,Zaidin,Zaidin,"41,6207984","0,2807868"
22531,22167,1701,Almudafar,Almudafar,"41,645903","0,2010233"
22532,22167,2201,Osso de Cinca,Osso de Cinca,"41,6757795","0,2197765"
22533,22052,1701,Belver de Cinca,Belver de Cinca,"41,7106271","0,2338473"
22534,22007,1701,Albalate de Cinca,Albalate de Cinca,"41,7406167","0,1682271"
22535,22099,1701,Esplus,Esplus,"41,7702332","0,2901815"
22536,22052,2201,Monte Julia,Monte Julia,"41,7504571","0,2338473"
22540,22025,1701,Altorricon,Altorricon,"41,7897232","0,4219444"
22549,22052,3801,San Miguel,San Miguel,"41,7103984","0,3277829"
22550,22225,1701,Algayon,Algayon,"41,8494373","0,403094"
22558,22009,1701,Albelda,Albelda,"41,8490689","0,4974359"
22559,22225,1701,Algayon,Algayon,"41,8346424","0,3701276"
22560,22016,1701,Alcampell,Alcampell,"41,9088803","0,4408037"
22569,22043,1701,Baells,Baells,"41,9683956","0,4408037"
22570,22075,1701,Camporrells,Camporrells,"41,9481646","0,5352356"
22571,22045,1701,Baldellou,Baldellou,"41,9083911","0,554149"
22572,22089,1701,Castillonroy,Castillonroy,"41,8887137","0,5163312"
22580,22053,3801,Benabarre,Benabarre,"42,1265507","0,4974359"
22583,22035,1701,Aren,Aren,"42,2932904","0,6962853"
22584,22188,1701,Montañana,Montañana,"42,2239757","0,7437761"
22585,22051,2201,Barcabo,Barcabo,"42,1360352","0,5825359"
22586,22142,1701,Lascuarre,Lascuarre,"42,1857413","0,5163312"
22587,22080,2201,Laguarres,Laguarres,"42,2150375","0,5825359"
22588,22117,3801,Aguinaliu,Aguinaliu,"42,0974131","0,3560076"
22589,22053,1701,Aler,Aler,"42,0572735","0,5068824"
22590,22234,1701,Torrente de Cinca,Torrente de Cinca,"41,4608288","0,3183792"
22591,22077,1701,Candasnos,Candasnos,"41,5012657","0,0559939"
22592,22172,1701,Peñalba,Peñalba,"41,4612541","-0,0559939"
22600,22199,13699,Campares,*Diseminado*,"42,5234004","-0,367774"
22609,22199,8101,Aurin,Aurin,"42,496437","-0,3607137"
22610,22199,4301,Allue,Allue,"42,4843715","-0,2878326"
22611,22252,1701,Fanlillo,Fanlillo,"42,4918374","-0,2432307"
22612,22199,2201,Acumuer,Acumuer,"42,6188465","-0,403094"
22613,22059,8101,Javierre del Obispo,Javierre del Obispo,"42,5210686","-0,3277829"
22620,22130,2201,Abena,Abena,"42,5008345","-0,4974359"
22621,22130,23401,Leres,Leres,"42,4423473","-0,3842527"
22622,22163,3801,Nocito,Nocito,"42,3737235","-0,3183792"
22623,22199,3801,Aineto,Aineto,"42,374041","-0,1682271"
22624,22072,3801,Caldearenas,Caldearenas,"42,4122143","-0,5446912"
22625,22072,2201,Aquilue,Aquilue,"42,3732968","-0,4301726"
22630,22059,4301,Biescas,Biescas,"42,6387192","-0,3089777"
22636,22059,5601,Escuer,Escuer,"42,5799532","-0,3089777"
22637,22059,2201,Barbenuta,Barbenuta,"42,6044343","-0,3136781"
22638,22059,1701,Aso de Sobremonte,Aso de Sobremonte,"42,6239124","-0,3513021"
22639,22059,4301,Biescas,Biescas,"42,6388965","-0,2338473"
22640,22204,2201,Formigal,Formigal,"42,8048358","-0,3183792"
22650,22170,1701,Baños de Panticosa,Baños de Panticosa,"42,7757585","-0,2338473"
22660,22204,1701,Escarrilla,Escarrilla,"42,7340132","-0,3301342"
22661,22170,2201,Panticosa,Panticosa,"42,7269014","-0,2432307"
22662,22122,1701,Hoz de Jaca,Hoz de Jaca,"42,6925666","-0,2948797"
22663,22204,5601,Tramacastilla de Tena,Tramacastilla de Tena,"42,7362877","-0,3842527"
22664,22204,4301,Sandinies,Sandinies,"42,7242681","-0,3207299"
22665,22059,12001,Piedrafita de Jaca,Piedrafita de Jaca,"42,6924908","-0,3230807"
22666,22199,26501,Larrede,Larrede,"42,5553546","-0,3418927"
22700,22130,7501,Atares,Atares,"42,559337","-0,5730713"
22710,22086,2201,Castiello de Jaca,Castiello de Jaca,"42,618477","-0,4974359"
22711,22130,11501,Bernues,Bernues,"42,4904214","-0,6204165"
22712,22130,1799,Abay,*Diseminado*,"42,5349378","-0,5494198"
22713,22130,1701,Abay,Abay,"42,5983414","-0,610943"
22714,22130,9401,Baraguas,Baraguas,"42,5598461","-0,4596721"
22715,22130,5601,Ascara,Ascara,"42,5736108","-0,6535914"
22720,22901,2201,Hecho,Hecho,"42,6951754","-0,7818089"
22725,22028,1701,Anso,Anso,"40,463667","-3,74922"
22728,22028,1701,Anso,Anso,"42,8414341","-0,810357"
22729,22106,1701,Fago,Fago,"42,7335839","-0,8770473"
22730,22032,1701,Aragues del Puerto,Aragues del Puerto,"42,7350986","-0,6488505"
22731,22131,1701,Jasa,Jasa,"42,7008645","-0,6535914"
22732,22901,5601,Urdues,Urdues,"42,715219","-0,705779"
22740,22901,1701,Embun,Embun,"42,6465775","-0,7342734"
22750,22902,1701,Javierregay,Javierregay,"42,5976803","-0,724773"
22751,22044,3801,Arres,Arres,"42,5627098","-0,8246386"
22752,22208,1701,Santa Cilia,Santa Cilia,"42,5929291","-0,7010319"
22753,22902,2201,Puente la Reina de Jaca,Puente la Reina de Jaca,"42,5727781","-0,7865655"
22760,22044,1701,Alastuey,Alastuey,"42,4895019","-0,7722974"
22761,22044,5601,Larues,Larues,"42,4790774","-0,8579818"
22770,22076,1701,Berdun,Berdun,"42,5967635","-0,8579818"
22771,22076,3801,Majones,Majones,"42,655363","-0,8770473"
22772,22076,4301,Martes,Martes,"42,5524821","-0,8818151"
22773,22076,2201,Binies,Binies,"42,6216269","-0,8055976"
22790,22901,4301,Siresa,Siresa,"42,8029311","-0,7342734"
22791,22208,1701,Santa Cilia,Santa Cilia,"42,558481","-0,724773"
22792,22209,2201,Santa Cruz de la Seros,Santa Cruz de la Seros,"42,5392151","-0,6678177"
22800,22039,1701,Ayerbe,Ayerbe,"42,2833784","-0,705779"
22807,22039,3801,Losanglis,Losanglis,"42,2240969","-0,724773"
22808,22004,1701,Aguero,Aguero,"42,3319419","-0,810357"
22809,22039,2201,Fontellas,Fontellas,"42,2442784","-0,6488505"
22810,22904,1701,Anies,Anies,"42,2053087","-0,554149"
22811,22905,2201,Lupiñen,Lupiñen,"42,1654255","-0,6298922"
22820,22173,3801,Peña Estacion (La),Peña Estacion (La),"42,386667","-0,7200237"
22821,22173,4301,Rasal,Rasal,"42,3627027","-0,610943"
22822,22173,6901,Salinas de Jaca,Salinas de Jaca,"42,4204127","-0,8198775"
22830,22072,1701,Anzanigo,Anzanigo,"42,4409391","-0,6867939"
22850,22130,22801,Jarlata,Jarlata,"40,463667","-3,74922"
22860,22006,1701,Aisa,Aisa,"42,6472483","-0,6204165"
22870,22250,1701,Villanua,Villanua,"42,6771153","-0,5163312"
22880,22078,2201,Canfranc-Estacion,Canfranc-Estacion,"42,7554707","-0,4785495"
22888,22078,1701,Canfranc,Canfranc,"42,7210915","-0,5210565"
22889,22006,2201,Candanchu,Candanchu,"42,7747501","-0,5352356"
23001,23050,9401,Jaen,Jaen,"37,7660232","-3,7873268"
23002,23050,3899,Caño Quebrado,*Diseminado*,"37,7379293","-3,7739869"
23003,23050,9401,Jaen,Jaen,"37,7546576","-3,7485874"
23004,23050,3899,Caño Quebrado,*Diseminado*,"37,7629906","-3,8197381"
23005,23050,9401,Jaen,Jaen,"38,2054888","-4,028678"
23006,23050,6999,Imora (La),*Diseminado*,"37,7869419","-3,8171953"
23007,23050,9401,Jaen,Jaen,"37,7738581","-3,7911388"
23008,23050,9401,Jaen,Jaen,"37,7779586","-3,7873268"
23009,23050,1799,Almenara,*Diseminado*,"37,8076982","-3,7485874"
23100,23058,1701,Mancha Real,Mancha Real,"37,8278689","-3,6116494"
23110,23067,2201,Pegalajar,Pegalajar,"37,7205223","-3,6521849"
23120,23018,2201,Cambil,Cambil,"37,6914404","-3,561026"
23130,23019,1701,Campillo de Arenas,Campillo de Arenas,"37,5717095","-3,6521849"
23140,23064,1701,Hoya del Salobral,Hoya del Salobral,"37,5223934","-3,6978264"
23150,23093,2299,Papel (El),*Diseminado*,"37,5575716","-3,7638256"
23159,23093,1799,Chircales,*Diseminado*,"37,6239299","-3,8502617"
23160,23099,1701,Villares (Los),Villares (Los),"37,6825431","-3,8451731"
23170,23038,1701,Guardia de Jaen (La),Guardia de Jaen (La),"37,7617213","-3,6927531"
23180,23035,1701,Fuerte del Rey,Fuerte del Rey,"37,8830774","-3,8757119"
23190,23067,1701,Cerradura (La),Cerradura (La),"37,6944404","-3,6369803"
23191,23901,1701,Carchel,Carchel,"37,6148836","-3,6319131"
23192,23901,1701,Carchel,Carchel,"37,6409969","-3,6471162"
23193,23018,1701,Arbuniel,Arbuniel,"37,6379987","-3,5711466"
23194,23050,8199,Jabalcuz,*Diseminado*,"37,7417667","-3,8197381"
23196,23050,10899,Otiñar O Santa Cristina,*Diseminado*,"37,6755025","-3,7333537"
23200,23024,1701,Carolina (La),Carolina (La),"38,3234162","-3,642048"
23210,23039,1799,Adelfar,*Diseminado*,"38,1170257","-3,8349976"
23211,23021,1701,Acebuchar (El),Acebuchar (El),"38,208481","-3,6116494"
23212,23024,4301,Navas de Tolosa,Navas de Tolosa,"38,2994264","-3,566086"
23213,23076,2201,Santa Elena,Santa Elena,"38,3692019","-3,5205641"
23214,23011,3801,Centenillo (El),Centenillo (El),"38,3317198","-3,7130493"
23215,23004,1701,Aldeaquemada,Aldeaquemada,"38,4159887","-3,3590446"
23220,23094,1799,Encinares (Los),*Diseminado*,"38,2440643","-3,4801349"
23230,23008,1701,Arquillos,Arquillos,"38,1717363","-3,4296446"
23239,23008,2201,Porrosillo (El),Porrosillo (El),"38,2355932","-3,4094629"
23240,23063,1701,Navas de San Juan,Navas de San Juan,"38,2065568","-3,318747"
23250,23079,10801,Santisteban del Puerto,Santisteban del Puerto,"38,2304368","-3,2181477"
23260,23025,1701,Castellar,Castellar,"38,2542197","-3,1177555"
23264,23029,3801,Chiclana de Segura,Chiclana de Segura,"38,3847091","-2,9575607"
23265,23062,3801,Venta de Los Santos,Venta de Los Santos,"38,3528893","-3,070142"
23266,23062,2201,Montizon,Montizon,"38,3805714","-3,1177555"
23267,23062,1701,Aldeahermosa,Aldeahermosa,"38,3222902","-3,1328011"
23268,23029,4301,Mochuelos (Los),Mochuelos (Los),"38,3518747","-3,0075642"
23269,23029,1701,Campillo (El),Campillo (El),"38,2732761","-2,9925577"
23270,23084,1701,Sorihuela del Guadalimar,Sorihuela del Guadalimar,"38,230348","-3,0225754"
23280,23012,2201,Beas de Segura,Beas de Segura,"38,2603329","-2,8776638"
23289,23012,3801,Cañada Catena,Cañada Catena,"38,2725573","-2,807864"
23290,23904,10801,Cerezo (El),Arroyo Venancia,"38,0529875","-2,7182728"
23291,23904,1799,Agracea (La),*Diseminado*,"38,1015727","-2,6735412"
23292,23043,5601,Hornos,Hornos,"40,463667","-3,74922"
23293,23043,1701,Cañada Morales,Cañada Morales,"38,2748891","-2,7083287"
23294,23081,7599,Juntas (Las),*Diseminado*,"38,2797068","-2,4900943"
23295,23081,1701,Arroyo Canales,Arroyo Maguillo,"38,2407831","-2,5842062"
23296,23904,19201,Marchena,Marchena,"38,1742348","-2,4900943"
23297,23904,8199,Casicas del Rio Segura,*Diseminado*,"38,1806118","-2,5618993"
23298,23904,15499,Gorgollitas (Las),*Diseminado*,"38,2402265","-2,4876203"
23300,23095,2201,Arroturas,Arroturas,"38,0776758","-3,0075642"
23310,23095,5601,Mogon,Mogon,"38,0928844","-3,0325855"
23311,23080,1701,Agrupacion de Santo Tome,Agrupacion de Santo Tome,"38,0299775","-3,0125674"
23312,23095,1701,Agrupacion de Mogon,Agrupacion de Mogon,"38,0596209","-3,0926899"
23314,23092,4301,Solana de Torralba,Solana de Torralba,"37,9940413","-3,1729455"
23315,23095,4399,Herrera-Puente Condado,*Diseminado*,"38,1368498","-3,1679257"
23320,23088,2299,Aguasblanquillas,*Diseminado*,"37,9975565","-3,238251"
23330,23097,3801,Villanueva del Arzobispo,Villanueva del Arzobispo,"38,1695636","-3,0064141"
23337,23043,14199,Tranco,*Diseminado*,"40,463667","-3,74922"
23338,23048,1799,Bardazoso,*Diseminado*,"40,463667","-3,74922"
23339,23097,2201,Gutar,Gutar,"38,2132302","-2,9700567"
23340,23081,9499,Pantano del Guadalmena,*Diseminado*,"38,3127667","-2,8876436"
23350,23071,1799,Cortijos Nuevos,*Diseminado*,"38,3511901","-2,8228124"
23359,23071,2201,Peñolite,Peñolite,"38,3203184","-2,7929203"
23360,23072,4301,Puerta de Segura (La),Puerta de Segura (La),"38,3582213","-2,7481176"
23369,23072,3801,Pascuales (Los),Pascuales (Los),"38,3988973","-2,807864"
23370,23065,1799,Arroyos (Los),*Diseminado*,"38,3170298","-2,7083287"
23379,23081,3801,Batan (El),Batan (El),"38,2766905","-2,6288523"
23380,23082,1701,Siles,Siles,"38,3931768","-2,5990835"
23390,23016,1701,Benatae,Benatae,"38,3605013","-2,6487087"
23391,23091,1799,Fuente Carrasca,*Diseminado*,"38,4231742","-2,6685736"
23392,23037,1701,Genave,Genave,"38,4316235","-2,7580701"
23393,23101,2201,Onsares,Onsares,"38,4857832","-2,688447"
23400,23092,5601,Ubeda,Ubeda,"38,011417","-3,3712457"
23410,23075,1701,Sabiote,Sabiote,"38,08102","-3,2784825"
23411,23009,1799,Alamos Blancos,*Diseminado*,"38,0290137","-3,4346913"
23412,23074,1701,Marmol (El),Marmol (El),"38,0581546","-3,4321679"
23413,23092,3801,Santa Eulalia,Santa Eulalia,"38,0730375","-3,3741647"
23420,23020,1701,Canena,Canena,"38,0586419","-3,5053993"
23430,23074,2201,Rus,Rus,"38,086694","-3,4498346"
23440,23009,2201,Baeza,Baeza,"37,9483442","-3,4801349"
23450,23046,2201,Ibros,Ibros,"38,0420351","-3,5306765"
23460,23066,2201,Peal de Becerro,Peal de Becerro,"37,9052614","-3,1277854"
23468,23066,1701,Hornos,Hornos,"37,8876232","-3,1930302"
23469,23028,3801,Puente de la Cerrada,Puente de la Cerrada,"37,9682595","-3,1478514"
23470,23028,4399,Casas de Estepa,*Diseminado*,"37,8798318","-2,8776638"
23476,23047,3801,Iruela (La),Iruela (La),"37,9945967","-2,9475662"
23477,23030,1701,Almansas (Las),Almansas (Las),"37,9920554","-3,0476046"
23478,23904,11501,Coto-Rios,Coto-Rios,"38,0186865","-2,8277963"
23479,23028,11501,Vadillo Castril,Vadillo Castril,"37,9259112","-2,9425698"
23480,23073,2299,Bruñel Alto,*Diseminado*,"37,8313318","-3,1177555"
23485,23028,2299,Almiceran (El),*Diseminado*,"37,7044564","-2,9366183"
23486,23042,2201,Cuenca,Cuenca,"37,7174317","-3,0075642"
23487,23045,1799,Arroyo Molinos,*Diseminado*,"37,7050049","-3,0776568"
23488,23033,5699,Rosales (Los),*Diseminado*,"37,8802198","-3,0726468"
23489,23073,1701,Belerda,Belerda,"37,7645803","-3,0325855"
23490,23046,1799,Barriada del Puente,*Diseminado*,"38,0664652","-3,596457"
23499,23094,5601,Miraelrio,Miraelrio,"38,0974267","-3,5332049"
23500,23053,1701,Jodar,Jodar,"37,8258572","-3,318747"
23509,23092,1701,Donadio,Donadio,"37,9352542","-3,3842473"
23510,23085,2201,Torreblascopedro,Torreblascopedro,"37,996044","-3,6521849"
23519,23057,1701,Guadalimar,Guadalimar,"37,9564518","-3,6496505"
23520,23014,1701,Begijar,Begijar,"37,9773702","-3,5711466"
23528,23057,2201,Lupion,Lupion,"38,0142342","-3,5762077"
23529,23009,3899,Boticario (El),*Diseminado*,"37,9404858","-3,566086"
23530,23052,1799,Canava,*Diseminado*,"37,8515181","-3,5306765"
23537,23902,2201,Bedmar,Bedmar,"37,8126691","-3,4094629"
23538,23001,1701,Albanchez de Magina,Albanchez de Magina,"37,7690613","-3,4498346"
23539,23009,5601,Escuelas (Las),Escuelas (Las),"37,8751023","-3,4498346"
23540,23090,1701,Torres,Torres,"37,777587","-3,5205641"
23550,23017,1701,Cabra del Santo Cristo,Cabra del Santo Cristo,"37,7116158","-3,2281983"
23560,23044,2201,Huelma,Huelma,"37,6111551","-3,3993751"
23568,23015,1701,Aulabar,Aulabar,"37,7289266","-3,3691241"
23569,23043,2299,Capellania,*Diseminado*,"37,7059459","-3,4296446"
23590,23017,2201,Estacion de Cabra,Estacion de Cabra,"37,6461896","-3,2885455"
23591,23017,4301,Estacion de Huesa,Estacion de Huesa,"37,7764128","-3,1880083"
23600,23060,1799,Baños de Agua Hedionda,*Diseminado*,"37,7093318","-3,9980485"
23610,23034,2201,Encinares (Los),Encinar 1º,"37,6270725","-3,9164585"
23611,23041,1701,Higuera de Calatrava,Higuera de Calatrava,"37,7885668","-4,1616143"
23612,23077,1701,Santiago de Calatrava,Santiago de Calatrava,"37,7454165","-4,1820961"
23614,23060,2201,Carrasca (La),Carrasca (La),"37,6250314","-3,9776389"
23615,23060,6901,Monte Lope-Alvarez,Monte Lope-Alvarez,"37,7051208","-4,1206748"
23616,23034,8101,Vadohornillo,Castilleria (La),"37,6421697","-3,9419415"
23620,23061,3801,Mengibar,Mengibar,"37,9697471","-3,8146526"
23628,23027,1701,Cazalilla,Cazalilla,"37,9889101","-3,8757119"
23629,23049,1799,Jabalquinto,*Diseminado*,"40,463667","-3,74922"
23630,23903,3801,Villargordo,Villargordo,"37,9511874","-3,7333537"
23638,23903,1701,Torrequebradilla,Torrequebradilla,"37,9056193","-3,6673942"
23639,23050,7501,Infantas (Las),Infantas (Las),"37,8562031","-3,7232005"
23640,23086,3899,Garciez,*Diseminado*,"37,807215","-3,9266502"
23650,23087,2299,Lendinez,*Diseminado*,"37,8030804","-4,0491077"
23657,23031,1701,Escañuela,Escañuela,"37,8724855","-4,0337846"
23658,23051,1701,Jamilena,Jamilena,"37,73877","-3,9113634"
23659,23098,2201,Villardompardo,Villardompardo,"37,8417455","-4,0031521"
23660,23003,1701,Alcaudete,Alcaudete,"37,5893041","-4,0899911"
23669,23003,2201,Bobadilla (La),Bobadilla,"37,6626412","-4,1206748"
23670,23026,1799,Alfavila (La),*Diseminado*,"37,5522834","-3,9266502"
23680,23002,1701,Alcala la Real,Alcala la Real,"37,4567816","-3,9164585"
23684,23002,12001,Rabita (La),Rabita (La),"37,489433","-4,0542163"
23685,23002,6901,Grageras (Las),Grageras (Las),"37,5220735","-4,0337846"
23686,23002,4301,Ermita Nueva,Cequia,"37,4106505","-3,8604402"
23687,23002,3801,Charilla,Charilla,"37,5048859","-3,9113634"
23688,23002,9401,Pedriza (La),Pedriza (La),"37,4069472","-3,9725378"
23689,23002,5601,Fuente Alamo,Fuente Alamo,"37,4533661","-4,0184661"
23690,23033,1799,Cañada de Alcala,*Diseminado*,"37,5027153","-3,8146526"
23691,23002,10801,Ribera Alta,Ribera Alta,"37,4542821","-3,8299106"
23692,23002,13601,Santa Ana,Santa Ana,"37,4632825","-3,8808034"
23693,23026,5699,Cerrajon (El),*Diseminado*,"37,5341022","-3,9929453"
23700,23055,1701,Arrayanes-La Cruz-La Lagu,Cruz (La),"38,1125918","-3,642048"
23710,23010,1701,Bailen,Bailen,"38,1087645","-3,7638256"
23711,23011,2201,Baños de la Encina,Baños de la Encina,"38,2136043","-3,7841503"
23712,23049,1701,Jabalquinto,Jabalquinto,"38,0255428","-3,7232005"
23713,23055,1702,Arrayanes-La Cruz-La Lagu,Estacion de Vadollano,"38,1425229","-3,52562"
23720,23032,2201,Estacion de Espeluy,Estacion de Espeluy,"40,463667","-3,74922"
23730,23096,1799,Condesa (La),*Diseminado*,"38,1354528","-3,9164585"
23740,23005,1701,Andujar,Andujar,"38,2897569","-4,028678"
23746,23040,1701,Lahiguera,Lahiguera,"37,9643634","-3,9776389"
23747,23005,3801,Llanos del Sotillo,Llanos del Sotillo,"38,0236023","-4,100217"
23748,23005,9401,Virgen de la Cabeza,Santuario Virgen Cabeza,"38,1545028","-3,9776389"
23749,23005,8101,Villares (Los),Villares (Los),"38,0336015","-3,962337"
23750,23007,1701,Arjonilla,Arjonilla,"37,9806047","-4,1206748"
23760,23006,1799,Albaida,*Diseminado*,"37,9287803","-4,0899911"
23770,23059,1701,Marmolejo,Marmolejo,"38,0527841","-4,1718542"
23780,23056,1701,Lopera,Lopera,"37,9558301","-4,2230836"
23790,23069,1799,Alharilla,*Diseminado*,"37,8397476","-4,2128337"
24001,24089,2201,Leon,Leon,"42,5983452","-5,5781378"
24002,24089,2201,Leon,Leon,"42,602714","-5,5761684"
24003,24089,2201,Leon,Leon,"42,5982135","-5,5682913"
24004,24089,2201,Leon,Leon,"42,5906323","-5,5735426"
24005,24089,1701,Armunia,Armunia,"42,5780271","-5,5564777"
24006,24089,2201,Leon,Leon,"42,5949966","-5,5591028"
24007,24089,2201,Leon,Leon,"42,6096465","-5,5591028"
24008,24089,2201,Leon,Leon,"42,6181343","-5,5853597"
24009,24089,1701,Armunia,Armunia,"42,5811248","-5,593239"
24010,24089,2201,Leon,Leon,"42,5944931","-5,6195112"
24100,24202,11501,Villablino,Villablino,"42,929341","-6,3359009"
24110,24202,1701,Caboalles de Abajo,Caboalles de Abajo,"42,9443865","-6,3704778"
24111,24202,2201,Caboalles de Arriba,Caboalles de Arriba,"42,9659353","-6,418385"
24112,24202,12001,Villager de Laciana,Villager de Laciana,"42,9384467","-6,3465379"
24113,24202,5601,Orallo,Orallo,"42,9623816","-6,3518571"
24114,24202,4301,Llamas de Laciana,Llamas de Laciana,"42,9136922","-6,3119743"
24120,24167,3801,Canales-La Magdalena,Canales-La Magdalena,"42,780021","-5,8090159"
24121,24163,1701,Azadinos,Azadinos,"42,656132","-5,6563119"
24122,24061,5601,Lorenzana,Lorenzana,"42,6694903","-5,6326517"
24123,24040,1701,Benllera,Benllera,"42,8067371","-5,761583"
24124,24158,3801,Formigones,Formigones,"42,7830076","-5,8459341"
24125,24167,2201,Camposalinas,Camposalinas,"42,7613824","-5,8881542"
24126,24132,21301,Oterico,Oterico,"42,7992121","-5,9092754"
24127,24132,1701,Andarraso,Andarraso,"42,8450788","-5,9621106"
24130,24101,5601,Montrondo,Montrondo,"42,8406939","-6,2269763"
24131,24132,15401,Guisatecha,Guisatecha,"42,7891229","-6,0097018"
24132,24132,4301,Arienza,Arienza,"42,8406405","-6,0467429"
24133,24101,1701,Barrio de la Puente,Barrio de la Puente,"42,7858209","-6,1633042"
24134,24101,8101,Rodicol,Rodicol,"42,8852582","-6,1208926"
24135,24101,14101,Villanueva de Omaña,Villanueva de Omaña,"42,8207036","-6,1473964"
24136,24101,4301,Lazado,Lazado,"42,8635648","-6,1633042"
24137,24101,2201,Bayos (Los),Bayos (Los),"42,884678","-6,2216678"
24138,24202,13601,Villar de Santiago (El),Villar de Santiago (El),"42,9126311","-6,2429045"
24139,24202,8101,Rioscuro,Rioscuro,"42,9388135","-6,2960283"
24140,24202,3801,Lumajo,Lumajo,"42,9912286","-6,3119743"
24141,24029,2201,Cueta (La),Cueta (La),"42,9582856","-6,2057449"
24142,24029,1701,Cabrillanes,Cabrillanes,"42,9799601","-6,1633042"
24143,24029,3801,Huergas de Babia,Huergas de Babia,"42,9639871","-6,0996978"
24144,24145,1701,Candemuela,Candemuela,"42,9980947","-6,0044121"
24145,24145,12001,Villafeliz de Babia,Villafeliz de Babia,"42,9124976","-5,9726832"
24146,24164,2201,Aralla de Luna,Aralla de Luna,"42,9373638","-5,8670405"
24148,24012,1701,Barrios de Luna (Los),Barrios de Luna (Los),"42,8586212","-5,8881542"
24149,24012,4301,Mora de Luna,Mora de Luna,"42,8229858","-5,8248352"
24150,24067,6902,Quintanilla de Losada,Ambasaguas,"42,7112109","-5,3207069"
24151,24151,2201,Barrillos,Barrillos,"42,7267873","-5,4044268"
24152,24199,1701,Candanedo de Boñar,Candanedo de Boñar,"42,7696689","-5,3207069"
24153,24201,2201,Castro del Condado,Castro del Condado,"42,7043124","-5,4672962"
24154,24201,6901,San Cipriano del Condado,San Cipriano del Condado,"42,650737","-5,3625516"
24155,24201,5601,Represa del Condado,Represa del Condado,"42,629248","-5,4044268"
24156,24175,5601,Navafria,Navafria,"42,6035971","-5,4306141"
24160,24079,5601,Garfin,Garfin,"42,6750954","-5,2579968"
24161,24063,2201,Herreros de Rueda,Herreros de Rueda,"42,6770033","-5,2162283"
24162,24225,8101,Villafañe,Villafañe,"42,5449581","-5,4306141"
24163,24201,1701,Castrillo del Condado,Castrillo del Condado,"42,656132","-5,6563119"
24164,24079,12001,Santa Olaja de Eslonza,Santa Olaja de Eslonza(Nu,"42,5777337","-5,3573194"
24165,24079,1701,Cañizal de Rueda,Cañizal de Rueda,"42,6331639","-5,3207069"
24166,24079,3801,Casasola de Rueda,Casasola de Rueda,"42,5904206","-5,2945694"
24170,24004,1701,Almanza,Almanza,"42,6576098","-5,0359015"
24171,24004,6901,Castromudarra,Castromudarra,"42,6072746","-5,0286488"
24172,24051,1701,Bustillo de Cea,Bustillo de Cea,"42,4898912","-5,0286488"
24174,24051,2201,Cea,Cea,"42,4552123","-4,9247074"
24175,24215,2201,Villamol,Villamol,"42,4301866","-5,0494602"
24190,24089,1701,Armunia,Armunia,"42,3020858","-5,2788926"
24191,24142,5601,San Andres del Rabanedo,San Andres del Rabanedo,"42,6191634","-5,6142558"
24192,24089,1701,Armunia,Armunia,"42,548196","-5,5669786"
24193,24222,3801,Navatejera,Navatejera,"42,660251","-5,5722297"
24194,24162,4301,Santovenia de la Valdonci,Santovenia de la Valdonci,"42,8938546","-5,5722297"
24195,24175,2201,Carbajosa,Carbajosa,"42,6653044","-5,4672962"
24196,24163,2201,Carbajal de la Legua,Carbajal de la Legua,"42,6540931","-5,5984925"
24197,24222,1701,Canaleja,Canaleja,"42,6427701","-5,5302337"
24198,24189,8101,Virgen del Camino (La),Virgen del Camino (La),"42,5811203","-5,6431662"
24199,24227,1701,Alija de la Ribera,Alija de la Ribera,"42,5399434","-5,5354816"
24200,24188,2201,Valencia de Don Juan,Valencia de Don Juan,"42,2716047","-5,509247"
24205,24188,1701,Cabañas,Cabañas,"42,3220448","-5,5328576"
24206,24042,1701,Castilfale,Castilfale,"42,2156012","-5,4463322"
24207,24099,1701,Matanza de Los Oteros,Matanza de Los Oteros,"42,248568","-5,3730176"
24208,24107,5601,Quintanilla de Los Oteros,Quintanilla de Los Oteros,"42,3097428","-5,4306141"
24209,24081,1701,Gusendos de Los Oteros,Gusendos de Los Oteros(Nu,"42,3541737","-5,4253757"
24210,24094,1701,Mansilla de Las Mulas,Mansilla de Las Mulas,"42,4872432","-5,4096633"
24212,24027,9401,Cabañas Raras,Cabañas Raras,"42,3461128","-5,593239"
24217,24095,1701,Mansilla Mayor,Mansilla Mayor,"42,5099761","-5,4463322"
24218,24094,2201,Mansilla del Esla,Mansilla del Esla,"42,5158731","-5,3207069"
24219,24225,3801,Valle de Mansilla,Valle de Mansilla,"42,5325101","-5,3834854"
24220,24181,1701,Valderas,Valderas,"42,0870312","-5,4568133"
24221,24032,1701,Campazas,Campazas,"42,1488532","-5,5040015"
24222,24902,1701,Castrofuerte,Castrofuerte,"42,1919064","-5,5302337"
24223,24073,1701,Fresno de la Vega,Fresno de la Vega,"42,3491673","-5,5302337"
24224,24028,1701,Cabreros del Rio,Cabreros del Rio,"42,3894194","-5,509247"
24225,24033,1701,Campo de Villavidel,Campo de Villavidel,"42,4306397","-5,4672962"
24226,24225,2201,Villarente,Villarente,"42,5275431","-5,4882679"
24227,24175,1701,Arcahueja,Arcahueja,"42,5702822","-5,514493"
24228,24175,3801,Corbillos de la Sobarriba,Corbillos de la Sobarriba,"42,5861982","-5,4882679"
24230,24187,4301,Valdevimbre,Valdevimbre,"42,4188975","-5,6090009"
24231,24065,4301,Cembranos,Cembranos,"42,4982681","-5,587986"
24232,24006,1701,Ardon,Ardon,"42,4451853","-5,5722297"
24233,24006,2201,Benazolve,Benazolve,"42,3863772","-5,5722297"
24234,24088,1701,Cabañeros,Cabañeros,"42,2344367","-5,6668306"
24235,24221,2201,Villaquejida,Villaquejida,"42,1484398","-5,6142558"
24236,24221,1701,Villafer,Villafer,"42,1120878","-5,551228"
24237,24149,1701,San Millan de Los Caballe,San Millan de Los Caballe,"42,2778809","-5,5827334"
24238,24002,1701,Algadefe,Algadefe,"42,1888535","-5,593239"
24239,24054,1701,Bariones de la Vega,Bariones de la Vega,"42,1100489","-5,593239"
24240,24157,1701,Santa Maria del Paramo,Santa Maria del Paramo(Nu,"42,3584613","-5,7405139"
24248,24087,1701,Laguna Dalga,Laguna Dalga,"42,3170889","-5,7826597"
24249,24017,2201,Villar del Yermo,Villar del Yermo,"42,3213057","-5,6983979"
24250,24065,7501,Meizara,Meizara,"42,4400293","-5,6773512"
24251,24006,3801,Cillanueva,Cillanueva,"42,4869408","-5,6195112"
24252,24017,1701,Bercianos del Paramo,Bercianos del Paramo,"42,3906426","-5,7094735"
24253,24176,1701,Azares del Paramo,Azares del Paramo,"42,3149549","-5,8248352"
24257,24021,5601,Cerecedo,Cerecedo,"42,9077476","-5,2788926"
24270,24039,101601,Carrizo de la Ribera,Carrizo de la Ribera,"42,5926649","-5,85121"
24271,24092,1701,Llamas de la Ribera,Llamas de la Ribera,"42,6455364","-5,8670405"
24272,24055,2201,Azadon,Azadon,"42,6303118","-5,7826597"
24273,24055,4301,Secarejo,Secarejo,"42,6856212","-5,8459341"
24274,24133,1701,Espinosa de la Ribera,Espinosa de la Ribera,"42,6923727","-5,8090159"
24275,24133,2201,Rioseco de Tapia,Rioseco de Tapia,"42,7001704","-5,7510475"
24276,24158,5601,Santa Maria de Ordas,Santa Maria de Ordas,"42,7205338","-5,8301092"
24277,24158,1701,Adrados de Ordas,Adrados de Ordas,"42,7383976","-5,8617632"
24280,24015,2201,Benavides de Orbigo,Benavides de Orbigo,"42,5117776","-5,9039944"
24281,24015,1701,Antoñan del Valle,Antoñan del Valle,"42,5332128","-5,9621106"
24282,24142,4301,Ferral del Bernesga,Ferral del Bernesga,"42,6345327","-5,6983979"
24283,24039,2201,Huerga del Rio,Huerga del Rio,"42,5731307","-5,85121"
24284,24173,1701,Armellada,Armellada,"42,5438158","-5,85121"
24285,24015,4301,Quintanilla del Monte,Quintanilla del Monte,"42,5848025","-5,9092754"
24286,24082,1701,Hospital de Orbigo,Hospital de Orbigo,"42,4639415","-5,8828751"
24287,24015,3801,Gualtares de Orbigo,Gualtares de Orbigo,"42,4829734","-5,8934338"
24288,24223,1701,Estebanez de la Calzada,Estebanez de la Calzada,"42,4652913","-5,9515399"
24290,24153,1701,Matallana de Valmadrigal,Matallana de Valmadrigal,"42,3600427","-5,2997959"
24291,24097,1701,Fontanil de Los Oteros,Fontanil de Los Oteros(Nu,"42,3365143","-5,3834854"
24292,24190,2201,Valverde Enrique,Valverde Enrique,"42,3020858","-5,2788926"
24293,24084,1701,Albires,Albires,"42,2430996","-5,2788926"
24294,24078,1701,Gordoncillo,Gordoncillo,"42,1388038","-5,4044268"
24300,24014,2201,Bembibre,Bembibre,"42,6119857","-6,4024118"
24310,24071,3801,Ribera de Folgoso (La),Ribera de Folgoso (La),"42,6149485","-6,3491975"
24311,24071,2201,Folgoso de la Ribera,Folgoso de la Ribera,"42,6413889","-6,3119743"
24312,24071,1701,Boeza,Boeza,"42,6815474","-6,2907139"
24313,24083,2201,Colinas del Campo de Mart,Colinas del Campo de Mart,"42,7765457","-6,333242"
24314,24049,2201,Castropodame,Castropodame,"42,5888802","-6,4663286"
24315,24014,6901,San Esteban del Toral,San Esteban del Toral,"42,637853","-6,375799"
24316,24049,4301,San Pedro Castañero,San Pedro Castañero,"42,5769371","-6,418385"
24317,24170,6901,San Andres de Las Puentes,San Andres de Las Puentes,"42,6034179","-6,3811207"
24318,24014,4301,Losada,Losada,"42,6525745","-6,4609998"
24319,24014,1701,Arlanza,Arlanza,"42,6963242","-6,375799"
24320,24139,6901,Sahagun,Sahagun,"42,3722437","-5,0286488"
24323,24050,1701,Castrotierra de Valmadrig,Castrotierra de Valmadrig,"42,3376624","-5,2527741"
24324,24086,1701,Joarilla de Las Matas,Joarilla de Las Matas,"42,3058973","-5,1953554"
24325,24018,1701,Bercianos del Real Camino,Bercianos del Real Camino,"42,3666997","-5,1536327"
24326,24139,2201,Celada de Cea,Celada de Cea,"42,4142055","-4,9662608"
24327,24229,2201,Castrillo de Valderaduey,Castrillo de Valderaduey,"42,5717918","-4,9454803"
24328,24051,4301,San Pedro de Valderaduey,San Pedro de Valderaduey,"42,4534216","-4,9662608"
24329,24087,2201,San Pedro de Las Dueñas,San Pedro de Las Dueñas,"42,3114901","-5,0702794"
24330,24160,3801,Reliegos,Reliegos,"42,4402392","-5,3677844"
24339,24160,1701,Luengos,Luengos,"42,4757453","-5,3416255"
24340,24080,1701,Grajal de Campos,Grajal de Campos,"42,3142306","-5,0078451"
24341,24069,1701,Escobar de Campos,Escobar de Campos,"42,3160369","-4,9662608"
24342,24031,1701,Calzada del Coto,Calzada del Coto,"42,3891164","-5,0911062"
24343,24024,1701,Burgo Ranero (El),Burgo Ranero (El),"42,4451592","-5,1536327"
24344,24024,4301,Villamuñio,Villamuñio,"42,5440037","-5,1327829"
24345,24160,6901,Villamarco,Villamarco,"42,4580967","-5,2997959"
24346,24197,1701,Grulleros,Grulleros,"42,4905207","-5,5459787"
24347,24105,3801,Sotico,Sotico,"42,5219399","-5,5538528"
24350,24223,2201,Veguellina de Orbigo,Veguellina de Orbigo,"42,4345663","-5,8828751"
24356,24026,3801,Barrio de Buenos Aires,Barrio de Buenos Aires(Nu,"42,396994","-5,85121"
24357,24026,1701,Acebes del Paramo,Acebes del Paramo,"42,4244384","-5,7932008"
24358,24223,3801,Villarejo de Orbigo,Villarejo de Orbigo,"42,4283111","-5,9092754"
24359,24144,1701,Matilla de la Vega,Matilla de la Vega,"42,3844856","-5,9039944"
24360,24210,2201,Brañuelas,Brañuelas,"42,6322783","-6,2110521"
24367,24210,11501,Villagaton,Villagaton,"42,6345721","-6,1686077"
24368,24210,3801,Culebros,Culebros,"42,670124","-6,1420947"
24369,24210,4301,Manzanal del Puerto,Manzanal del Puerto,"42,5886557","-6,2057449"
24370,24170,5601,Matavenero Y Poibueno,Matavenero Y Poibueno,"42,5943186","-6,3252658"
24374,24083,1701,Almagarinos,Almagarinos,"42,6643835","-6,2482149"
24375,24083,6901,Pobladura de Las Regueras,Pobladura de Las Regueras,"42,7033577","-6,2482149"
24376,24083,3801,Espina de Tremor,Espina de Tremor,"42,7285754","-6,1420947"
24377,24083,9401,Tremor de Arriba,Tremor de Arriba,"42,7251435","-6,2057449"
24378,24170,3801,Fonfria,Fonfria,"42,5621499","-6,333242"
24379,24170,8101,Santa Cruz de Montes,Santa Cruz de Montes,"42,585186","-6,2694608"
24380,24122,2201,Puente de Domingo Florez,Puente de Domingo Florez,"42,4120514","-6,8190224"
24384,24122,4301,Salas de la Ribera,Salas de la Ribera,"42,442043","-6,8083063"
24385,24122,5601,San Pedro de Trones,San Pedro de Trones,"42,3943822","-6,7868794"
24386,24122,2201,Puente de Domingo Florez,Puente de Domingo Florez,"42,4341664","-6,7761686"
24387,24122,3801,Robledo de Sobrecastro,Robledo de Sobrecastro(Nu,"42,4067027","-6,7440467"
24388,24016,2201,Lomba,Lomba,"42,3366804","-6,6851982"
24389,24016,1701,Benuza,Benuza,"42,3825386","-6,7386946"
24390,24038,3801,Posada del Bierzo,Posada del Bierzo,"42,5219859","-6,6958939"
24391,24065,1701,Antimio de Arriba,Antimio de Arriba,"42,557446","-5,6773512"
24392,24055,5601,Velilla de la Reina,Velilla de la Reina,"42,5069866","-5,7089241"
24393,24026,7501,Milla del Paramo (La),Milla del Paramo (La),"42,5131612","-5,8603182"
24394,24182,1701,Barrientos,Barrientos,"42,4204027","-5,9673967"
24395,24148,1701,Celada,Celada,"42,4263191","-6,04145"
24396,24093,1701,Benamarias,Benamarias,"42,5552884","-6,0996978"
24397,24093,3801,Porqueros,Porqueros,"42,6849442","-6,0467429"
24398,24049,1701,Calamocos,Calamocos,"42,5904324","-6,5249759"
24400,24115,21302,Ponferrada,Ponferrada,"42,5510621","-6,6157192"
24401,24115,21302,Ponferrada,Ponferrada,"42,5493732","-6,587872"
24402,24115,21302,Ponferrada,Ponferrada,"42,5500918","-6,5985416"
24403,24115,9401,Dehesas,Dehesas,"42,5501885","-6,6307005"
24404,24115,7501,Compostilla,Compostilla,"42,561874","-6,6397611"
24410,24007,5601,Magaz de Arriba,Magaz de Arriba,"42,5818129","-6,6745042"
24411,24115,12001,Fuentes Nuevas,Fuentes Nuevas,"42,5791091","-6,6370893"
24412,24027,3801,Cortiguera,Cortiguera,"42,6233136","-6,6317461"
24413,24100,1701,Acebo,Acebo,"42,5159385","-6,4609998"
24414,24115,2201,Bouzas,Bouzas,"42,4744206","-6,5036433"
24415,24115,14101,Manzanedo de Valdueza,Manzanedo de Valdueza,"42,4615986","-6,5569882"
24416,24115,30401,Santo Tomas de Las Ollas,Santo Tomas de Las Ollas,"42,5638978","-6,5623251"
24420,24070,2201,Fabero,Fabero,"42,7668396","-6,6266363"
24424,24115,9401,Dehesas,Dehesas,"40,463667","-3,74922"
24428,24070,4301,Lillo del Bierzo,Lillo del Bierzo,"42,7815523","-6,5890166"
24429,24070,1701,Barcena de la Abadia,Barcena de la Abadia,"42,8852836","-6,642433"
24430,24196,10801,Vega de Espinareda,Vega de Espinareda,"42,7350111","-6,6370893"
24433,24036,2201,Candin,Candin,"42,8414657","-6,7279918"
24434,24070,3801,Fontoria,Fontoria,"42,7526013","-6,6691579"
24435,24196,3801,Espino (El),Espino (El),"42,7227929","-6,679851"
24436,24196,4301,Moreda,Moreda,"42,7157355","-6,7172907"
24437,24196,1701,Burbia,Burbia,"42,789742","-6,7815237"
24438,24019,1701,Berlanga del Bierzo,Berlanga del Bierzo,"42,7244204","-6,5676625"
24439,24143,2201,Ocero,Ocero,"42,6817824","-6,6317461"
24440,24041,5601,Lago de Carucedo,Lago de Carucedo,"42,4931855","-6,7908964"
24441,24041,1701,Barosa (La),Barosa (La),"42,5111086","-6,797592"
24442,24036,1701,Balouta,Balouta,"42,4726527","-6,7868794"
24443,24022,1701,Borrenes,Borrenes,"42,4999344","-6,7386946"
24444,24022,2201,Chana (La),Chana (La),"42,4608316","-6,7386946"
24445,24119,3801,Priaranza del Bierzo,Priaranza del Bierzo,"42,5001586","-6,6932198"
24446,24119,1701,Ferradillo,Ferradillo,"42,4783219","-6,6905458"
24447,24119,5601,Villalibre de la Jurisdic,Villalibre de la Juriscic,"42,5218817","-6,655794"
24448,24115,22801,Rimor,Rimor,"42,5107547","-6,6370893"
24450,24169,9401,Toreno,Toreno,"42,6936992","-6,5089758"
24457,24169,1701,Libran,Libran,"42,7435801","-6,4876486"
24458,24102,3801,Robledo de Las Traviesas,Robledo de Las Traviesas,"42,7304911","-6,4609998"
24459,24169,4301,Pradilla,Pradilla,"42,6632601","-6,5303102"
24460,24169,101601,Matarrosa del Sil,Matarrosa del Sil,"42,7631925","-6,527643"
24469,24110,7501,Villamartin del Sil,Villamartin del Sil,"42,7520977","-6,5089758"
24470,24110,4301,Paramo del Sil,Paramo del Sil,"42,8225637","-6,4663286"
24478,24110,3801,Argayo del Sil,Argayo del Sil,"42,8216496","-6,5676625"
24479,24110,8101,Salentinos,Salentinos,"42,7912494","-6,418385"
24480,24109,1701,Corbon del Sil,Corbon del Sil,"42,826293","-6,5076426"
24488,24110,1701,Anllares del Sil,Anllares del Sil,"42,8811225","-6,5463156"
24489,24109,9401,Susañe del Sil,Susañe del Sil,"42,8407829","-6,4876486"
24490,24115,5601,Columbrianos,Columbrianos,"42,580346","-6,6157192"
24491,24115,1701,Barcena del Bierzo,Barcena del Bierzo,"42,5913361","-6,5943562"
24492,24064,1701,Cabañas de la Dornilla,Cabañas de la Dornilla,"42,6465052","-6,5676625"
24494,24110,5601,Santa Cruz del Sil,Santa Cruz del Sil,"42,7909934","-6,5089758"
24495,24109,3801,Matalavilla,Matalavilla,"42,8610407","-6,3864428"
24496,24109,2201,Cuevas del Sil,Cuevas del Sil,"42,894712","-6,3917654"
24497,24109,10801,Tejedo del Sil,Tejedo del Sil,"42,9238098","-6,3917654"
24498,24109,13601,Villarino del Sil,Villarino del Sil,"42,9158915","-6,3598367"
24500,24209,17301,Villafranca del Bierzo,Villafranca del Bierzo(Nu,"42,6083719","-6,8084557"
24510,24209,2201,Cela,Cela,"42,6899315","-6,8243812"
24511,24209,1701,Campo del Agua,Campo del Agua,"42,7561109","-6,8565427"
24512,24209,5601,Paradiña,Paradiña,"42,6742723","-6,7601057"
24513,24209,3801,Landoiro,Landoiro,"42,6379539","-6,797592"
24514,24059,2201,Corullon,Corullon,"42,5781736","-6,8190224"
24515,24059,4301,Hornija,Hornija,"42,5508926","-6,8672668"
24516,24059,5601,Horta,Horta,"42,5703266","-6,7868794"
24517,24059,1701,Cadafresnas,Cadafresnas,"42,5944761","-6,8726295"
24520,24198,4301,Braña (La),Braña (La),"42,6769857","-6,9584922"
24521,24011,2201,Barjas,Barjas,"42,6224289","-6,974604"
24522,24171,4301,Pereje,Pereje,"42,6256532","-6,84046"
24523,24171,1701,Moral de Valcarce,Moral de Valcarce,"42,6484099","-6,8672668"
24524,24198,1701,Ambasmestas,Ambasmestas,"42,6601138","-6,9155468"
24525,24009,1701,Balboa,Balboa,"42,7237079","-6,9101806"
24526,24198,8101,Herrerias (Las),Herrerias (Las),"42,6795602","-6,9960925"
24530,24206,104201,Peon,Peon,"42,5911076","-6,7654595"
24540,24030,2201,Cacabelos,Cacabelos,"42,6033841","-6,722641"
24544,24038,1701,Carracedelo,Carracedelo,"42,5838747","-6,722641"
24545,24007,6901,San Juan de la Mata,San Juan de la Mata,"42,6461323","-6,6584666"
24546,24007,1701,Arganza,Arganza,"42,6585653","-6,6958939"
24547,24030,1701,Arborbuena,Arborbuena,"42,6209957","-6,7547522"
24548,24030,4301,Quilos,Quilos,"42,6417519","-6,733343"
24549,24038,1701,Carracedelo,Carracedelo,"42,5545968","-6,722641"
24550,24038,5601,Villamartin de la Abadia,Villamartin de la Abadia,"42,5754553","-6,7413706"
24560,24206,301401,Toral de Los Vados,Toral de Los Vados,"42,5439605","-6,7788461"
24565,24038,4301,Villadepalos,Villadepalos,"42,5324312","-6,7574078"
24566,24103,102101,Oencia,Oencia,"42,562608","-6,9960925"
24567,24103,1701,Arnadelo,Arnadelo,"42,5176823","-6,8511814"
24568,24103,2201,Arnado,Arnado,"42,5222495","-7,0175879"
24569,24103,101601,Castropetre,Castropetre,"42,5287846","-6,9101806"
24600,24114,13601,Pola de Gordon (La),Pola de Gordon (La),"42,8577718","-5,6642008"
24607,24114,15401,Vega de Gordon,Vega de Gordon,"42,8749042","-5,661571"
24608,24114,2201,Beberino,Beberino,"42,8855434","-5,7405139"
24609,24114,1701,Barrios de Gordon (Los),Barrios de Gordon (Los),"42,8314321","-5,6563119"
24610,24061,2201,Campo Y Santibañez,Campo Y Santibañez,"42,679735","-5,6720907"
24620,24061,1701,Cabanillas,Cabanillas,"42,7330761","-5,6773512"
24630,24061,3801,Cascantes,Cascantes,"42,7546309","-5,6352801"
24640,24134,8101,Robla (La),Robla (La),"42,7908024","-5,6161972"
24648,24098,5601,Robledo de Fenar,Robledo de Fenar,"42,8161045","-5,5722297"
24649,24134,1701,Alcedo de Alba,Alcedo de Alba,"42,792528","-5,6563119"
24650,24114,14101,Santa Lucia,Santa Lucia,"42,8698183","-5,6168834"
24660,24114,5601,Ciñera,Ciñera,"42,8836151","-5,6326517"
24670,24114,16701,Vid (La),Vid (La),"42,9051565","-5,6430944"
24680,24901,18901,Villamanin de la Tercia,Villamanin de la Tercia,"42,9336749","-5,6510533"
24687,24901,12001,Rodiezmo de la Tercia,Rodiezmo de la Tercia,"42,934653","-5,6777411"
24688,24901,5601,Casares de Arbas,Casares de Arbas,"42,9427192","-5,761583"
24689,24901,2201,Barrio de la Tercia,Barrio de la Tercia,"42,9673645","-5,6563119"
24690,24901,1701,Arbas del Puerto,Arbas del Puerto,"42,9825633","-5,7405139"
24699,24901,4301,Camplongo de Arbas,Camplongo de Arbas,"43,0244693","-5,6773512"
24700,24008,1701,Astorga,Astorga,"42,4545754","-6,0626246"
24710,24148,3801,San Justo de la Vega,San Justo de la Vega,"42,4630875","-5,9938339"
24711,24214,1701,Castrillo de Cepeda,Castrillo de Cepeda,"42,5793018","-6,014992"
24712,24214,2201,Cogorderos,Cogorderos,"42,5391106","-6,0361574"
24713,24214,6901,Sueros de Cepeda,Sueros de Cepeda,"42,6131934","-6,0202827"
24714,24023,1701,Bonillos,Bonillos,"42,4909012","-6,1155932"
24715,24023,3801,Combarros,Combarros,"42,5495933","-6,2057449"
24716,24023,2201,Brazuelo,Brazuelo,"42,4966956","-6,1898262"
24717,24090,1701,Boisan,Boisan,"42,3918994","-6,2269763"
24718,24008,2201,Castrillo de Los Polvazar,Castrillo de Los Polvazar,"42,4575025","-6,0996978"
24719,24219,1701,Brimeda,Brimeda,"42,5034961","-6,0626246"
24720,24152,5601,Murias de Pedredo,Murias de Pedredo,"42,4322303","-6,2057449"
24721,24044,1701,Castrillo de la Valduerna,Castrillo de la Valduerna,"42,3238415","-6,2163597"
24722,24152,1701,Andiñuela,Andiñuela,"42,475946","-6,3013432"
24723,24090,3801,Chana de Somoza,Chana de Somoza,"42,3860764","-6,333242"
24724,24090,2201,Busnadiego,Busnadiego,"42,3905394","-6,429036"
24730,24066,1701,Destriana,Destriana,"42,3214205","-6,0785104"
24731,24161,1701,Morales del Arcediano,Morales del Arcediano,"42,4194625","-6,0785104"
24732,24161,4301,Santiago Millas,Santiago Millas,"42,3791422","-6,0996978"
24733,24125,4301,Quintanilla de Florez,Quintanilla Florez,"42,2602535","-6,1208926"
24734,24047,3801,Nogarejas,Nogarejas,"42,2012756","-6,1208926"
24735,24047,1701,Castrocontrigo,Castrocontrigo,"42,1770425","-6,2057449"
24736,24047,2201,Morla de la Valderia,Morla de la Valderia,"42,2429825","-6,2588369"
24738,24172,4301,Cunas,Cunas,"42,2383089","-6,3438785"
24739,24170,8101,Santa Cruz de Montes,Santa Cruz de Montes,"40,463667","-3,74922"
24740,24011,6901,Corporales,Corporales,"42,2728525","-6,429036"
24741,24172,5601,Iruela,Iruela,"42,2576123","-6,5249759"
24742,24043,1701,Castrillo de Cabrera,Castrillo de Cabrera,"42,3832884","-6,5569882"
24743,24067,2201,Castrohinojo,Castrohinojo,"42,2800237","-6,5623251"
24744,24043,2201,Marrubio,Marrubio,"42,3072955","-6,5143087"
24745,24067,3801,Encinedo,Encinedo,"42,2539487","-6,5890166"
24746,24067,1701,Baña (La),Baña (La),"42,2581972","-6,6851982"
24750,24010,1701,Bañeza (La),Bañeza (La),"42,2909973","-5,9092754"
24760,24046,1701,Calzada de la Valderia,Calzada de la Valderia(Nu,"42,1801238","-5,9621106"
24761,24003,1701,Alija del Infantado,Alija del Infantado,"42,1368738","-5,8459341"
24762,24124,2201,Quintana del Marco,Quintana del Marco,"42,2238337","-5,8775964"
24763,24127,1701,Regueras de Abajo,Regueras de Abajo,"42,317982","-5,8617632"
24764,24010,2201,San Mames de la Vega,San Mames de la Vega,"42,3239953","-5,9356872"
24765,24131,1701,Castrotierra de la Valdue,Castrotierra de la Valdue,"42,3206944","-5,9991228"
24766,24010,3801,Santiago de la Valduerna,Santiago de la Valduerna,"42,3032668","-5,956825"
24767,24125,1701,Herreros de Jamuz,Herreros de Jamuz,"42,2658566","-6,014992"
24768,24166,1701,Alcaidon O Alquidon,Alcaidon O Alquidon,"42,3509763","-5,8881542"
24769,24053,1701,Cebrones del Rio,Cebrones del Rio,"42,2601271","-5,8406587"
24790,24136,3801,Valcabado del Paramo,Valcabado del Paramo,"42,2177586","-5,8037437"
24791,24136,1701,Moscas del Paramo,Moscas del Paramo,"42,2406072","-5,7405139"
24792,24003,2201,Navianos de la Vega,Navianos de la Vega,"42,1721432","-5,8301092"
24793,24182,2201,Bustos,Bustos,"42,4032191","-6,014992"
24794,24131,2201,Riego de la Vega,Riego de la Vega,"42,3662209","-5,9726832"
24795,24131,3801,San Felix de la Vega,San Felix de la Vega,"42,3775598","-5,9378366"
24796,24005,1701,Antigua (La),Antigua (La),"42,1629435","-5,7194522"
24797,24141,1701,San Adrian del Valle,San Adrian del Valle,"42,128731","-5,7141879"
24800,24056,1701,Cistierna,Cistierna,"42,8190333","-5,0911062"
24810,24137,3801,Sabero,Sabero,"42,8310667","-5,1484196"
24811,24137,2201,Olleros de Sabero,Olleros de Sabero,"42,829657","-5,1797058"
24812,24137,3801,Sabero,Sabero,"42,8470307","-5,1718826"
24813,24056,1701,Cistierna,Cistierna,"42,8579402","-5,0911062"
24814,24137,5601,Sotillos de Sabero,Sotillos de Sabero,"42,8384386","-5,2005729"
24815,24056,3801,Modino,Modino,"42,7527185","-5,1588464"
24816,24056,6901,Quintana de la Peña,Quintana de la Peña,"42,7949327","-5,0858988"
24820,24076,6901,Matueca de Torio,Matueca de Torio,"42,7904675","-5,4987565"
24830,24098,101601,Barrio de la Estacion,Barrio de la Estacion,"42,8427023","-5,5249863"
24836,24098,1701,Matallana de Torio,Matallana de Torio,"42,89589","-5,5302337"
24837,24037,5601,Felmin,Felmin,"42,9367396","-5,4882679"
24838,24037,1701,Almuzara,Almuzara,"42,980671","-5,5827334"
24839,24098,2201,Naredo de Fenar,Naredo de Fenar,"42,8396062","-5,4882679"
24840,24193,4301,Vecilla de Curueño (La),Vecilla de Curueño (La),"42,8412844","-5,4018087"
24843,24177,4301,Lugueros,Lugueros,"42,9765445","-5,4672962"
24844,24177,3801,Cerulleda,Cerulleda,"43,0255053","-5,4568133"
24845,24177,1701,Arintero,Arintero,"42,9611171","-5,3834854"
24846,24179,4301,Montuerto,Montuerto,"42,9018945","-5,4044268"
24847,24179,3801,Mata de Berbula (La),Mata de Berbula (La),"42,8768675","-5,4201377"
24848,24151,6901,Mata de Curueño (La),Mata de Curueño (La),"42,794461","-5,4149003"
24849,24179,1701,Aviados,Aviados,"42,8610489","-5,4463322"
24850,24021,4301,Boñar,Boñar,"42,8623347","-5,3154784"
24852,24021,2201,Barrio de Las Ollas,Barrio de Las Ollas,"42,8634267","-5,3442408"
24853,24021,11501,Oville,Oville,"42,9048399","-5,3416255"
24854,24021,12001,Pantano del Poblado del P,Poblado del Pantano del P,"42,9465798","-5,2788926"
24855,24121,2201,Isoba,Isoba,"43,0314232","-5,3311652"
24856,24129,1701,Pallide,Pallide,"42,9503985","-5,1953554"
24857,24021,10801,Orones,Orones,"42,9919099","-5,24233"
24858,24021,6901,Colle,Colle,"42,8457825","-5,2527741"
24859,24021,1701,Adrados,Adrados,"42,8708032","-5,2371087"
24860,24021,3801,Bodas (Las),Bodas (Las),"42,8341344","-5,2945694"
24869,24199,5601,Llamera,Llamera,"42,8455592","-5,3625516"
24870,24068,3801,Corral de Las Arrimadas,Corral de Las Arrimadas,"42,8180344","-5,2214477"
24877,24068,1701,Acisa de Las Arrimadas,Acisa de Las Arrimadas(Nu,"42,7910739","-5,2788926"
24878,24068,5601,Fresnedo de Valdellorma,Fresnedo de Valdellorma,"42,7549926","-5,2162283"
24879,24068,9401,San Pedro de Foncollada,San Pedro de Foncollada,"42,7958349","-5,1744903"
24880,24183,11501,Puente Almuhey,Puente Almuhey,"42,790667","-4,9610649"
24882,24183,15401,Sota de Valderrueda (La),Sota de Valderrueda (La),"42,8114817","-4,9298999"
24883,24183,1701,Caminayo,Caminayo,"42,8800161","-4,9195154"
24884,24183,8101,Morgovejo,Morgovejo,"42,8457603","-4,9247074"
24885,24020,2201,Besande,Besande,"42,9031941","-4,9454803"
24886,24183,5601,Ferreras del Puerto,Ferreras del Puerto,"42,8750517","-5,033851"
24887,24183,6901,Mata de Monteagudo (La),Mata de Monteagudo (La),"42,8227011","-5,0078451"
24888,24004,2201,Cabrera de Almanza,Cabrera de Almanza,"42,7457047","-4,9870491"
24889,24183,3801,Cegoñal,Cegoñal,"42,7822734","-4,9298999"
24890,24076,8101,Palazuelo de Torio,Palazuelo de Torio,"42,7177276","-5,593239"
24891,24076,1701,Abadengo de Torio,Abadengo de Torio,"42,7392559","-5,551228"
24892,24052,1701,Cebanico,Cebanico,"42,7318472","-5,0806918"
24893,24118,1701,Cerezal de la Guzpeña,Cerezal de la Guzpeña,"42,7828538","-5,0286488"
24900,24130,5601,Riaño,Riaño,"42,9781529","-5,0078451"
24911,24020,1701,Barniedo de la Reina,Barniedo de la Reina,"42,9252931","-4,883185"
24912,24020,5601,Llanaves de la Reina,Llanaves de la Reina,"43,0645878","-4,8002333"
24913,24020,1701,Barniedo de la Reina,Barniedo de la Reina,"43,0148261","-4,8313257"
24914,24116,101601,Caldevilla de Valdeon,Caldevilla de Valdeon,"43,140003","-4,9610649"
24915,24116,1701,Cain de Valdeon,Cain de Valdeon,"43,167962","-4,8728093"
24916,24106,1701,Oseja de Sajambre,Oseja de Sajambre,"43,1220909","-5,0390536"
24917,24025,2201,Casasuertes,Casasuertes,"43,0575117","-4,9662608"
24918,24130,2201,Carande,Carande,"42,9384232","-5,0286488"
24920,24180,1701,Aldea del Puente (La),Aldea del Puente (La),"42,5425031","-5,2736679"
24930,24180,2201,Quintana de Rueda,Quintana de Rueda,"42,5700504","-5,2057909"
24940,24063,1701,Cubillas de Rueda,Cubillas de Rueda,"42,679834","-5,1536327"
24950,24056,11501,Vidanes,Vidanes,"42,7633963","-5,1379946"
24960,24060,1701,Aleje,Aleje,"42,8514528","-5,1275716"
24970,24060,12001,Valdore,Valdore,"42,8727038","-5,1953554"
24980,24060,4301,Corniero,Corniero,"42,9125101","-5,1744903"
24989,24060,2201,Argovejo,Argovejo,"42,89589","-5,1119407"
24990,24060,8101,Remolina,Remolina,"42,9365888","-5,0702794"
24991,24060,3801,Ciguera,Ciguera,"42,9726242","-5,1327829"
24994,24001,2201,Liegos,Liegos,"43,0714001","-5,0911062"
24995,24025,4301,Lario,Lario,"43,0469568","-5,0963141"
24996,24001,1701,Acebedo,Acebedo,"43,0482953","-5,1744903"
25001,25120,6901,Lleida,Lleida,"41,5891557","0,6867939"
25002,25120,6901,Lleida,Lleida,"41,6132295","0,6216008"
25003,25120,6901,Lleida,Lleida,"41,6157873","0,6097589"
25004,25120,6901,Lleida,Lleida,"41,6225612","0,6257463"
25005,25120,5699,Gualda,*Diseminado*,"41,6543565","0,6251541"
25006,25120,6901,Lleida,Lleida,"41,6182566","0,6144953"
25007,25120,6901,Lleida,Lleida,"41,6181671","0,6310769"
25008,25120,6901,Lleida,Lleida,"41,6232072","0,6216008"
25100,25019,1701,Almacelles,Almacelles,"41,7497781","0,4596721"
25110,25023,1701,Alpicat,Alpicat,"41,6896071","0,554149"
25111,25120,10801,Raimat,Raimat,"41,6700124","0,4785495"
25112,25912,1701,Gimenells,Gimenells,"41,6503603","0,403094"
25113,25120,12001,Suchs,Suchs,"41,7101598","0,403094"
25114,25912,2201,Pla de la Font,Pla de la Font,"41,6704262","0,3654204"
25120,25013,1701,Alfarras,Alfarras,"41,8238964","0,5683399"
25122,25112,1701,Ivars de Noguera,Ivars de Noguera,"41,848622","0,5920027"
25123,25228,2201,Torrefarrera,Torrefarrera,"41,6744456","0,5967369"
25124,25189,1701,Colonia Al-Kanis,Colonia Al-Kanis,"41,6943768","0,5967369"
25125,25016,1701,Alguaire,Alguaire,"41,3898485","0,554149"
25126,25021,1701,Almenar,Almenar,"41,789253","0,5352356"
25130,25015,1701,Algerri,Algerri,"41,8285464","0,6298922"
25131,25233,1701,Torre-Serona,Torre-Serona,"41,6742433","0,634631"
25132,25053,1701,Benavent de Segria,Benavent de Segria,"41,6941221","0,6441101"
25133,25251,1701,Vilanova de Segria,Vilanova de Segria,"41,7141503","0,6251541"
25134,25174,1701,Portella (La),Portella (La),"41,7339628","0,6441101"
25135,25008,1701,Albesa,Albesa,"41,7686647","0,6678177"
25136,25069,1701,Castello de Farfanya,Castello de Farfanya,"41,8179887","0,7342734"
25137,25078,1701,Corbins,Corbins,"41,6839393","0,682049"
25138,25231,1701,Torrelameu,Torrelameu,"41,7137141","0,7010319"
25139,25134,1701,Menarguens,Menarguens,"41,7484168","0,724773"
25140,25029,1701,Arbeca,Arbeca,"41,5474716","0,9342973"
25141,25230,1701,Torregrossa,Torregrossa,"41,5882869","0,8198775"
25142,25052,2201,Bellvis,Bellvis,"41,6680916","0,8198775"
25143,25168,1701,Poal (El),Poal (El),"41,6726187","0,8818151"
25144,25052,1701,Els Arcs,Els Arcs,"41,7028671","0,8341624"
25150,25033,1701,Artesa de Lleida,Artesa de Lleida,"41,5490952","0,705779"
25151,25036,1701,Aspa,Aspa,"41,4942647","0,682049"
25152,25076,1701,Cogul (El),Cogul (El),"41,4541934","0,6915393"
25153,25182,1701,Puigverd de Lleida,Puigverd de Lleida(Nuc),"41,5488566","0,7437761"
25154,25067,1701,Castelldans,Castelldans,"41,4887592","0,762788"
25155,25006,1701,Albages (L'),Albages (L'),"41,4488649","0,7437761"
25160,25105,1701,Granyena de Les Garrigues,Granyena de Les Garrigues,"41,4294172","0,6488505"
25161,25014,1701,Alfes,Alfes,"41,5095592","0,6298922"
25162,25010,1701,Alcano,Alcano,"41,4695552","0,6298922"
25163,25206,1701,Soleras (El),Soleras (El),"41,4240481","0,7105267"
25164,25224,1701,Torms (Els),Torms (Els),"41,3939429","0,7200237"
25165,25118,1701,Juncosa,Juncosa,"41,3785759","0,7722974"
25170,25232,1701,Torres de Segre,Torres de Segre,"41,5301142","0,5163312"
25171,25007,1701,Albatarrec,Albatarrec,"41,5645941","0,6156794"
25172,25142,1701,Montoliu de Lleida,Montoliu de Lleida,"41,5547053","0,5967369"
25173,25211,1701,Sudanell,Sudanell,"41,5548486","0,5683399"
25174,25212,1701,Sunyer,Sunyer,"41,524778","0,587269"
25175,25200,1701,Sarroca de Lleida,Sarroca de Lleida,"41,4699435","0,554149"
25176,25226,1701,Torrebesses,Torrebesses,"41,4297226","0,5920027"
25177,25101,1701,Granadella (La),Granadella (La),"41,3792817","0,658333"
25178,25056,1701,Bovera,Bovera,"41,3092497","0,6298922"
25179,25133,1701,Maials,Maials,"41,3399474","0,5068824"
25180,25011,1701,Alcarras,Alcarras,"41,6201865","0,4691097"
25181,25210,1701,Soses,Soses,"41,5303537","0,4596721"
25182,25038,1701,Aitona,Aitona,"41,4702816","0,4785495"
25183,25204,1701,Seros,Seros,"41,4103713","0,4408037"
25184,25131,1701,Massalcoreig,Massalcoreig,"41,4557008","0,3607137"
25185,25102,1701,Granja D'Escarp (La),Granja D'Escarp (La),"41,4106344","0,3654204"
25186,25125,1701,Llardecans,Llardecans,"41,3898485","0,554149"
25187,25020,1701,Almatret,Almatret,"41,3303271","0,403094"
25190,25120,6901,Lleida,Lleida,"41,6116826","0,6749327"
25191,25120,3899,Butsenit,*Diseminado*,"41,6217428","0,6607039"
25192,25120,3899,Butsenit,*Diseminado*,"41,5947911","0,5683399"
25193,25011,2299,Montagut,*Diseminado*,"41,6247751","0,5588787"
25194,25120,3801,Butsenit,Butsenit,"41,5921644","0,5943697"
25195,25120,1701,Basses D'Alpicat (Les),Basses D'Alpicat (Les),"41,6241128","0,682049"
25196,25120,3899,Butsenit,*Diseminado*,"41,628246","0,612127"
25197,25120,6901,Lleida,Lleida,"41,5944973","0,6251541"
25198,25120,1701,Basses D'Alpicat (Les),Basses D'Alpicat (Les),"41,6445836","0,587269"
25199,25120,1799,Basses D'Alpicat (Les),*Diseminado*,"41,6232953","0,6050231"
25200,25072,3801,Cervera,Cervera,"41,6641215","1,2602228"
25210,25110,1701,Guissona,Guissona,"41,7883159","1,2842887"
25211,25132,1701,Massoteres,Massoteres,"41,7637122","1,2602228"
25212,25219,1701,Tarroja de Segarra,Tarroja de Segarra,"41,7394977","1,1977158"
25213,25072,6901,Vergos,Vergos,"41,6233669","1,3372823"
25214,25072,2201,Castellnou D'Oluges,Castellnou D'Oluges(Nuc),"41,7033338","1,3180042"
25215,25085,1701,Alta-Riba,Alta-Riba,"41,7225761","1,3758649"
25216,25114,1701,Ivorra,Ivorra,"41,7621583","1,3951694"
25217,25039,19299,Cabestany,*Diseminado*,"41,5843182","1,2602228"
25218,25072,1799,Cardosa (La),*Diseminado*,"41,6645354","1,2217459"
25220,25048,1701,Bell-Lloc D'Urgell,Bell-Lloc D'Urgell,"41,628468","0,7818089"
25221,25004,1701,Alamus (Els),Alamus (Els),"41,603744","0,7485282"
25222,25205,1701,Sidamon,Sidamon,"41,6231134","0,8341624"
25230,25137,1701,Mollerussa,Mollerussa,"41,6226857","0,8913523"
25240,25122,1701,Linyola,Linyola,"41,7073831","0,8961217"
25241,25099,2202,Golmes,Golmes,"41,627334","0,9342973"
25242,25135,1701,Miralcamp,Miralcamp,"41,6027292","0,8913523"
25243,25158,1701,Palau D'Anglesola (El),Palau D'Anglesola (El),"42,7245643","0,7722974"
25244,25093,1701,Fondarella,Fondarella,"41,6328071","0,8722801"
25245,25252,1701,Vila-Sana,Vila-Sana,"41,6632362","0,92823"
25250,25050,1702,Bellpuig,Bellpuig,"41,6266895","1,0107552"
25260,25113,1799,Cendrosa (La),*Diseminado*,"41,6868388","0,9725085"
25261,25113,4301,Vallverd,Vallverd,"41,6921752","0,9295234"
25262,25041,1701,Barbens,Barbens,"41,6776172","1,0159959"
25263,25176,1701,Preixana,Preixana,"41,6063932","1,0490374"
25264,25248,1701,Vilanova de Bellpuig,Vilanova de Bellpuig,"41,6021937","0,9581751"
25265,25068,1701,Castellnou de Seana,Castellnou de Seana,"41,6469657","0,9725085"
25266,25046,1701,Belianes,Belianes,"41,5468274","1,0107552"
25267,25902,1701,Llorens de Rocafort,Llorens de Rocafort,"41,5288469","1,065797"
25268,25154,1701,Omells de Na Gaia (Els),Omells de Na Gaia (Els),"41,5059744","1,1065272"
25269,25238,2201,Rocallaura,Rocallaura,"41,5080279","1,1520965"
25270,25192,4301,Sant Guim de Freixenet,Sant Guim de Freixenet,"41,6548269","1,4168974"
25271,25085,6901,Vergos-Guerrejat,Vergos-Guerrejat,"41,6628002","1,3758649"
25280,25151,2299,Castellvell (El),*Diseminado*,"41,9938234","1,5257042"
25281,25129,1799,Llobera,*Diseminado*,"41,9204075","1,4531355"
25282,25193,1701,Sant Llorenç de Morunys,Sant Llorenç Morunys(Nuc),"42,1417027","1,5644578"
25283,25124,1799,Lladurs,*Diseminado*,"42,0881756","1,5015009"
25284,25163,1701,Coma (La),Coma (La),"42,175938","1,5886966"
25285,25111,1799,Valls,*Diseminado*,"42,1353331","1,6663523"
25286,25024,5601,Isil,Isil,"42,0470275","1,6178011"
25287,25151,1799,Brics,*Diseminado*,"41,8497867","1,5402327"
25288,25124,2299,Llena (La),*Diseminado*,"42,0740204","1,448302"
25289,25044,1701,Aguilar,Aguilar,"42,0104533","1,3855161"
25290,25075,1799,Clariana de Cardener,*Diseminado*,"41,9286713","1,5789994"
25300,25217,7599,Talladell (El),*Diseminado*,"41,6453837","1,1448981"
25310,25003,1701,Agramunt,Agramunt,"41,7853683","1,0873551"
25315,25138,1701,Butsenit,Butsenit,"41,7986011","0,9987993"
25316,25177,1701,Pradell,Pradell,"41,8057851","1,0298918"
25317,25003,3801,Donzell D'Urgell,Donzell D'Urgell,"41,8300634","1,0921473"
25318,25003,6901,Puelles (Les),Puelles (Les),"41,7649149","1,1448981"
25320,25027,1701,Anglesola,Anglesola,"41,6660595","1,0681918"
25327,25043,5601,Durro,Durro,"40,463667","-3,74922"
25330,25244,1701,Vilagrassa,Vilagrassa,"41,640909","1,0921473"
25331,25003,2201,Almenara Alta,Almenara Alta,"41,726012","1,0490374"
25332,25096,1701,Boldu,Boldu,"41,7114576","1,0059724"
25333,25164,3899,Castell del Remei (El),*Diseminado*,"41,7216634","0,9772874"
25334,25070,1701,Castellsera,Castellsera,"41,7514487","0,9868468"
25335,25164,1799,Almassor,*Diseminado*,"41,7269986","0,9342973"
25336,25049,1701,Bellmunt D'Urgell,Bellmunt D'Urgell,"41,7641894","0,9510103"
25337,25047,1701,Bellcaire D'Urgell,Bellcaire D'Urgell(Nuc),"41,7671166","0,8961217"
25340,25143,1701,Mas de Bondia (El),Mas Bondia (El),"41,6054818","1,1448981"
25341,25074,1701,Ciutadilla,Ciutadilla,"41,5455746","1,1448981"
25343,25902,4301,Vilet (El),Vilet (El),"41,5437458","1,075377"
25344,25902,2201,Rocafort de Vallbona,Rocafort de Vallbona,"41,5713236","1,0634024"
25350,25217,1701,Altet,Altet,"41,680416","1,1305049"
25351,25217,4301,Figuerosa (La),Figuerosa (La),"41,7000575","1,1592963"
25352,25217,5601,Riudovelles,Riudovelles,"41,7072104","1,1905094"
25353,25217,2201,Claravalls,Claravalls,"41,7005297","1,1113216"
25354,25217,6901,Sta M de Montmagastrell,Sta Maria Montmagastrell,"41,7304071","1,1113216"
25360,25217,7501,Talladell (El),Talladell (El),"41,650031","1,1785016"
25400,25058,1701,Borges Blanques (Les),Borges Blanques (Les),"41,497875","0,8865834"
25410,25081,1701,Espluga Calba (L'),Espluga Calba (L'),"41,4868546","1,0107552"
25411,25097,1701,Fulleda,Fulleda,"41,4616348","1,0346774"
25412,25153,1701,Omellons (Els),Omellons (Els),"41,4923032","0,9581751"
25413,25092,1701,Floresta (La),Floresta (La),"41,4950948","0,9223636"
25420,25180,1701,Puiggros,Puiggros,"41,5628676","0,8818151"
25430,25119,1701,Juneda,Juneda,"41,5483411","0,8198775"
25440,25255,1701,Vinaixa,Vinaixa,"41,447165","0,9725085"
25450,25009,1701,Albi (L'),Albi (L'),"41,4276135","0,9152051"
25460,25073,1701,Cervia de Les Garrigues,Cervia de Les Garrigues,"41,4482128","0,8389252"
25471,25169,1701,Pobla de Cervoles (La),Pobla de Cervoles (La),"41,3777552","0,8865834"
25480,25218,1701,Tarres,Tarres,"41,4316958","1,0251068"
25500,25171,1701,Pobla de Segur (La),Pobla de Segur (La),"42,2666088","0,9772874"
25510,25227,5601,Beranui,Beranui,"42,3773719","0,979677"
25511,25227,1701,Aguiro,Aguiro,"42,404598","0,9581751"
25512,25227,8101,Molinos,Molinos,"42,3993983","0,9916274"
25513,25039,5601,Bretui,Bretui,"42,3406907","0,9533984"
25514,25173,25299,Pinyana,*Diseminado*,"42,3213091","0,9152051"
25515,25227,2201,Aiguabella,Aiguabella,"42,4880638","0,9629523"
25516,25161,3801,Erinya,Erinya,"42,26219","0,9152051"
25517,25161,2201,Claverol,Claverol,"42,2610481","1,0490374"
25518,25161,1701,Aramunt,Aramunt,"42,2118187","1,0394635"
25520,25173,16701,Pont de Suert (El),Pont Suert (El),"42,403741","0,7414002"
25526,25043,3801,Cardet,Cardet,"42,4797481","0,762788"
25527,25043,1701,Barruera,Barruera,"42,479218","0,8389252"
25528,25043,2201,Boi,Boi,"42,5671499","0,8865834"
25529,25173,8101,Gotarta,Gotarta,"42,4402017","0,8008388"
25530,25243,11501,Vielha,Mijaran,"42,6857103","0,7342734"
25537,25243,1701,Arros,Arros,"42,7294181","0,7770529"
25538,25243,6901,Casau,Casau,"42,7172187","0,774675"
25539,25025,4301,Garos,Garos,"42,7094023","0,8436885"
25540,25121,1701,Les,Les,"42,812866","0,705779"
25547,25253,1701,Vilosell (El),Vilosell (El),"40,463667","-3,74922"
25548,25063,1701,Bordius,Bordius,"42,8122428","0,8008388"
25549,25045,1701,Bausen,Bausen,"42,8372778","0,7010319"
25550,25059,1701,Bossost,Bossost,"42,7787971","0,6915393"
25551,25031,1701,Arres de Jos,Arres de Jos,"42,7347632","0,705779"
25552,25173,5699,Casos,*Diseminado*,"42,5191309","0,7437761"
25553,25245,1701,Senet,Senet,"42,5973066","0,7818089"
25554,25173,3899,Bordes (Les),*Diseminado*,"42,4456485","0,7200237"
25555,25173,7501,Erta,Erta,"42,4100878","0,8865834"
25556,25173,1799,Abella D'Adons,*Diseminado*,"42,3415821","0,8389252"
25557,25253,1701,Vilosell (El),Vilosell (El),"40,463667","-3,74922"
25560,25012,1701,Alcoletge,Alcoletge,"42,4176373","1,1448981"
25566,25208,3899,Embonui,*Diseminado*,"42,3779172","1,1833043"
25567,25209,1701,Altron,Altron,"42,4576773","1,0681918"
25568,25209,4301,Bressui,Bressui,"42,3983507","1,1065272"
25569,25208,6901,Llagunes (Les),Llagunes (Les),"42,3734349","1,1400998"
25570,25901,7501,Ribera de Cardos,Ribera de Cardos,"42,6132648","1,2025207"
25571,25087,1701,Arros,Arros,"42,5930585","1,2602228"
25572,25901,2201,Anas,Anas,"42,5788286","1,2169388"
25573,25017,1701,Ainet de Besan,Ainet de Besan,"42,5340367","1,2794744"
25574,25017,2201,Alins,Alins,"42,6014119","1,3855161"
25575,25017,4301,Areu,Areu,"42,5973635","1,3131861"
25576,25123,4301,Lladorre,Lladorre,"42,6810417","1,2698475"
25577,25123,1701,Aineto,Aineto,"42,6493813","1,2578169"
25580,25086,1701,Esterri D'Aneu,Esterri D'Aneu,"42,6286819","1,1305049"
25583,25234,1701,Aulas,Aulàs,"40,463667","-3,74922"
25584,25234,7599,Escarla,*Diseminado*,"40,463667","-3,74922"
25586,25024,1701,Alos D'Isil,Alos D'Isil,"42,722106","1,0777723"
25587,25024,1701,Alos D'Isil,Alos D'Isil,"42,6345217","1,0298918"
25588,25903,2299,Burgo,*Diseminado*,"42,6528148","1,1640968"
25589,25024,6901,Son,Son,"42,6191707","1,1017334"
25590,25039,1799,Ancs,*Diseminado*,"42,2954984","1,0538252"
25591,25039,1799,Ancs,*Diseminado*,"42,3398586","1,0490374"
25592,25039,2201,Baen,Baen,"42,2999297","1,1065272"
25593,25208,1701,Arcalis,Arcalis,"42,3790435","1,0681918"
25594,25126,5601,Montenartro,Montenartro,"42,458936","1,1584921"
25595,25089,1799,Alendo,*Diseminado*,"42,485085","1,2698475"
25596,25903,5601,Escalo,Escalo,"42,5405009","1,1305049"
25597,25082,1701,Espot,Espot,"42,565517","1,0777723"
25598,25025,2201,Bagergue,Bagergue,"42,7428241","0,9438468"
25599,25025,1701,Arties,Arties,"42,6452033","0,9247501"
25600,25040,1701,Balaguer,Balaguer,"41,7877143","0,8008388"
25610,25156,4301,Os de Balaguer,Os de Balaguer,"41,9077886","0,6678177"
25611,25002,4301,Fontdepou,Fontdepou,"41,9472463","0,705779"
25612,25037,1701,Avellanes (Les),Avellanes (Les),"41,9366402","0,810357"
25613,25062,3801,Camarasa,Camarasa,"41,8566676","0,8865834"
25614,25156,2201,Gerb,Urbanitzacio Club Segre,"41,8274857","0,8008388"
25615,25062,4301,Figuerola de Meia,Figuerola de Meia (Nuc),"41,9659011","0,8770473"
25616,25138,2201,Montgai,Montgai,"41,7863942","0,9725085"
25617,25035,1701,Sentiu de Sio (La),Sentiu de Sio (La),"41,8070491","0,8770473"
25620,25234,26501,Tremp,Tremp,"42,3567159","0,7865655"
25630,25215,1701,Talarn,Talarn,"42,1783626","0,9104334"
25631,25904,6901,Cellers,Cellers,"42,0624176","0,8841992"
25632,25196,1701,Alsina (L'),Alsina (L'),"42,0951126","0,810357"
25633,25234,15401,Palau de Noguera,Palau de Noguera,"42,1316435","0,8841992"
25634,25234,4399,Claramunt,*Diseminado*,"42,1520139","0,804312"
25635,25234,3899,Castissent,*Diseminado*,"42,2039879","0,7818089"
25636,25234,7599,Escarla,*Diseminado*,"42,2230376","0,8770473"
25637,25234,18901,Sant Adria,Sant Adria,"42,1788008","0,8532168"
25638,25098,1701,Aransis,Aransis,"42,0638505","1,0107552"
25639,25098,1701,Aransis,Aransis,"42,0546768","0,9247501"
25640,25234,28701,Academia Gral. Basica,Academia Gral. Basica,"42,2008161","0,8794311"
25650,25115,7501,Isona,Isona,"42,1078868","1,0634024"
25651,25001,1701,Abella de la Conca,Abella de la Conca(Nuc),"42,1716152","1,1161166"
25652,25001,2201,Boixols,Boixols,"42,1661536","1,1688978"
25653,25115,5601,Covet,Covet,"42,0880202","1,0729818"
25654,25234,21301,Suterranya,Suterranya,"42,148579","0,9295234"
25655,25115,1701,Basturs,Basturs,"42,1628785","0,9916274"
25656,25115,4301,Conques,Conques,"42,1034172","1,0107552"
25657,25115,3899,Biscarri,*Diseminado*,"42,1025368","1,1065272"
25658,25115,2201,Benavent de la Conca,Benavent de la Conca(Nuc),"42,0779484","1,0921473"
25660,25012,1701,Alcoletge,Alcoletge,"41,6489057","0,705779"
25670,25220,1701,Termens,Termens,"41,7231218","0,7865655"
25680,25240,4301,Vallfogona de Balaguer,Vallfogona de Balaguer,"41,7477799","0,8198775"
25689,25098,7501,Sant Serni,Sant Serni,"40,463667","-3,74922"
25690,25254,1701,Vilanova de la Barca,Vilanova de la Barca,"41,6885404","0,7437761"
25691,25002,1701,Ager,Ager,"42,0260358","0,7818089"
25692,25002,2201,Agullo,Agullo,"41,9869011","0,705779"
25693,25190,1701,Salas de Pallars,Salas de Pallars,"42,2276353","0,9199773"
25700,25140,23401,Balco del Pirineu (El),Balco del Pirineu (El),"42,3500446","1,4676394"
25710,25203,2201,Castellciutat,Castellciutat,"42,3578214","1,4362206"
25711,25140,11501,Montferrer,Montferrer,"42,34318","1,4265579"
25712,25140,1701,Albet,Albet,"42,4056193","1,3469247"
25713,25185,2201,Arfa,Arfa,"42,3208794","1,4386366"
25714,25140,3801,Avellanet,Avellanet,"42,3421786","1,3035514"
25715,25005,2201,Bastida D'Ortons (La),Bastida D'Ortons (La),"42,3278667","1,4700572"
25716,25100,1701,Gosol,Gosol,"42,2143178","1,6663523"
25717,25005,3801,Ges (El),Ges (El),"42,2456637","1,5402327"
25718,25005,1701,Alas,Alas,"42,3244874","1,5402327"
25719,25088,1701,Estamariu,Estamariu,"42,393491","1,5305465"
25720,25051,3801,Bellver de Cerdanya,Bellver de Cerdanya,"42,3753281","1,768487"
25721,25051,1701,Beders,Beders,"42,3211306","1,7733566"
25722,25030,1701,Aristot,Aristot,"42,353357","1,5886966"
25723,25030,3801,Bar,Bar,"42,3478255","1,6323607"
25724,25051,15499,Sant Marti Dels Castells,*Diseminado*,"42,3603521","1,701586"
25725,25139,1799,Beixec,*Diseminado*,"42,3223041","1,6955092"
25726,25127,1701,Aransa,Aransa,"42,4408848","1,6566377"
25727,25179,1799,Ardovol,*Diseminado*,"42,3907442","1,7246856"
25730,25034,3801,Artesa de Segre,Artesa de Segre,"41,8700705","1,0634024"
25735,25250,7501,Vilanova de Meia,Vilanova de Meia,"42,0049345","0,9533984"
25736,25034,1701,Alentorn,Alentorn,"41,9644636","1,0490374"
25737,25022,1701,Alos de Balaguer,Alos de Balaguer,"41,8957751","0,9629523"
25738,25034,2201,Anya,Anya,"41,973746","1,1161166"
25739,25034,5601,Sero,Sero,"41,8845588","1,1065272"
25740,25172,1701,Ponts,Ponts,"41,9036488","1,1833043"
25746,25172,2299,Torreblanca,*Diseminado*,"41,9238821","1,1448981"
25747,25001,5699,Torra (La),*Diseminado*,"42,0126088","1,1929114"
25748,25060,1701,Cabanabona,Cabanabona,"41,843668","1,2217459"
25749,25150,1799,Claret,*Diseminado*,"41,8833951","1,2217459"
25750,25223,1701,Cellers,Cellers,"41,8067383","1,4096535"
25751,25223,5699,Sant Serni de Llanera,*Diseminado*,"41,8608502","1,4531355"
25752,25055,1701,Biosca,Biosca,"41,8617985","1,3758649"
25753,25055,1799,Biosca,*Diseminado*,"41,8821124","1,3372823"
25772,25055,1701,Biosca,Biosca,"40,463667","-3,74922"
25790,25077,2201,Gavarra,Gavarra,"42,0592063","1,2705938"
25791,25222,2201,Tiurana,Tiurana,"41,9576509","1,2361706"
25792,25044,4301,Castellnou de Bassella,Castellnou de Bassella,"41,9770568","1,2746607"
25793,25077,1701,Coll de Nargo,Coll de Nargo,"42,1700223","1,2698475"
25794,25061,1701,Cabo,Cabo,"42,2103309","1,1929114"
25795,25140,15499,Saulet,*Diseminado*,"42,2888095","1,2313618"
25796,25185,11501,Pla de Sant Tirs (El),Pla de Sant Tirs (El),"42,3141748","1,3831031"
25797,25185,1701,Adrall,Adrall,"42,3312017","1,3999969"
25798,25239,1701,Anserall,Anserall,"42,3771928","1,4603869"
25799,25030,7599,Ardaix,*Diseminado*,"42,4340538","1,4338047"
26001,26089,2201,Logroño,Logroño,"42,4672918","-2,4468177"
26002,26089,2201,Logroño,Logroño,"42,459877","-2,4492896"
26003,26089,2201,Logroño,Logroño,"42,4625414","-2,4394029"
26004,26089,2201,Logroño,Logroño,"42,4689117","-2,428283"
26005,26089,1701,Cortijo (El),Cortijo (El),"42,4914204","-2,522269"
26006,26089,1701,Cortijo (El),Cortijo (El),"42,4574176","-2,3912362"
26007,26089,1799,Cortijo (El),Diseminado,"42,4553191","-2,4900943"
26008,26089,2201,Logroño,Logroño,"42,4522499","-2,4616508"
26009,26089,2201,Logroño,Logroño,"42,4810225","-2,435696"
26100,26012,2299,Ribabellosa,*Diseminado*,"42,2555141","-2,6288523"
26110,26106,1701,Nestares,Nestares,"42,2903316","-2,6139655"
26111,26012,1701,Almarza de Cameros,Almarza Cameros,"42,1972561","-2,5891648"
26120,26005,1701,Albelda de Iregua,Albelda de Iregua,"42,3574787","-2,4703057"
26121,26103,1701,Islallana,Islallana,"42,2967019","-2,5495112"
26122,26067,1701,Gallinero de Cameros,Gallinero de Cameros,"42,1766222","-2,6288523"
26123,26169,1701,Aldeanueva de Cameros,Aldeanueva de Cameros,"42,1513748","-2,6536742"
26124,26107,1701,Montemediano,Montemediano,"42,1844124","-2,7182728"
26125,26177,1701,Villoslada de Cameros,Villoslada de Cameros,"42,0668098","-2,6785092"
26126,26091,1701,Horcajo (El),Horcajo (El),"42,0686306","-2,5990835"
26130,26006,1701,Alberite,Alberite,"42,3591498","-2,3912362"
26131,26083,1701,Lagunilla del Jubera,Lagunilla del Jubera,"42,3113622","-2,3221622"
26132,26088,1701,Leza de Rio Leza,Leza de Rio Leza,"42,279991","-2,4109908"
26133,26004,1701,Ajamil,Ajamil,"42,190636","-2,4406387"
26134,26081,1701,Jalon de Cameros,Jalon de Cameros,"42,2380251","-2,5296971"
26135,26035,1701,Cabezon de Cameros,Cabezon de Cameros,"42,158666","-2,5495112"
26140,26084,1701,Lardero,Lardero,"42,4164611","-2,4703057"
26141,26006,1701,Alberite,Alberite,"42,398479","-2,3912362"
26142,26168,1701,Puente Madre,Puente Madre,"42,4325589","-2,4060513"
26143,26099,1701,Murillo de Rio Leza,Murillo Rio Leza,"42,4000932","-2,3123031"
26144,26053,1701,Corera,Corera,"42,3476602","-2,2285864"
26145,26108,1701,Aldealobos,Aldealobos,"42,3044019","-2,1744993"
26146,26123,1701,Redal (El),Redal (El),"42,3482282","-2,1990763"
26147,26108,5601,Pipaona,Pipaona,"42,3183256","-2,2187476"
26148,26108,3801,Villa de Ocon (La),Villa de Ocon (La),"42,3173551","-2,2052226"
26151,26019,1701,Arrubal,Arrubal,"42,4162958","-2,2384274"
26160,26002,1701,Agoncillo,Agoncillo,"42,4397878","-2,2925911"
26190,26103,2201,Nalda,Nalda,"42,3181204","-2,4703057"
26191,26144,1701,Sorzano,Sorzano,"42,3415406","-2,5247449"
26200,26071,1701,Haro,Haro,"42,5837814","-2,8676861"
26210,26013,1701,Anguciana,Anguciana,"42,5822709","-2,9275836"
26211,26062,1701,Foncea,Foncea,"42,5987291","-3,0476046"
26212,9219,17301,Ternero (El),Ternero,"42,6203963","-2,9675572"
26213,26073,1701,Herramelluri,Herramelluri,"42,5012897","-3,0275802"
26214,26056,1701,Cuzcurrita-Rio Tiron,Cuzcurrita-Rio Tiron,"42,546835","-2,9725563"
26215,26155,1701,Treviana,Treviana,"42,5595637","-3,0476046"
26216,26131,1701,San Millan de Yecora,San Millan de Yecora,"42,5433942","-3,1027146"
26220,26111,1701,Ollauri,Ollauri,"42,5383009","-2,8253043"
26221,26068,1701,Gimileo,Gimileo,"42,5482226","-2,8203207"
26222,26127,2201,Rodezno,Rodezno,"42,5209636","-2,8327807"
26223,26076,1701,Hormilleja,Hormilleja,"42,4645206","-2,7331928"
26224,26152,1701,Torrecilla Sobre Alesanco,Torrecilla Sobre Alesanco,"42,4151622","-2,8452439"
26230,26042,1701,Casalarreina,Casalarreina,"42,548623","-2,9026172"
26240,26043,1701,Castañares de Rioja,Castañares de Rioja,"42,5089105","-2,9225893"
26241,26025,1701,Baños de Rioja,Baños de Rioja,"42,5081443","-2,9525632"
26250,26138,1701,Sto Domingo de la Calzada,Sto Domingo de la Calzada,"42,4396778","-2,9535728"
26256,26167,1701,Villalobar de Rioja,Villalobar de Rioja,"42,4880148","-2,9725563"
26257,26024,1701,Bañares,Bañares,"42,4651482","-2,9076094"
26258,26050,1701,Ciriñuela,Ciriñuela,"40,463667","-3,74922"
26259,26055,1701,Corporales,Corporales,"42,4227822","-3,0275802"
26260,26140,1701,Santurde,Santurde,"42,3893151","-2,9925577"
26261,26113,1701,Pazuengos,Pazuengos,"42,3073896","-2,9275836"
26270,26110,1701,Amunartia,Amunartia,"42,3452039","-2,9875565"
26280,26061,3801,Ezcaray,Ezcaray,"42,3295334","-3,0225754"
26288,26162,1701,Valgañon,Valgañon,"42,3234207","-3,0676373"
26289,26061,1701,Ayabarrena,Ayabarrena,"42,2552993","-3,0375914"
26290,26033,1701,Briñas,Briñas,"42,6067349","-2,8302884"
26291,26048,1701,Casas Blancas,Casas Blancas,"42,5053907","-2,8676861"
26292,26071,2299,San Felices,Diseminado,"42,6076289","-2,8926342"
26300,26102,1701,Najera,Najera,"42,4101568","-2,7481176"
26310,26023,1701,Badaran,Badaran,"42,3693999","-2,807864"
26311,26015,1701,Arenzana de Abajo,Arenzana de Abajo,"42,3713172","-2,728219"
26312,26016,1701,Arenzana de Arriba,Arenzana de Arriba,"42,3868837","-2,6934166"
26313,26160,1701,Uruñuela,Uruñuela,"42,4503851","-2,7083287"
26314,26079,1701,Huercanos,Huercanos,"42,4289331","-2,6955043"
26315,26010,1701,Aleson,Aleson,"42,3438998","-2,6387795"
26320,26026,1701,Baños de Rio Tobia,Baños de Rio Tobia,"42,3360622","-2,7630471"
26321,26031,1701,Bobadilla,Bobadilla,"42,3007738","-2,797901"
26322,26014,1701,Anguiano,Anguiano,"42,2325377","-2,7680247"
26323,26022,1701,Azofra,Azofra,"42,448482","-2,7879401"
26324,26009,1701,Alesanco,Alesanco,"42,423082","-2,8228124"
26325,26039,1701,Canillas de Rio Tuerto,Canillas de Rio Tuerto,"42,3880796","-2,847737"
26326,26130,1701,Rio (El),Rio (El),"40,463667","-3,74922"
26327,26027,1701,Berceo,Berceo,"42,2834094","-2,9026172"
26328,26060,1701,Estollo,Estollo,"42,3141922","-2,8527235"
26329,26037,2201,Mahave,Mahave,"42,1602981","-2,8976254"
26330,26034,1701,Briones,Briones,"42,5269616","-2,7879401"
26338,26142,3801,S Vicente de la Sonsierra,S Vicente de la Sonsierra,"42,5523024","-2,7530936"
26339,26001,1701,Abalos,Abalos,"42,5871774","-2,728219"
26340,26129,1701,San Asensio,San Asensio,"42,4891695","-2,728219"
26350,26046,1701,Cenicero,Cenicero,"42,4714054","-2,6487087"
26359,26154,2201,Torremontalbo,Torremontalbo,"42,5073294","-2,6859623"
26360,26064,1701,Estacion (La),Estacion (La),"42,4732068","-2,5693337"
26370,26105,1701,Navarrete,Navarrete,"42,4339369","-2,5693337"
26371,26145,1701,Sotes,Sotes,"42,3937444","-2,6090043"
26372,26078,1701,Hornos de Moncalvillo,Hornos de Moncalvillo,"42,3992184","-2,5842062"
26373,26057,1701,Daroca de Rioja,Daroca de Rioja,"42,3596702","-2,5941239"
26374,26096,1701,Medrano,Medrano,"42,3900544","-2,554466"
26375,26059,1701,Entrena,Entrena,"42,3959505","-2,5098914"
26376,26143,1701,Sojuela,Sojuela,"42,3605579","-2,554466"
26500,26036,1701,Calahorra,Calahorra,"42,2785596","-1,9685826"
26509,26007,1701,Alcanadre,Alcanadre,"42,4035176","-2,1352039"
26510,26117,1701,Pradejon,Pradejon,"42,3266073","-2,037116"
26511,26170,1701,Villar de Arnedo (El),Villar de Arnedo (El),"42,3114035","-2,0616178"
26512,26158,1701,Tudelilla,Tudelilla,"42,2858027","-2,1155691"
26513,26020,1701,Ausejo,Ausejo,"42,3545326","-2,1253854"
26520,26047,2201,Cervera del Rio Alhama,Cervera del Rio Alhama,"42,0315004","-1,9783666"
26525,26080,1701,Igea,Igea,"42,0506144","-2,0175242"
26526,26054,1701,Cornago,Cornago,"42,0492138","-2,0959429"
26527,26047,6901,Ventas Cervera O Ventas B,Ventas Cervera O Ventas B,"42,0884194","-2,1155691"
26528,26047,5601,Valverde,Valverde,"41,9888139","-1,8659809"
26529,26047,1701,Cabreton,Cabreton,"41,9928844","-1,9196949"
26530,26003,1701,Aguilar del Rio Alhama,Aguilar del Rio Alhama,"41,9519158","-1,9979411"
26531,26003,2201,Inestrillas,Inestrillas,"41,9672052","-1,9734743"
26532,26161,1701,Valdemadera,Valdemadera,"41,9853025","-2,0714223"
26533,26104,1701,Navajun,Navajun,"41,9651311","-2,0910377"
26540,26011,1701,Alfaro,Alfaro,"42,1615052","-1,8903882"
26550,26125,1701,Rincon de Soto,Rincon de Soto,"42,2313751","-1,8415871"
26559,26008,1701,Aldeanueva de Ebro,Aldeanueva de Ebro,"42,2300988","-1,9196949"
26560,26021,1701,Autol,Autol,"42,1996789","-1,9685826"
26570,26120,1701,Quel,Quel,"42,2080041","-2,0567163"
26580,26018,1701,Arnedo,Arnedo,"42,2467438","-2,0959429"
26584,26072,1701,Herce,Herce,"42,2207278","-2,1695855"
26585,26017,2201,Santa Eulalia Somera,Santa Eulalia Somera,"42,2398898","-2,1990763"
26586,26058,1701,Enciso,Enciso,"42,1930878","-2,3221622"
26587,26070,1701,Gravalos,Gravalos,"42,1279547","-2,1155691"
26588,26028,1701,Bergasa,Bergasa,"42,2649988","-2,1744993"
26589,26017,1701,Arnedillo,Arnedillo,"42,1861043","-2,1744993"
27001,27028,1701,Lugo,Lugo,"43,0113098","-7,5558687"
27002,27028,1701,Lugo,Lugo,"43,0011444","-7,5084806"
27003,27028,1701,Lugo,Lugo,"43,0118501","-7,6385368"
27004,27028,1701,Lugo,Lugo,"42,9506443","-7,5409718"
27100,27018,901801,Fonsagrada (A),Fonsagrada (A),"43,1233787","-7,0686677"
27110,27018,501299,Burela (A),*Diseminado*,"43,2331292","-7,1251699"
27111,27018,1401001,Castañoso,Castañoso,"43,1766669","-7,1036396"
27112,27018,301499,Bastida (A),*Diseminado*,"43,2165464","-7,0821162"
27113,27018,101699,Allonca (A),*Diseminado*,"43,1306604","-6,9101806"
27114,27018,2801199,Airixin,*Diseminado*,"43,0713386","-7,0122134"
27115,27018,201599,Abade,*Diseminado*,"43,0603556","-7,0337141"
27116,27018,701099,Aldoman,*Diseminado*,"43,0994925","-7,1036396"
27117,27018,1201299,Aldobren,*Diseminado*,"43,0428704","-7,0821162"
27118,27018,2301699,Fornos Da Cal (Os),*Diseminado*,"43,1227922","-7,0390904"
27120,27011,3701801,Castroverde,Castroverde,"43,0261115","-7,3287031"
27122,27011,601101,Bolaño,Bolaño,"43,0331034","-7,3138554"
27123,27011,1301199,Abelleira (A),*Diseminado*,"42,9681661","-7,2706807"
27124,27011,501299,Barreiros,*Diseminado*,"42,9958129","-7,2922646"
27125,27011,1001401,Covelas,Covelas,"42,9826819","-7,3462545"
27126,27011,3001501,Seres,Seres,"43,0489569","-7,3678624"
27127,27011,301401,Barredo,Barredo,"43,036008","-7,3813708"
27128,27011,2001999,Albaredo (O),*Diseminado*,"43,0858816","-7,3192542"
27129,27011,606399,San Martiño,*Diseminado*,"43,0600079","-7,3462545"
27130,27004,501201,Cadavo (O),Cadavo (O),"43,0185825","-7,2383178"
27131,27004,201599,Albaredo,*Diseminado*,"42,9808251","-7,1467072"
27132,27004,1101399,Airexe,*Diseminado*,"42,9895709","-7,2383178"
27133,27004,401399,Castro (O),*Diseminado*,"43,0361453","-7,1898025"
27134,27018,1001499,Airexa (A),*Diseminado*,"43,0401939","-7,1251699"
27135,27018,401399,Bruicedo,*Diseminado*,"43,0941026","-7,1898025"
27136,27018,1701799,Brañas,*Diseminado*,"43,1315941","-7,1305536"
27140,27028,1102801,Barbain,Barbain,"42,9891826","-7,4881814"
27141,27028,4501599,Gude,*Diseminado*,"43,0086918","-7,4300234"
27142,27011,201501,Gracian,Gracian,"43,0185718","-7,3894772"
27143,27011,101699,Agustin,*Diseminado*,"43,0027185","-7,3354531"
27144,27011,1701701,Miranda,Miranda,"42,9661012","-7,3030592"
27145,27014,2001999,Carboeiro (O),*Diseminado*,"42,9349874","-7,3354531"
27146,27011,2202201,Paderne,Paderne,"42,9985369","-7,4002872"
27150,27039,301499,Bullas,*Diseminado*,"43,1216522","-7,5843171"
27151,27039,901899,Casanova (A),*Diseminado*,"43,1483445","-7,5816073"
27152,27023,101699,Alvarin,*Diseminado*,"43,1334498","-7,5518056"
27153,27039,101699,Balsa (A),*Diseminado*,"43,0911177","-7,5355555"
27154,27039,1501999,Buxan,*Diseminado*,"43,0719701","-7,606"
27155,27039,1201299,Francos,*Diseminado*,"43,0787231","-7,6493858"
27156,27020,1801699,Campo (O),*Diseminado*,"43,0825199","-7,7362384"
27157,27039,401301,Aspai,Aspai,"43,0809967","-7,6873706"
27160,27028,401399,Cardoso,*Diseminado*,"42,9743742","-7,5111876"
27161,27028,4901199,Burneiros,*Diseminado*,"42,9558872","-7,4888579"
27162,27014,201501,Adai,Adai,"42,9791946","-7,4002872"
27163,27014,401399,Castro,*Diseminado*,"42,9213895","-7,4705935"
27164,27014,101699,Abragan,*Diseminado*,"42,9062451","-7,4056928"
27166,27011,2301699,Arrubial,*Diseminado*,"42,9474332","-7,2922646"
27168,27014,501201,Arxemil,Arxemil,"42,9674146","-7,4327273"
27170,27049,1203301,Portomarin,Portomarin,"42,8099614","-7,6168439"
27177,27049,301499,Cabanas Do Monte,*Diseminado*,"42,8451248","-7,6710889"
27178,27049,101699,Acevedo,*Diseminado*,"42,7873089","-7,6690062"
27179,27049,1201299,Barco (O),*Diseminado*,"40,463667","-3,74922"
27180,27028,5001399,Campa Da Barra (A),*Diseminado*,"42,9657398","-7,5504513"
27181,27023,501299,Agra (A),*Diseminado*,"42,8925525","-7,5409718"
27182,27028,1501999,Abol,*Diseminado*,"42,9194119","-7,5558687"
27183,27023,901899,Castro (O),*Diseminado*,"42,8957564","-7,6385368"
27184,27023,1601899,Barrio (O),*Diseminado*,"42,8703045","-7,5843171"
27185,27023,1201299,Cancela de Sixaos,*Diseminado*,"42,8934455","-7,6005786"
27186,27023,701001,Francos,Francos,"42,8405029","-7,5951577"
27187,27049,701099,Cabanas,*Diseminado*,"42,8473062","-7,6385368"
27188,27028,2201799,Fixos,*Diseminado*,"42,8167611","-7,6602365"
27190,27014,3701899,San Xoan,*Diseminado*,"42,9950208","-7,4543626"
27191,27028,801999,Airexe (A),*Diseminado*,"43,062063","-7,5003602"
27192,27028,3202801,Muxa de Abaixo,Muxa de Abaixo,"43,0372547","-7,5287858"
27200,27040,2901099,Curuxas,*Diseminado*,"42,8795158","-7,8776023"
27203,27040,501299,Eirexe (A),*Diseminado*,"42,8556154","-7,9429421"
27204,27040,301499,Ambreixo,*Diseminado*,"42,89065","-7,9266015"
27205,27040,101699,Alvite,*Diseminado*,"42,9338813","-7,8612767"
27206,27040,401399,Camouco,*Diseminado*,"42,9212363","-7,8340757"
27207,27040,201501,Alba,Alba,"42,8288097","-7,9102647"
27208,27040,701099,Campelo (O),*Diseminado*,"42,915983","-7,9102647"
27209,27040,2201701,Avieira (A),Avieira (A),"42,8519519","-7,8558357"
27210,27023,201599,Bustelo Pequeno,*Diseminado*,"42,9307313","-7,6222665"
27211,27023,401399,Cal (A),*Diseminado*,"42,8831589","-7,681943"
27212,27049,1101399,Alto Do Hospital (O),*Diseminado*,"42,8414661","-7,725376"
27213,27049,401301,Castro (O),Castro (O),"42,820602","-7,7471025"
27214,27049,1701799,Cruz (A),*Diseminado*,"42,7922358","-7,7362384"
27215,27032,301499,Casas Do Monte,*Diseminado*,"42,8452454","-7,8123224"
27216,27040,2001999,Brea (A),*Diseminado*,"42,8840007","-7,8123224"
27217,27040,901899,Barrio,*Diseminado*,"42,9011234","-7,7742702"
27220,27020,901801,Friol,Friol,"43,0305585","-7,7905758"
27226,27020,1201201,Lamas,Lamas,"43,0795657","-7,7797049"
27227,27020,2001999,Uceira (A),*Diseminado*,"42,9918984","-7,8612767"
27228,27020,401399,Albeiro (O),*Diseminado*,"43,0290386","-7,883045"
27229,27020,101699,Baraxeiro (O),*Diseminado*,"43,0824136","-7,8628186"
27230,27028,201501,Alta,Alta,"43,002602","-7,6683756"
27231,27028,5401901,Astariz,Astariz,"42,9954801","-7,6304012"
27232,27028,501299,Bacurin,*Diseminado*,"42,9613506","-7,6887276"
27233,27023,2401599,Borreiques,*Diseminado*,"42,9844086","-7,6873706"
27234,27023,301499,Bertamil,*Diseminado*,"42,9055423","-7,7090854"
27235,27020,601199,Abeledo,*Diseminado*,"42,9770422","-7,7960118"
27240,27029,101699,Cabana,*Diseminado*,"43,2236147","-7,276076"
27241,27029,201599,Azoreira (A),*Diseminado*,"43,2211999","-7,2383178"
27243,27053,101699,Acevo,*Diseminado*,"43,2246036","-7,184414"
27244,27053,301499,Esqueira,*Diseminado*,"43,1712761","-7,1898025"
27245,27053,401399,Acevedo,*Diseminado*,"43,2232455","-7,2059703"
27246,27044,301499,Anllo,*Diseminado*,"43,2387212","-7,3408535"
27247,27029,123399,Vilar de Mouros,*Diseminado*,"43,1723472","-7,2491037"
27248,27044,101699,Cadavosa (A),*Diseminado*,"43,2799728","-7,2976617"
27250,27010,601101,Castro de Rei,Castro de Rei,"43,2108179","-7,4002872"
27256,27010,1701799,Barrosa (A),*Diseminado*,"43,2537788","-7,4056928"
27257,27010,201599,Azumara (A),*Diseminado*,"43,2129149","-7,3678624"
27258,27010,401399,Aspera (A),*Diseminado*,"43,2176339","-7,4435441"
27259,27010,101699,Albarido (O),*Diseminado*,"43,176755","-7,4056928"
27260,27010,2201799,Campos (Os),*Diseminado*,"43,145948","-7,5084806"
27266,27010,1201299,Bouzaboa,*Diseminado*,"43,1398532","-7,4543626"
27267,27010,2401599,Amorin,*Diseminado*,"43,1844924","-7,5084806"
27268,27010,1501999,Beloi,*Diseminado*,"43,1630824","-7,5409718"
27269,27010,901899,Abelleira (A),*Diseminado*,"43,1299647","-7,4949471"
27270,27046,301499,Caraño,*Diseminado*,"43,1244823","-7,3192542"
27271,27010,801999,Abelleira (A),*Diseminado*,"43,1116255","-7,4435441"
27272,27046,401399,Outeiro (O),*Diseminado*,"43,0944375","-7,4110988"
27273,27046,501201,Cirio,Cirio,"43,1254821","-7,3786689"
27274,27046,201599,Albar (O),*Diseminado*,"43,1599603","-7,2922646"
27275,27046,1401099,Aldea,*Diseminado*,"43,1324077","-7,2706807"
27276,27004,1001499,Casal (O),*Diseminado*,"43,1299817","-7,2329255"
27277,27004,101699,Abrairas,*Diseminado*,"43,0900126","-7,2544973"
27278,27004,301499,Andoriña (A),*Diseminado*,"43,0513821","-7,2544973"
27279,27046,101601,Arcos de Frades,Arcos de Frades,"43,097235","-7,3678624"
27280,27046,1001499,Adrado (O),*Diseminado*,"43,1764708","-7,3354531"
27283,27046,601199,Chain,*Diseminado*,"43,1971252","-7,3138554"
27286,27044,401399,Afoz (A),*Diseminado*,"43,3128699","-7,3840729"
27287,27044,501299,Cadavedo,*Diseminado*,"43,3512935","-7,3840729"
27289,27010,501299,Acea (A),*Diseminado*,"43,1287957","-7,4760047"
27290,27028,2801199,Barcia,*Diseminado*,"43,063321","-7,5545143"
27293,27011,1601899,Corneas,*Diseminado*,"43,0609985","-7,4056928"
27294,27028,1701,Lugo,Lugo,"42,9782326","-7,5626411"
27296,27028,901801,Bocamaos,Bocamaos,"43,0430043","-7,606"
27297,27028,1701,Lugo,Lugo,"43,0525036","-7,5355555"
27298,27028,2804799,Mazoi,*Diseminado*,"43,0581744","-7,5775426"
27299,27020,701099,Agruña,*Diseminado*,"43,0409192","-7,7090854"
27300,27022,410401,Guitiriz,Guitiriz,"43,2010547","-7,90482"
27305,27022,101699,Abelendro (O),*Diseminado*,"43,18929","-7,7960118"
27306,27022,201599,Abeleira (A),*Diseminado*,"43,2684494","-7,8340757"
27307,27022,301499,Aboares (Os),*Diseminado*,"43,26027","-7,883045"
27308,27022,601199,Abelleira (A),*Diseminado*,"43,1432801","-7,90482"
27309,27022,401399,Acevedo (O),*Diseminado*,"43,1839695","-7,9429421"
27310,27052,501299,Aceña,*Diseminado*,"42,4474895","-7,276076"
27317,27052,101699,Barreiro (O),*Diseminado*,"42,4433521","-7,3408535"
27318,27052,201501,Casares (Os),Casares (Os),"42,4156613","-7,2383178"
27320,27050,901899,Arxubin,*Diseminado*,"42,4729486","-7,2598913"
27324,27017,101699,Campelo,*Diseminado*,"42,6598399","-7,1574784"
27325,27017,204101,Folgoso Do Courel,Folgoso Do Courel,"42,5882549","-7,2113605"
27326,27017,201501,Eiriz,Eiriz,"40,463667","-3,74922"
27327,27017,206701,Santa Eufemia,Santa Eufemia,"40,463667","-3,74922"
27328,27017,301499,Ferramulin,*Diseminado*,"42,5455556","-7,1144039"
27329,27050,201501,Bendillo,Bendillo,"42,4647427","-7,1574784"
27330,27047,1703801,Pobra Do Brollon (A),Pobra Do Brollon (A),"42,5596481","-7,3921795"
27331,27047,203601,Estacion (A),Estacion (A),"42,5187086","-7,3840729"
27332,27047,501201,Castrosante,Castrosante,"42,5787992","-7,3975845"
27333,27047,1601801,Piño,Piño,"42,5991524","-7,4219122"
27334,27047,401301,Castroncelos,Castroncelos,"42,5744347","-7,4273195"
27335,27047,302901,Aldea de Arriba,Aldea de Arriba,"42,6162166","-7,3840729"
27336,27047,804599,Forgas,*Diseminado*,"42,5746235","-7,386775"
27338,27047,2001999,Beiran,*Diseminado*,"42,5364747","-7,3354531"
27339,27017,802401,Carballal,Carballal,"42,5709602","-7,330053"
27340,27008,101601,Boveda,Boveda,"42,6151134","-7,4760047"
27341,27024,105501,Bardaos,Bardaos,"42,6950981","-7,4435441"
27342,27024,401399,Abeledo,*Diseminado*,"42,7019965","-7,4868283"
27343,27008,1101399,Barxa,*Diseminado*,"42,6457402","-7,4543626"
27344,27008,201599,Covelo,*Diseminado*,"42,6179349","-7,4327273"
27345,27024,603201,Cortellas (As),Cortellas (As),"42,6673181","-7,4219122"
27346,27024,701099,Cabude,*Diseminado*,"42,6774168","-7,3408535"
27347,27024,901899,Carralcova,*Diseminado*,"42,6398635","-7,3192542"
27348,27024,1301199,Codesido,*Diseminado*,"42,6381151","-7,4219122"
27349,27008,401399,Bustelo,*Diseminado*,"42,6258127","-7,5355555"
27350,27008,801901,Eimer,Eimer,"42,6533529","-7,4868283"
27359,27008,602699,Fontaiña (A),*Diseminado*,"42,6661749","-7,5138947"
27360,27026,1110499,Eirexe (A),*Diseminado*,"42,9045433","-7,3570576"
27362,27043,801999,Cruces (As),*Diseminado*,"42,8530724","-7,5518056"
27363,27043,101699,Adai,*Diseminado*,"42,8202023","-7,5355555"
27364,27043,601199,Albaredo (O),*Diseminado*,"42,8662124","-7,4624776"
27366,27026,1801699,Eirexe (A),*Diseminado*,"42,8922582","-7,3597586"
27367,27026,201599,Agrolazas (As),*Diseminado*,"42,870277","-7,3624598"
27368,27026,1101399,Casal de Vito,*Diseminado*,"42,8449904","-7,3786689"
27369,27026,1601899,Barrio (O),*Diseminado*,"42,8305035","-7,4895345"
27370,27007,101601,Baamonde,Baamonde,"43,1291291","-7,6168439"
27372,27007,201599,Aldea (A),*Diseminado*,"43,1951953","-7,7090854"
27373,27007,301499,Aldea (A),*Diseminado*,"43,1373969","-7,7090854"
27374,27039,601101,Astariz,Astariz,"43,1017028","-7,6304012"
27375,27007,801999,Baltar,*Diseminado*,"43,1995756","-7,6439611"
27376,27015,401399,Vao (O),*Diseminado*,"43,2408272","-7,5301397"
27377,27015,301499,Aldea,*Diseminado*,"43,1917939","-7,4705935"
27378,27015,501201,Arneiro,Arneiro,"43,2429656","-7,4976536"
27379,27015,101699,Calvario (O),*Diseminado*,"43,1846552","-7,5788975"
27380,27022,801999,Carballal (O),*Diseminado*,"43,1477854","-7,8395151"
27388,27022,1201299,Alfonsares,*Diseminado*,"43,1648442","-7,8014482"
27389,27022,901899,Abeledo (O),*Diseminado*,"43,1329755","-7,7742702"
27390,27050,601199,Aldea de Arriba,*Diseminado*,"42,3942606","-7,1898025"
27391,27047,101699,Barxa,*Diseminado*,"42,4824358","-7,3408535"
27392,27057,1301199,Airexe,*Diseminado*,"42,7145465","-7,4435441"
27400,27022,410401,Guitiriz,Guitiriz,"42,5245352","-7,5193093"
27410,27031,1501999,Camporrio,*Diseminado*,"42,5663877","-7,4760047"
27411,27031,501299,Barxa,*Diseminado*,"42,538543","-7,4543626"
27412,27031,202099,Campo (O),*Diseminado*,"42,520437","-7,4327273"
27413,27031,1021099,San Pedro de Baños,*Diseminado*,"42,4782568","-7,4056928"
27414,27031,1401099,Bacorelle,*Diseminado*,"42,4883316","-7,4760047"
27415,27031,301499,Vao,*Diseminado*,"42,4806834","-7,4435441"
27416,27031,801999,Carretera,*Diseminado*,"42,4530832","-7,4922407"
27417,27031,101699,Casares,*Diseminado*,"42,5621217","-7,5409718"
27418,27031,401399,Fabeiro (O),*Diseminado*,"42,5687788","-7,5138947"
27419,27031,602601,Babela,Babela,"42,5112028","-7,5734783"
27420,27031,1701799,Barxela (A),*Diseminado*,"42,5059741","-7,5337997"
27421,27059,501299,Barantes de Abaixo,*Diseminado*,"42,4109017","-7,5761878"
27422,27059,801999,Campo (O),*Diseminado*,"42,4149583","-7,5518056"
27423,27059,102199,Aldea de Arriba,*Diseminado*,"42,3975414","-7,5193093"
27424,27059,1001499,Castro,*Diseminado*,"42,4131338","-7,4678881"
27425,27059,601199,Bolmente,*Diseminado*,"42,4337925","-7,5626411"
27430,27041,1003599,Capa (A),*Diseminado*,"42,5090443","-7,606"
27437,27041,101699,Abelaira (A),*Diseminado*,"42,4873547","-7,6385368"
27438,27041,501299,Vargo (O),*Diseminado*,"42,4701663","-7,6765157"
27439,27041,801901,Barrio (O),Barrio (O),"42,5377459","-7,6873706"
27440,27059,901801,Canaval,Canaval,"42,4812004","-7,5843171"
27450,27041,901899,Barreal,*Diseminado*,"42,4872631","-7,6032892"
27460,27059,401399,San Martiño,*Diseminado*,"42,4616686","-7,5843171"
27466,27059,201501,Arroxo (O),Arroxo (O),"42,4602287","-7,606"
27468,27059,1601899,Castroseiros,*Diseminado*,"42,4833518","-7,5518056"
27469,27059,1201201,Campo Verde,Campo Verde,"42,4502379","-7,5355555"
27470,27041,1601801,Amandi,Amandi,"42,4474954","-7,7050134"
27500,27016,1701,Chantada,Chantada,"42,6128144","-7,7661188"
27510,27016,2301699,Mouricios,*Diseminado*,"42,6398108","-7,8340757"
27511,27016,101699,Ada,*Diseminado*,"42,6667521","-7,8667182"
27512,27016,1701799,Carballizos,*Diseminado*,"42,6195992","-7,8449549"
27513,27016,201599,Abeleda,*Diseminado*,"42,6023742","-7,883045"
27514,27016,901899,Belesar,*Diseminado*,"42,5775789","-7,7471025"
27515,27016,501299,Arriba,*Diseminado*,"42,5595582","-7,725376"
27516,27016,601199,Amedo,*Diseminado*,"42,6270107","-7,7362384"
27517,27016,2101899,Eirexe (A),*Diseminado*,"42,6255377","-7,7579683"
27518,27016,301499,Arcos,*Diseminado*,"42,6420431","-7,8014482"
27519,27016,701099,Corneas (As),*Diseminado*,"42,593366","-7,8014482"
27520,27009,1801601,Barrela (A),Barrela (A),"42,5341506","-7,8123224"
27527,27009,201599,Anllo,*Diseminado*,"42,5589142","-7,8776023"
27528,27009,401399,Besteiriños,*Diseminado*,"42,4958752","-7,8014482"
27529,27009,101699,Agrexan,*Diseminado*,"42,5244192","-7,883045"
27530,27009,1001499,Bañal (O),*Diseminado*,"42,525883","-7,7905758"
27531,27009,301499,Acilleiros,*Diseminado*,"42,5138379","-7,7525352"
27532,27009,1201299,Arxemil,*Diseminado*,"42,5134209","-7,7226606"
27533,27009,308899,Folgar (O),*Diseminado*,"42,5551331","-7,7905758"
27540,27058,2602801,Escairon,Escairon,"42,5864141","-7,6520984"
27543,27058,2501499,Bidueiros (Os),*Diseminado*,"42,6717811","-7,6493858"
27544,27058,401399,Amedo (O),*Diseminado*,"42,7099497","-7,6602365"
27545,27058,1901599,Abadia (A),*Diseminado*,"42,6726331","-7,7090854"
27546,27058,101601,Carballo,Carballo,"42,6424192","-7,5788975"
27547,27058,602699,Gudin,*Diseminado*,"42,6366332","-7,6656625"
27548,27058,501201,Belesar,Belesar,"42,5819765","-7,681943"
27549,27041,521899,Viris,*Diseminado*,"42,5784819","-7,624978"
27550,27060,601199,Carude,*Diseminado*,"42,7111986","-7,7498188"
27554,27060,101699,Bouzal (O),*Diseminado*,"42,717595","-7,8164006"
27555,27060,401399,Valboa,*Diseminado*,"42,6989082","-7,8231982"
27556,27060,301499,Carballas (As),*Diseminado*,"42,7115244","-7,7090854"
27557,27060,1701799,Curro (O),*Diseminado*,"42,7503865","-7,7090854"
27558,27060,201501,Arxiz,Arxiz,"42,7474463","-7,7525352"
27559,27060,501201,Abelairas,Abelairas,"42,6921572","-7,7797049"
27560,27032,1501999,Cariza (A),*Diseminado*,"42,7952701","-7,8340757"
27568,27032,101699,Arada,*Diseminado*,"42,8236049","-7,7742702"
27569,27032,201599,Bidouredo,*Diseminado*,"42,7669026","-7,8231982"
27570,27003,601101,Antas de Ulla,Antas de Ulla,"42,7844361","-7,8857665"
27576,27003,401399,Fontelo,*Diseminado*,"42,7691011","-7,932048"
27577,27003,701099,Funsin,*Diseminado*,"42,8116191","-7,9483898"
27578,27003,101699,Aguela,*Diseminado*,"42,7519517","-7,8993756"
27579,27003,201599,Alvidron,*Diseminado*,"42,7788467","-7,8612767"
27590,27031,2101899,Almacen (O),*Diseminado*,"42,5426189","-7,5409718"
27591,27031,2301699,Carrouba,*Diseminado*,"42,5606905","-7,5626411"
27592,27031,1301199,Amedo,*Diseminado*,"42,5390325","-7,5951577"
27593,27041,2319101,Toiriz,Toiriz,"42,5780305","-7,5951577"
27594,27058,1801699,Abadia (A),*Diseminado*,"42,6269607","-7,7009416"
27595,27016,2601399,Enviande,*Diseminado*,"42,6539949","-7,7688358"
27596,27060,901899,Cargas (As),*Diseminado*,"42,6741878","-7,7579683"
27600,27057,1701,Sarria,Sarria,"42,7749564","-7,4110988"
27610,27057,901801,Castelo,Castelo,"42,7673421","-7,3786689"
27611,27042,101601,Aldosende,Aldosende,"42,7486635","-7,5897372"
27612,27042,301499,Baran,*Diseminado*,"42,7790214","-7,4976536"
27613,27057,3001599,Airexe,*Diseminado*,"42,7297403","-7,5084806"
27614,27026,901899,Larin,*Diseminado*,"42,8213822","-7,4435441"
27615,27026,1001499,Cima de Vila,*Diseminado*,"42,8008152","-7,3489551"
27616,27057,301499,Abeledo,*Diseminado*,"42,7662272","-7,4705935"
27617,27057,501299,Betote de Abaixo,*Diseminado*,"42,8130859","-7,4219122"
27618,27057,1001499,Arxevide,*Diseminado*,"42,7451121","-7,4219122"
27619,27057,101699,Alban,*Diseminado*,"42,7860669","-7,3894772"
27620,27055,2001999,Coiñas,*Diseminado*,"42,7293444","-7,3273531"
27623,27055,801999,Carqueixeda,*Diseminado*,"42,7051149","-7,2113605"
27624,27055,601199,Balsa,*Diseminado*,"42,7236074","-7,3030592"
27625,27055,1101399,Airapadron,*Diseminado*,"42,6971802","-7,2598913"
27626,27055,1201201,Bustofrio,Bustofrio,"42,6634626","-7,2544973"
27627,27055,901899,Castro de Lourido,*Diseminado*,"42,7617931","-7,3138554"
27628,27055,301499,Brea (A),*Diseminado*,"42,750693","-7,3354531"
27630,27062,704601,Triacastela,Triacastela,"42,7568843","-7,2383178"
27631,27055,101699,San Xil,*Diseminado*,"42,7638603","-7,2814718"
27632,27062,401399,Biduedo (O),*Diseminado*,"42,7453673","-7,1898025"
27633,27043,1611699,Cal (A),*Diseminado*,"42,7360783","-7,2598913"
27634,27062,301401,Cancelo,Cancelo,"42,7783586","-7,2059703"
27635,27055,201501,Castroncan,Castroncan,"42,729171","-7,3678624"
27636,27055,501201,Formigueiros,Formigueiros,"42,7074689","-7,365161"
27637,27057,2001999,Lavandeira,*Diseminado*,"42,717355","-7,4002872"
27638,27055,701099,Frollais,*Diseminado*,"42,7505153","-7,3759671"
27639,27062,101699,Arxileiro,*Diseminado*,"42,7846599","-7,2598913"
27640,27006,301401,Becerrea,Becerrea,"42,8512748","-7,1655579"
27646,27037,801999,Casares,*Diseminado*,"42,7857638","-7,0874964"
27647,27006,801999,Ferrañol,*Diseminado*,"42,829613","-7,1628647"
27648,27006,401399,Cadoalla,*Diseminado*,"42,8871317","-7,1736385"
27649,27006,201501,Armesto,Armesto,"42,8081702","-7,1951913"
27650,27006,301401,Becerrea,Becerrea,"42,9641611","-7,0054959"
27651,27034,201599,Busto,*Diseminado*,"43,0068529","-7,0390904"
27652,27034,901899,Cernada (A),*Diseminado*,"42,9476122","-6,8994495"
27653,27034,1801699,Arcon,*Diseminado*,"42,8971477","-7,0122134"
27654,27034,1501999,Balsa (A),*Diseminado*,"43,0076048","-6,9477532"
27655,27034,701099,Coruxedo,*Diseminado*,"42,9333655","-6,974604"
27656,27034,101601,Barcia,Barcia,"42,9856341","-6,9907197"
27657,27034,601199,Cociña (A),*Diseminado*,"42,9733183","-7,0337141"
27658,27034,301499,Castañedo,*Diseminado*,"43,0333399","-7,0014657"
27659,27012,1701799,Chao de Vilarin,*Diseminado*,"42,930735","-7,0175879"
27660,27006,1901599,Balaxaz,*Diseminado*,"42,9506343","-7,0874964"
27661,27006,2401599,Barbeitas (As),*Diseminado*,"42,9035301","-7,0659783"
27662,27012,101699,Santo Estevo,*Diseminado*,"42,8603303","-6,9799755"
27663,27006,1701799,Pando,*Diseminado*,"42,8866561","-7,1036396"
27664,27006,1301199,Barreiro,*Diseminado*,"42,8350867","-6,9960925"
27665,27012,201599,Barreiro,*Diseminado*,"42,8014723","-6,9101806"
27666,27012,501299,Airoa,*Diseminado*,"42,7904049","-7,0122134"
27667,27012,801999,Cabana Xaraz,*Diseminado*,"42,8804142","-6,8887202"
27668,27006,1501999,Borqueria (A),*Diseminado*,"42,8704366","-7,1305536"
27670,27045,801999,Busmullan,*Diseminado*,"42,7266871","-7,0214086"
27671,27045,101601,Barxamaior,Barxamaior,"42,6742667","-7,0821162"
27672,27045,601101,Louzarela,Louzarela,"42,7107633","-7,1601715"
27673,27045,501201,Chan de Pena,Chan de Pena,"42,66773","-7,1090215"
27675,27037,301499,Brañas,*Diseminado*,"42,7534178","-7,0605998"
27676,27037,201501,Doncos,Doncos,"42,79078","-7,1628647"
27677,27006,108001,Torallo,Torallo,"42,7882791","-7,1251699"
27678,27006,101601,Agueira,Agueira,"42,8219273","-7,1305536"
27679,27006,701099,Cruzul,*Diseminado*,"42,8477727","-7,1440146"
27680,27901,301401,Baralla,Baralla,"42,9131956","-7,2976617"
27685,27901,501201,Costantin,Costantin,"42,893429","-7,2275336"
27686,27901,401399,Berselos,*Diseminado*,"42,8699303","-7,2922646"
27687,27901,201501,Arroxo,Arroxo,"42,9114424","-7,2491037"
27688,27901,1201299,Castro,*Diseminado*,"42,8643458","-7,2275336"
27689,27901,101601,Aranza,Aranza,"42,8629798","-7,2491037"
27690,27057,1101399,Agra (A),*Diseminado*,"42,8172792","-7,3570576"
27691,27026,1501999,Reboleira (A),*Diseminado*,"42,8035844","-7,3057581"
27692,27026,402899,Eirexe (A),*Diseminado*,"42,8325099","-7,2706807"
27693,27026,101699,Armea de Arriba,*Diseminado*,"42,8342608","-7,3192542"
27694,27006,2601399,Vilouta de Abaixo,*Diseminado*,"42,8372865","-7,1951913"
27695,27006,501299,Areal (O),*Diseminado*,"42,9051604","-7,1951913"
27696,27901,1301199,Eirexe (A),*Diseminado*,"42,9238573","-7,2059703"
27697,27901,1701799,Barrosa (A),*Diseminado*,"42,9515458","-7,2275336"
27698,27006,901899,Cabanas (As),*Diseminado*,"42,9272415","-7,1520926"
27699,27026,2201799,Dradas,*Diseminado*,"42,8144715","-7,2491037"
27700,27051,801901,Ribadeo,Ribadeo,"43,5335029","-7,0417787"
27710,27051,701099,Barreiro,*Diseminado*,"43,5494205","-7,0552218"
27711,27051,201599,Barreiros,*Diseminado*,"43,5019997","-7,1251699"
27712,27051,1101399,Lourido,*Diseminado*,"43,4817311","-7,0659783"
27713,27051,601199,Aceñas (As),*Diseminado*,"43,5060114","-7,0605998"
27714,27051,101699,Barredal (O),*Diseminado*,"43,4934979","-7,184414"
27715,27051,901801,Rinlo,Rinlo,"43,5454118","-7,1197867"
27720,27048,301499,Castelo (O),*Diseminado*,"43,358553","-7,1951913"
27721,27048,601101,Aldeguer,Aldeguer,"43,2881701","-7,1682514"
27722,27048,101699,Barreiros,*Diseminado*,"43,310097","-7,1251699"
27723,27048,1101399,Beche,*Diseminado*,"43,3033226","-7,2329255"
27724,27048,1001499,Navallo (O),*Diseminado*,"43,281667","-7,1951913"
27725,27048,501299,Cabana,*Diseminado*,"43,3417617","-7,2329255"
27726,27048,401301,Acevro (O),Acevro (O),"43,3757131","-7,2275336"
27727,27048,901801,Vilaouruz,Vilaouruz,"43,3847854","-7,1978859"
27728,27048,201599,Boulloso (O),*Diseminado*,"43,3471908","-7,1467072"
27729,27048,801999,Salmean,*Diseminado*,"43,3374498","-7,1871082"
27730,27001,101601,Abadin,Abadin,"43,3072402","-7,4705935"
27737,27001,1401099,Agros (Os),*Diseminado*,"43,419578","-7,5138947"
27738,27001,901899,Barqueira (A),*Diseminado*,"43,3662783","-7,4489531"
27740,27030,1701,Mondoñedo,Mondoñedo,"43,4320194","-7,3597586"
27742,27030,401399,Barral de Cima,*Diseminado*,"43,3938624","-7,3192542"
27743,27054,601101,Augaxosa (A),Augaxosa (A),"43,382572","-7,2706807"
27744,27054,101699,Franco (O),*Diseminado*,"43,3198041","-7,276076"
27745,27054,501299,Abelleira (A),*Diseminado*,"43,3619962","-7,2922646"
27747,27030,701099,Carroceiras (As),*Diseminado*,"43,4458224","-7,4056928"
27748,27030,101699,Barral (O),*Diseminado*,"43,4256986","-7,3462545"
27749,27030,201599,Campa (A),*Diseminado*,"43,48694","-7,3624598"
27750,27027,101699,Batan (O),*Diseminado*,"43,4171824","-7,2544973"
27751,27027,201599,Adellao,*Diseminado*,"43,449023","-7,2814718"
27752,27030,1101399,Barbeitas,*Diseminado*,"43,4551503","-7,3354531"
27760,27027,301401,Arroxo,Arroxo,"43,4719452","-7,2976617"
27765,27061,501299,Abaira (A),*Diseminado*,"43,4558507","-7,1736385"
27766,27061,101699,Biduedo,*Diseminado*,"43,4445065","-7,1251699"
27767,27061,701099,Carreira Cha (A),*Diseminado*,"43,4199156","-7,2113605"
27768,27061,201501,Fornea (A),Fornea (A),"43,4531333","-7,2167511"
27770,27063,301499,Cabezan,*Diseminado*,"43,5512356","-7,4408397"
27773,27002,101699,Abeledo,*Diseminado*,"43,5032915","-7,4056928"
27774,27002,501299,Abelairas (As),*Diseminado*,"43,5273226","-7,4408397"
27775,27002,601199,Barral (O),*Diseminado*,"43,4799119","-7,4705935"
27776,27002,201599,Canaledo,*Diseminado*,"43,5393513","-7,4029899"
27777,27063,201599,Abelleira (A),*Diseminado*,"43,5153586","-7,5138947"
27778,27002,901899,Penido (O),*Diseminado*,"43,5755821","-7,4705935"
27779,27063,101699,Amarela (A),*Diseminado*,"43,575385","-7,4002872"
27780,27019,401301,Marzan,Marzan,"43,5722822","-7,2625885"
27785,27019,801901,Chao (O),Chao (O),"43,5604502","-7,3354531"
27786,27019,701001,Abidueiras (As),Abidueiras (As),"43,5686209","-7,3570576"
27787,27019,501299,Vao,*Diseminado*,"43,552273","-7,3138554"
27788,27019,902301,Espiñeira (A),Espiñeira (A),"43,5447786","-7,2814718"
27789,27019,306601,Fazouro,Fazouro,"43,5905159","-7,3138554"
27790,27005,101699,Anea (A),*Diseminado*,"43,5379565","-7,2383178"
27791,27030,1001499,Aldea (A),*Diseminado*,"43,392733","-7,4110988"
27792,27005,201599,Abadia (A),*Diseminado*,"43,5521323","-7,2032754"
27793,27005,601101,Aspera (A),Aspera (A),"43,5406834","-7,1951913"
27794,27005,701001,Barreiro (O),Barreiro (O),"43,5350326","-7,1709449"
27796,27051,501201,Cinxe,Cinxe,"43,5242518","-7,1520926"
27797,27051,1001401,Campo de San Lourenzo (O),Campo de San Lourenzo (O),"43,5371833","-7,0982581"
27798,27005,301499,Couto (O),*Diseminado*,"43,4952227","-7,2329255"
27800,27065,2801101,Vilalba,Vilalba,"43,2957943","-7,6792293"
27810,27065,2302101,Barral (O),Barral (O),"43,2898638","-7,6602365"
27811,27065,1301199,Aguiar,*Diseminado*,"43,2366159","-7,6656625"
27812,27065,1804299,Escourido,*Diseminado*,"43,2587594","-7,6222665"
27813,27065,101601,Abadin,Abadin,"43,251458","-7,730807"
27814,27065,110799,Curro (O),*Diseminado*,"43,2677341","-7,7742702"
27815,27065,802499,Augarrio,*Diseminado*,"43,3946586","-7,6005786"
27816,27065,1401001,Adro (O),Adro (O),"43,3711191","-7,6656625"
27817,27033,201599,Bargañas (As),*Diseminado*,"43,4271306","-7,6168439"
27818,27065,201599,Barreiro (O),*Diseminado*,"43,2823146","-7,5572231"
27820,27065,1601801,Caivancas,Caivancas,"43,3068898","-7,6927987"
27821,27065,1101399,Alto (O),*Diseminado*,"43,2980346","-7,7172302"
27822,27065,902399,Curras (Os),*Diseminado*,"43,3009983","-7,7443863"
27823,27065,2601399,Cal (O),*Diseminado*,"43,3120826","-7,7579683"
27824,27021,401399,Aruxo (O),*Diseminado*,"43,3046868","-7,7960118"
27825,27065,602601,Buxiban,Buxiban,"43,3312879","-7,7579683"
27826,27021,701099,Bidueiro (O),*Diseminado*,"43,3386143","-7,8612767"
27830,27065,2401599,Airado (O),*Diseminado*,"43,3475308","-7,730807"
27832,27021,101699,Agro Vello (O),*Diseminado*,"43,3637696","-7,7742702"
27833,27021,601199,Vesura (A),*Diseminado*,"43,378489","-7,8395151"
27834,27021,201599,Cabreiros,*Diseminado*,"43,4050861","-7,730807"
27835,27021,501299,Abelleira (A),*Diseminado*,"43,4006482","-7,7960118"
27836,27033,101699,Ameixeiras (As),*Diseminado*,"43,4728857","-7,7199454"
27837,27033,401399,Acivreiros (Os),*Diseminado*,"43,4904751","-7,6005786"
27840,27065,1001499,Aciveiro,*Diseminado*,"43,3356336","-7,6222665"
27841,27065,2101801,Abelaira (A),Abelaira (A),"43,3038231","-7,5951577"
27842,27065,2202299,Bidueiro,*Diseminado*,"43,3614402","-7,5951577"
27843,27001,301499,Campo (O),*Diseminado*,"43,3444015","-7,5626411"
27845,27001,401399,Abelleira (A),*Diseminado*,"43,3465508","-7,5301397"
27849,27001,601199,Carballas,*Diseminado*,"43,3671764","-7,5084806"
27850,27066,1701,Viveiro,Viveiro,"43,6404284","-7,5734783"
27860,27064,704699,Casal (O),*Diseminado*,"43,7395028","-7,6602365"
27861,27064,201599,Castro Bo,*Diseminado*,"43,6977212","-7,6439611"
27863,27066,201501,Celeiro,Celeiro,"43,6855606","-7,5761878"
27864,27066,101699,Abuin,*Diseminado*,"43,5941232","-7,5518056"
27865,27033,702599,Muruas,*Diseminado*,"43,5552641","-7,633113"
27866,27038,401399,Agro (O),*Diseminado*,"43,6206169","-7,5843171"
27867,27038,202099,Barcia (A),*Diseminado*,"43,6214084","-7,6439611"
27868,27064,101699,Amoa (A),*Diseminado*,"43,6375796","-7,6873706"
27869,27066,1002999,Areal (O),*Diseminado*,"43,6639221","-7,5788975"
27870,27025,702599,Carballas (Os),*Diseminado*,"43,6814585","-7,5301397"
27876,27025,301401,Aldea de Abaixo (A),Aldea de Abaixo (A),"43,7195253","-7,4949471"
27877,27025,401399,Canelas,*Diseminado*,"43,7093438","-7,5409718"
27878,27025,101601,Alto de Lago (O),Alto de Lago (O),"43,6938453","-7,4868283"
27879,27025,201599,Cancelas (As),*Diseminado*,"43,6403099","-7,5030669"
27880,27902,1701,Burela,Burela,"43,6538948","-7,3678624"
27888,27013,224799,Castelo,*Diseminado*,"43,6838752","-7,4570675"
27889,27013,501299,Abrigo (O),*Diseminado*,"43,6357212","-7,4273195"
27890,27013,405201,San Cibrao,San Cibrao,"43,6937647","-7,4516578"
27891,27013,301499,Casas Novas (As),*Diseminado*,"43,6797178","-7,4110988"
27892,27019,103701,Cangas,Cangas,"43,6208282","-7,3624598"
27893,27019,605099,Trasmonte Das Chousas,*Diseminado*,"43,6089336","-7,3246534"
28000,28079,1701,Madrid,Madrid,"40,463667","-3,74922"
28001,28079,1701,Madrid,Madrid,"40,426175","-3,685144"
28002,28079,1701,Madrid,Madrid,"40,4468464","-3,6750005"
28003,28079,1701,Madrid,Madrid,"40,4411146","-3,6952896"
28004,28079,1701,Madrid,Madrid,"40,4244585","-3,6990948"
28005,28079,1701,Madrid,Madrid,"40,4050094","-3,7105118"
28006,28079,1701,Madrid,Madrid,"40,4351996","-3,68134"
28007,28079,1701,Madrid,Madrid,"40,4063013","-3,6699295"
28008,28079,1701,Madrid,Madrid,"40,4299652","-3,7257386"
28009,28079,1701,Madrid,Madrid,"40,4161588","-3,680072"
28010,28079,1701,Madrid,Madrid,"40,43094","-3,6952896"
28011,28079,1701,Madrid,Madrid,"40,421432","-3,7536663"
28012,28079,1701,Madrid,Madrid,"40,4091106","-3,7016317"
28013,28079,1701,Madrid,Madrid,"40,4189645","-3,7117806"
28014,28079,1701,Madrid,Madrid,"40,4156747","-3,6952896"
28015,28079,1701,Madrid,Madrid,"40,4304536","-3,7105118"
28016,28079,1701,Madrid,Madrid,"40,4570185","-3,6750005"
28017,28079,1701,Madrid,Madrid,"40,422369","-3,644582"
28018,28079,1701,Madrid,Madrid,"40,3864182","-3,6547195"
28019,28079,1701,Madrid,Madrid,"40,3943402","-3,7257386"
28020,28079,1701,Madrid,Madrid,"40,4563733","-3,6952896"
28021,28079,1701,Madrid,Madrid,"40,3366601","-3,6978264"
28022,28079,1701,Madrid,Madrid,"40,4419938","-3,5863313"
28023,28079,1701,Madrid,Madrid,"40,4614648","-3,7739869"
28024,28079,1701,Madrid,Madrid,"40,3843127","-3,7993992"
28025,28079,1701,Madrid,Madrid,"40,378739","-3,7358924"
28026,28079,1701,Madrid,Madrid,"40,3848083","-3,7054373"
28027,28079,1701,Madrid,Madrid,"40,4427203","-3,644582"
28028,28079,1701,Madrid,Madrid,"40,4319062","-3,664859"
28029,28079,1701,Madrid,Madrid,"40,4765501","-3,7003632"
28030,28079,1701,Madrid,Madrid,"40,4072602","-3,6395141"
28031,28079,1701,Madrid,Madrid,"40,3809156","-3,5863313"
28032,28079,1701,Madrid,Madrid,"40,4108343","-3,6065848"
28033,28079,1701,Madrid,Madrid,"40,4729146","-3,6547195"
28034,28079,1701,Madrid,Madrid,"40,4998271","-3,6876803"
28035,28079,1701,Madrid,Madrid,"40,4781971","-3,7282769"
28036,28079,1701,Madrid,Madrid,"40,4617817","-3,685144"
28037,28079,1701,Madrid,Madrid,"40,4331811","-3,6243133"
28038,28079,1701,Madrid,Madrid,"40,3966009","-3,6547195"
28039,28079,1701,Madrid,Madrid,"40,4609722","-3,7105118"
28040,28079,1701,Madrid,Madrid,"40,4473608","-3,7384311"
28041,28079,1701,Madrid,Madrid,"40,3672276","-3,6978264"
28042,28079,1701,Madrid,Madrid,"40,4678932","-3,5711466"
28043,28079,1701,Madrid,Madrid,"40,4604421","-3,6471162"
28044,28079,1701,Madrid,Madrid,"40,3775878","-3,7714464"
28045,28079,1701,Madrid,Madrid,"40,3954764","-3,6902166"
28046,28079,1701,Madrid,Madrid,"40,4731818","-3,6864121"
28047,28079,1701,Madrid,Madrid,"40,3961489","-3,7485874"
28048,28079,1701,Madrid,Madrid,"40,5322776","-3,7841503"
28049,28079,1701,Madrid,Madrid,"40,525069","-3,6927531"
28050,28079,1701,Madrid,Madrid,"40,500471","-3,6673942"
28051,28079,1701,Madrid,Madrid,"40,3444717","-3,6116494"
28052,28079,1701,Madrid,Madrid,"40,4022174","-3,5559665"
28053,28079,1701,Madrid,Madrid,"40,3681942","-3,6673942"
28054,28079,1701,Madrid,Madrid,"40,3628043","-3,7562059"
28055,28079,1701,Madrid,Madrid,"40,4869744","-3,6116494"
28100,28006,1701,Alcobendas,Alcobendas,"40,5614212","-3,6673942"
28108,28006,1701,Alcobendas,Alcobendas,"40,5312746","-3,6572542"
28109,28006,1701,Alcobendas,Alcobendas,"40,5230187","-3,596457"
28110,28009,1701,Algete,Algete,"40,6073418","-3,495292"
28120,28009,1701,Algete,Algete,"40,6153287","-3,566086"
28130,28162,1701,Alalpardo,Alalpardo,"40,6334617","-3,4700327"
28140,28059,1701,Fuente El Saz de Jarama,Fuente El Saz de Jarama,"40,6316284","-3,5306765"
28150,28164,1701,Silillos,Silillos,"40,6930624","-3,5104537"
28160,28145,4301,Talamanca de Jarama,Talamanca de Jarama,"40,7341843","-3,4902391"
28170,28163,1701,Valdepielagos,Valdepielagos,"40,7599452","-3,4750836"
28180,28151,1702,Torrelaguna,Torrelaguna,"40,813274","-3,5509074"
28189,28016,1701,Atazar (El),Atazar (El),"40,8757477","-3,4902391"
28190,19067,1701,Bocigano,Bocigano,"41,129185","-3,4397386"
28191,28069,1701,Hiruela (La),Hiruela (La),"41,0364944","-3,5104537"
28192,28021,1701,Berrueco (El),Berrueco (El),"40,8739008","-3,5509074"
28193,28039,1701,Cervera de Buitrago,Cervera de Buitrago,"40,9201027","-3,52562"
28194,28020,1701,Berzosa del Lozoya,Berzosa del Lozoya,"40,9552564","-3,5306765"
28195,28902,2201,Serrada de la Fuente,Serrada de la Fuente,"41,0010826","-3,5155086"
28196,28902,1701,Paredes de Buitrago,Paredes de Buitrago,"41,0151136","-3,5509074"
28200,28131,1701,Cuelgamuros,Sta Cruz del Valle de Los,"40,590382","-4,1616143"
28210,28095,3801,Cerro Alarcon,Cerro Alarcon,"40,5030007","-4,0491077"
28211,28054,4301,Escorial (El),Escorial (El),"40,5456322","-4,1360234"
28212,28054,8101,Pinosol,Pinosol,"40,4594574","-4,1309067"
28213,28042,1701,Colmenar del Arroyo,Colmenar del Arroyo,"40,4263701","-4,2025859"
28214,28056,1701,Fresnedillas de la Oliva,Fresnedillas de la Oliva,"40,4881141","-4,1820961"
28219,28054,1701,Alcor (El),Alcor (El),"40,5673877","-4,0951038"
28220,28080,22801,Majadahonda,Majadahonda,"40,4731888","-3,8808034"
28221,28080,22801,Majadahonda,Majadahonda,"40,46404","-3,8502617"
28222,28080,22801,Majadahonda,Majadahonda,"40,4770721","-3,9164585"
28223,28115,1701,Angeles (Los),Angeles (Los),"40,4243614","-3,8197381"
28224,28115,4301,Pozuelo de Alarcon,Pozuelo de Alarcon,"40,445378","-3,7993992"
28229,28177,1701,Villanueva del Pardillo,Villanueva del Pardillo,"40,4953157","-3,9776389"
28231,28127,4301,Rozas de Madrid (Las),Rozas de Madrid (Las),"40,5043617","-3,8604402"
28232,28127,1701,Chopera (La),Chopera (La),"40,512814","-3,9113634"
28240,28072,1701,Berzalejo,Berzalejo,"40,6199087","-3,8960811"
28248,28072,1701,Berzalejo,Berzalejo,"40,6055916","-3,9444905"
28250,28061,7501,Fuente la Teja,Fuente la Teja,"40,5779511","-3,9368439"
28260,28061,1701,Bellavista,Bellavista,"40,5562572","-3,9776389"
28270,28044,1701,Colmenarejo,Colmenarejo,"40,539441","-4,0235718"
28279,28044,1701,Colmenarejo,Colmenarejo,"40,463667","-3,74922"
28280,28054,1799,Alcor (El),*Diseminado*,"40,5932955","-4,0797673"
28290,28127,11599,Garzo (El),*Diseminado*,"40,5387228","-3,8960811"
28292,28054,4301,Escorial (El),Escorial (El),"40,6191902","-4,0644352"
28293,28183,1701,Estacion Y Pajares (La),Estacion Y Pajares (La),"40,5490531","-4,1820961"
28294,28125,2201,Robledo de Chavela,Robledo de Chavela,"40,4550081","-4,2538452"
28295,28159,1701,Valdemaqueda,Valdemaqueda,"40,5039247","-4,3051542"
28296,28135,1701,Estacion (La),Estacion (La),"40,6016769","-4,2692327"
28297,28135,3801,Hoya (La),Hoya (La),"40,5881558","-4,2230836"
28300,28013,1701,Algodor,Algodor,"40,038577","-3,5913939"
28320,28113,1702,Pinto,Pinto,"40,2399201","-3,6927531"
28330,28132,1799,Angeles (Los),*Diseminado*,"40,2437264","-3,5711466"
28340,28161,1701,Valdemoro,Valdemoro,"40,1915067","-3,6875202"
28350,28040,1701,Ciempozuelos,Ciempozuelos,"40,1402985","-3,6116494"
28359,28147,1701,Titulcia,Titulcia,"40,1471301","-3,5559665"
28360,28170,1701,Villaconejos,Villaconejos,"40,1030918","-3,4902391"
28370,28052,1701,Chinchon,Chinchon,"40,1557441","-3,4397386"
28380,28043,2201,Colmenar de Oreja,Colmenar de Oreja,"40,07389","-3,4397386"
28390,28019,1701,Belmonte de Tajo,Belmonte de Tajo,"40,1332647","-3,3338547"
28391,28157,1701,Valdelaguna,Valdelaguna,"40,1680386","-3,3691241"
28400,28047,1701,Collado Villalba,Collado Villalba,"40,6367104","-3,9980485"
28409,28010,18901,Negrales-Los Llanos (Los),Negrales-Los Llanos (Los),"40,463667","-3,74922"
28410,28082,1701,Manzanares El Real,Manzanares El Real,"40,7128103","-3,8451731"
28411,28090,1701,Moralzarzal,Moralzarzal,"40,6639731","-3,9419415"
28412,28023,2201,Cerceda,Cerceda,"40,6950571","-3,9215541"
28413,28023,1701,Boalo (El),Boalo (El),"40,7156541","-3,9113634"
28420,28061,20601,Parquelagos,Parquelagos,"40,6017462","-3,9827405"
28430,28010,1701,Alpedrete,Alpedrete,"40,6716505","-4,013361"
28440,28068,1701,Cabezuelas (Las),Cabezuelas (Las),"40,6729441","-4,1206748"
28450,28046,1701,Collado Mediano,Collado Mediano,"40,6912802","-4,04186"
28460,28087,1702,Molinos (Los),Molinos (Los),"40,7194197","-4,0951038"
28470,28038,1701,Camorritos,Camorritos,"40,7313388","-4,0439995"
28480,28068,3801,Tablada,Tablada,"40,7082063","-4,1257905"
28490,28018,1701,Becerril de la Sierra,Becerril de la Sierra,"40,7184566","-3,9776389"
28491,28093,1701,Navacerrada,Navacerrada,"40,7372886","-4,0184661"
28492,28023,3801,Mataelpino,Mataelpino,"40,7348613","-3,9419415"
28500,28014,1701,Arganda,Arganda,"40,2882181","-3,4498346"
28510,28033,1701,Campo Real,Campo Real,"40,3214805","-3,3590446"
28511,28165,1701,Valdilecha,Valdilecha,"40,2923294","-3,3086778"
28512,28179,2201,Villar del Olmo,Villar del Olmo,"40,3348303","-3,2483058"
28514,28100,2201,Mirador de Baztan (El),Mirador de Baztan (El),"40,3755972","-3,2483058"
28515,28101,1701,Olmeda de Las Fuentes,Olmeda de Las Fuentes,"40,3717608","-3,2030756"
28521,28123,2299,Casa Eulogio,*Diseminado*,"40,3426361","-3,5053993"
28522,28123,18901,Partija-Santa Monica (La),Partija-Santa Monica (La),"40,3725916","-3,52562"
28523,28123,18901,Partija-Santa Monica (La),Partija-Santa Monica (La),"40,3745987","-3,5433199"
28529,28123,7501,Rivas-Vaciamadrid,Rivas-Vaciamadrid,"40,463667","-3,74922"
28530,28091,1701,Morata de Tajuña,Morata de Tajuña,"40,2269749","-3,4498346"
28540,28110,1701,Perales de Tajuña,Perales de Tajuña,"40,2299292","-3,3489671"
28550,28146,1701,Tielmes,Tielmes,"40,2363342","-3,3036439"
28560,28035,1701,Carabaña,Carabaña,"40,2532121","-3,2483058"
28570,28102,1701,Orusco,Orusco,"40,2899135","-3,2131232"
28580,28011,1701,Ambite,Ambite,"40,3365031","-3,1880083"
28590,28180,1701,Villarejo de Salvanes,Villarejo de Salvanes,"40,1604092","-3,2784825"
28594,28155,1701,Valdaracete,Valdaracete,"40,2035388","-3,1980527"
28595,28055,2201,Estremera,Cuatro Caminos,"40,1344206","-3,1077277"
28596,28025,1701,Brea de Tajo,Brea de Tajo,"40,2361001","-3,1277854"
28597,28060,1701,Fuentidueña de Tajo,Fuentidueña de Tajo,"40,1123298","-3,1679257"
28598,28173,1799,Buenameson,*Diseminado*,"40,0685963","-3,2684215"
28600,28096,1701,Calypo II,Calypo II,"40,3008613","-4,0082563"
28607,28004,1701,Alamo (El),Alamo (El),"40,2350808","-3,9929453"
28609,28141,1701,Cortijos (Los),Cortijos (Los),"40,3486012","-4,100217"
28610,28174,1701,Villamanta,Villamanta,"40,2965568","-4,1309067"
28620,28008,1701,Aldea del Fresno,Aldea del Fresno,"40,3034305","-4,2230836"
28630,28171,1701,Alamin,Alamin,"40,2800219","-4,3051542"
28635,28092,1799,Mostoles,*Diseminado*,"40,463667","-3,74922"
28640,28031,1701,Cadalso de Los Vidrios,Cadalso de Los Vidrios,"40,2957657","-4,4284985"
28648,28031,1799,Cadalso de Los Vidrios,*Diseminado*,"40,3178082","-4,4516573"
28649,28128,1701,Entrepinos,Entrepinos,"40,3076754","-4,5160396"
28650,28037,1702,Cenicientos,Cenicientos,"40,2518038","-4,5108862"
28660,28022,1701,Boadilla del Monte,Boadilla del Monte,"40,4124967","-3,8706208"
28670,28181,1701,Villaviciosa de Odon,Villaviciosa de Odon,"40,3542644","-3,9368439"
28680,28133,1701,San Ramon,San Ramon,"40,3690273","-4,3770704"
28690,28026,1701,Brunete,Brunete,"40,3929031","-3,9980485"
28691,28176,4301,Villanueva de la Cañada,Villanueva de la Cañada,"40,4539502","-3,9980485"
28692,28176,4399,Villanueva de la Cañada,*Diseminado*,"40,4606098","-3,9521382"
28693,28119,1701,Perales de Milla,Perales de Milla,"40,411129","-4,0593255"
28694,28051,1701,Chapineria,Chapineria,"40,3702096","-4,2077095"
28695,28099,1701,Morro (El),Morro (El),"40,3859544","-4,2513573"
28696,28109,1701,Pelayos de la Presa,Pelayos de la Presa,"40,3606892","-4,3286139"
28700,28134,5601,S Sebastian de Los Reyes,S Sebastian de Los Reyes,"40,463667","-3,74922"
28701,28134,5601,S Sebastian de Los Reyes,S Sebastian de Los Reyes,"40,5743517","-3,659789"
28702,28134,5601,S Sebastian de Los Reyes,S Sebastian de Los Reyes,"40,5688791","-3,5913939"
28703,28134,5601,S Sebastian de Los Reyes,S Sebastian de Los Reyes,"40,540875","-3,5939254"
28706,28134,3801,Club de Campo,Club de Campo,"40,6021","-3,5838002"
28707,28045,6901,Pueblas (Las),Ciudalcampo,"40,6140744","-3,6065848"
28708,28134,2201,Fuente del Fresno,Fuente del Fresno,"40,5868781","-3,5838002"
28709,28134,1799,Ciudalcampo,*Diseminado*,"40,5813059","-3,5793711"
28710,28086,1701,Molar (El),Molar (El),"40,6912058","-3,5711466"
28720,28028,1701,Bustarviejo,Bustarviejo,"40,8381772","-3,7232005"
28721,28029,1701,Cabanillas de la Sierra,Cabanillas de la Sierra,"40,8162899","-3,6167146"
28722,28168,1701,Espartal (El),Espartal (El),"40,7721977","-3,5711466"
28723,28108,1701,Atalaya Real,Atalaya Real,"40,7507033","-3,6116494"
28729,28094,1701,Navalafuente,Navalafuente,"40,824802","-3,6673942"
28730,28027,1701,Buitrago del Lozoya,Buitrago del Lozoya,"40,9875646","-3,6268464"
28737,28024,1701,Braojos,Braojos,"41,0522387","-3,6521849"
28739,28062,2201,Cuadron (El),Cuadron (El),"41,0100174","-3,7130493"
28740,28120,1799,Oteruelo del Valle,*Diseminado*,"40,908725","-3,8808034"
28742,28003,1701,Alameda del Valle,Alameda del Valle,"40,9670681","-3,7943157"
28743,28034,1701,Canencia,Canencia,"40,9085354","-3,7333537"
28749,28112,1701,Pinilla del Valle,Pinilla del Valle,"40,9253877","-3,8349976"
28750,28045,6902,Pueblas (Las),Pueblas (Las),"40,6844082","-3,6268464"
28751,28030,1701,Cabrera (La),Cabrera (La),"40,8720197","-3,6116494"
28752,28901,2201,Sieteiglesias,Sieteiglesias,"40,9117667","-3,6319131"
28753,28901,2201,Sieteiglesias,Sieteiglesias,"40,9081434","-3,5863313"
28754,28901,1701,Navas de Buitrago,Navas de Buitrago,"40,9533859","-3,5913939"
28755,28001,1701,Acebeda (La),Acebeda (La),"41,0937662","-3,6116494"
28756,28143,1701,Somosierra,Somosierra,"41,1352503","-3,5711466"
28760,28903,1703,Tres Cantos,Tres Cantos,"40,6056371","-3,7130493"
28761,28903,1702,Tres Cantos,Soto de Viñuelas,"40,463667","-3,74922"
28770,28045,1701,Colmenar Viejo,Colmenar Viejo,"40,6762828","-3,7232005"
28791,28144,1701,Soto del Real,Soto del Real,"40,7448572","-3,7943157"
28792,28085,1701,Endrinales (Los),Endrinales (Los),"40,8062107","-3,7739869"
28794,28067,1701,Guadalix de la Sierra,Guadalix de la Sierra,"40,7683802","-3,6927531"
28801,28005,1701,Alcala de Henares,Alcala de Henares,"40,4816426","-3,366604"
28802,28005,1701,Alcala de Henares,Alcala de Henares,"40,4761176","-3,3817264"
28803,28005,1701,Alcala de Henares,Alcala de Henares,"40,4604184","-3,3968535"
28804,28005,1701,Alcala de Henares,Alcala de Henares,"40,4800469","-3,3338547"
28805,28005,1701,Alcala de Henares,Alcala de Henares,"40,5108369","-3,3237824"
28806,28005,1701,Alcala de Henares,Alcala de Henares,"40,5134295","-3,4094629"
28807,28004,1701,Alamo (El),Alamo (El),"40,4873807","-3,365974"
28810,28172,2201,Gurugu (El),Gurugu (El),"40,4349874","-3,3086778"
28811,28048,1701,Corpa,Corpa,"40,4163359","-3,2483058"
28812,28111,1701,Pezuela de Las Torres,Pezuela de Las Torres,"40,4180094","-3,1880083"
28813,28116,1701,Pozuelo del Rey,Pozuelo del Rey,"40,3931066","-3,3489671"
28814,28053,1701,Daganzo de Arriba,Daganzo de Arriba,"40,5528731","-3,4498346"
28815,28057,1702,Fresno de Torote,Fresno de Torote,"40,6352609","-3,4094629"
28816,28032,1701,Camarma de Esteruelas,Camarma de Esteruelas,"40,5958592","-3,3691241"
28817,28137,1701,Santos de la Humosa (Los),Santos de la Humosa (Los),"40,5180591","-3,2483058"
28818,28012,1701,Anchuelo,Anchuelo,"40,4570464","-3,2483058"
28820,28049,1701,Coslada,Coslada,"40,463667","-3,74922"
28821,28049,1701,Coslada,Coslada,"40,4299768","-3,5635559"
28822,28049,1701,Coslada,Coslada,"40,4202649","-3,5483781"
28823,28049,1701,Coslada,Coslada,"40,4305972","-3,5433199"
28830,28130,2201,San Fernando de Henares,San Fernando de Henares,"40,4290529","-3,5104537"
28840,28084,1701,Mejorada del Campo,Mejorada del Campo,"40,40467","-3,4750836"
28850,28148,1701,Torrejon de Ardoz,Torrejon de Ardoz,"40,4715678","-3,4498346"
28860,28104,2201,Paracuellos de Jarama,Paracuellos de Jarama,"40,5097994","-3,5306765"
28861,28104,4301,Berrocales del Jarama,Berrocales del Jarama,"40,477298","-3,5129811"
28862,28104,1701,Belvis de Jarama,Belvis de Jarama,"40,5550517","-3,5458489"
28863,28041,1701,Cobeña,Cobeña,"40,5664371","-3,5053993"
28864,28002,1701,Ajalvir,Ajalvir,"40,5313472","-3,4902391"
28880,28083,2201,Meco,Meco,"40,5564136","-3,3288183"
28890,28075,1701,Loeches,Colegio Monfort,"40,3913436","-3,4094629"
28891,28167,1701,Velilla de San Antonio,Velilla de San Antonio,"40,3691747","-3,4700327"
28901,28065,3801,Getafe,Getafe,"40,2847043","-3,7282769"
28902,28065,3801,Getafe,Getafe,"40,3114339","-3,729546"
28903,28065,3801,Getafe,Getafe,"40,3156239","-3,7181247"
28904,28065,3801,Getafe,Getafe,"40,3111887","-3,7371617"
28905,28065,3801,Getafe,Getafe,"40,2942493","-3,7485874"
28906,28065,2299,Cerro de Los Angeles,*Diseminado*,"40,2958787","-3,6978264"
28907,28065,3801,Getafe,Getafe,"40,3226989","-3,7358924"
28909,28065,1799,Aldehuela Y la Torrecilla,*Diseminado*,"40,3030605","-3,6319131"
28911,28074,2201,Leganes,Leganes,"40,3280428","-3,7676359"
28912,28074,2201,Leganes,Leganes,"40,3333039","-3,7625556"
28913,28074,2201,Leganes,Leganes,"40,3349467","-3,7708113"
28914,28074,1799,Fortuna,*Diseminado*,"40,3182536","-3,7943157"
28915,28074,2201,Leganes,Leganes,"40,3324002","-3,7511268"
28916,28074,2201,Leganes,Leganes,"40,3378242","-3,74097"
28917,28074,1701,Fortuna,Fortuna,"40,3568849","-3,7816093"
28918,28074,1701,Fortuna,Fortuna,"40,3442317","-3,7790684"
28919,28074,2201,Leganes,Leganes,"40,3560651","-3,7282769"
28921,28007,1701,Alcorcon,Alcorcon,"40,3489738","-3,8286389"
28922,28007,1701,Alcorcon,Alcorcon,"40,3570031","-3,8553507"
28923,28007,1701,Alcorcon,Alcorcon,"40,3404353","-3,8171953"
28924,28007,1701,Alcorcon,Alcorcon,"40,347013","-3,8108388"
28925,28007,1701,Alcorcon,Alcorcon,"40,3547379","-3,8082965"
28931,28092,1701,Mostoles,Mostoles,"40,3248633","-3,8642577"
28932,28092,1701,Mostoles,Mostoles,"40,332592","-3,8617127"
28933,28092,1701,Mostoles,Mostoles,"40,3334839","-3,8731663"
28934,28092,1701,Mostoles,Mostoles,"40,3195121","-3,8718935"
28935,28092,1701,Mostoles,Mostoles,"40,3141928","-3,9164585"
28936,28092,1701,Mostoles,Mostoles,"40,3139455","-3,8477173"
28937,28092,1701,Mostoles,Mostoles,"40,3224846","-3,8591678"
28938,28092,1701,Mostoles,Mostoles,"40,300778","-3,8604402"
28939,28015,1701,Arroyomolinos,Arroyomolinos,"40,2734026","-3,9164585"
28941,28058,1702,Fuenlabrada,Fuenlabrada,"40,2950623","-3,8019411"
28942,28058,1701,Fuenlabrada,Cordel de la Carrera,"40,3017902","-3,8299106"
28943,28058,1702,Fuenlabrada,Fuenlabrada,"40,2846965","-3,8070253"
28944,28058,1702,Fuenlabrada,Fuenlabrada,"40,2748289","-3,7968574"
28945,28058,1702,Fuenlabrada,Fuenlabrada,"40,2906277","-3,7816093"
28946,28058,1702,Fuenlabrada,Fuenlabrada,"40,2728593","-3,7790684"
28947,28058,1702,Fuenlabrada,Fuenlabrada,"40,2636452","-3,7485874"
28950,28089,1701,Colinas (Las),Colinas (Las),"40,2543655","-3,8757119"
28970,28073,1701,Humanes de Madrid,Humanes de Madrid,"40,2507841","-3,8299106"
28971,28066,1701,Griñon,Griñon,"40,2198231","-3,8400851"
28976,28017,1701,Batres,Batres,"40,227308","-3,9215541"
28977,28036,1701,Casarrubuelos,Casarrubuelos,"40,171554","-3,832454"
28978,28034,1701,Canencia,Canencia,"40,1891826","-3,8400851"
28979,28140,1701,Serranillos del Valle,Serranillos del Valle,"40,2082567","-3,8808034"
28980,28106,1702,Parla,Parla,"40,463667","-3,74922"
28981,28106,1702,Parla,Parla,"40,224627","-3,7714464"
28982,28106,1702,Parla,Parla,"40,2350017","-3,7663657"
28983,28106,1702,Parla,Parla,"40,2330252","-3,7485874"
28984,28106,1702,Parla,Parla,"40,231705","-3,7892328"
28990,28150,1701,Torrejon de Velasco,Torrejon de Velasco,"40,1766835","-3,7536663"
28991,28149,1701,Torrejon de la Calzada,Torrejon de la Calzada,"40,200737","-3,7993992"
29001,29067,5602,Malaga,Malaga,"36,7141686","-4,4227103"
29002,29067,5602,Malaga,Malaga,"36,7091025","-4,4323576"
29003,29067,5602,Malaga,Malaga,"36,7004563","-4,4477968"
29004,29067,2201,Churriana,Churriana,"36,6819541","-4,474826"
29005,29067,5602,Malaga,Malaga,"36,7195014","-4,4239965"
29006,29067,5602,Malaga,Malaga,"36,7038675","-4,4645276"
29007,29067,5602,Malaga,Malaga,"36,7166948","-4,4452233"
29008,29067,5602,Malaga,Malaga,"36,7235841","-4,4227103"
29009,29067,5602,Malaga,Malaga,"36,7273803","-4,4291416"
29010,29038,10899,Yeseras,*Diseminado*,"36,7226027","-4,467102"
29011,29067,5602,Malaga,Malaga,"36,7386916","-4,4323576"
29012,29067,5602,Malaga,Malaga,"36,7279999","-4,4124219"
29013,29067,5602,Malaga,Malaga,"36,736765","-4,4117789"
29014,29067,5602,Malaga,Malaga,"36,7512225","-4,4207811"
29015,29067,5602,Malaga,Malaga,"36,7203407","-4,419495"
29016,29067,5602,Malaga,Malaga,"36,7250886","-4,4002069"
29017,29067,5602,Malaga,Malaga,"36,7222342","-4,3680755"
29018,29067,5602,Malaga,Malaga,"36,7399531","-4,3616516"
29100,29042,1701,Coin,Coin,"36,70739","-4,7898731"
29108,29058,1701,Guaro,Guaro,"36,673016","-4,8416936"
29109,29090,1799,Ardite,*Diseminado*,"36,6687595","-4,9454803"
29110,29073,1701,Monda,Monda,"36,6291087","-4,8624355"
29120,29008,1701,Alhaurin El Grande,Alhaurin El Grande,"36,6365551","-4,6760395"
29130,29007,2201,Alhaurin de la Torre,Alhaurin de la Torre,"36,662093","-4,5727598"
29140,29067,2201,Churriana,Churriana,"36,6588684","-4,5160396"
29150,29011,1701,Almogia,Almogia,"36,8445149","-4,5830789"
29160,29039,1799,Arroyo Coche,*Diseminado*,"36,8825778","-4,4284985"
29170,29043,1799,Caravaca,*Diseminado*,"36,9078266","-4,3256918"
29180,29083,1701,Riogordo,Riogordo,"36,9307762","-4,2846246"
29190,29067,1799,Campanillas,*Diseminado*,"36,7401511","-4,4825934"
29191,29067,5602,Malaga,Malaga,"40,463667","-3,74922"
29194,29003,1701,Alfarnate,Alfarnate,"36,9855155","-4,2538452"
29195,29044,1701,Alqueria,Alqueria,"36,8511693","-4,2589738"
29196,29067,1704,Campanillas,Huertecilla de Mañas,"36,6987501","-4,5289253"
29197,29067,5602,Malaga,Malaga,"36,758141","-4,3051542"
29200,29015,1701,Antequera,Antequera,"37,0161658","-4,5830789"
29210,29049,1701,Cuevas de San Marcos,Aldea del Pilar,"37,2467141","-4,4284985"
29220,29047,1701,Cuevas Bajas,Cuevas Bajas,"37,2289504","-4,474826"
29230,29015,1799,Antequera,*Diseminado*,"36,9239731","-4,4696765"
29240,29093,1701,Valle de Abdalajis,Valle de Abdalajis,"36,9375022","-4,6760395"
29250,29015,4301,Cartaojal,Cartaojal,"37,0938984","-4,5108862"
29260,29015,9499,Villanueva de Cauche,*Diseminado*,"40,463667","-3,74922"
29300,29017,1701,Archidona,Archidona,"37,0992798","-4,3667907"
29309,29017,2201,Estacion de Archidona,Estacion de Archidona,"40,463667","-3,74922"
29310,29095,1799,Albaicin (El),*Diseminado*,"37,1833531","-4,4079213"
29311,29095,2201,Atalaya (La),Atalaya (La),"37,2209583","-4,4027782"
29312,29096,1701,Villanueva del Rosario,Villanueva del Rosario,"37,0080379","-4,3719303"
29313,29097,1701,Villanueva del Trabuco,Villanueva del Trabuco,"37,0365207","-4,3256918"
29314,29015,1799,Antequera,*Diseminado*,"37,1065464","-4,4593791"
29315,29017,3801,Estacion de Salinas,Estacion de Salinas,"37,1491286","-4,3205566"
29320,29032,1701,Campillos,Campillos,"37,0474924","-4,8728093"
29327,29089,1701,Huertas Y Montes,Huerta de la Cueva,"36,9600698","-4,9143239"
29328,29088,2201,Sierra de Yeguas,Sierra de Yeguas,"37,1228354","-4,8624355"
29329,29088,1701,Navahermosa,Navahermosa,"37,1878372","-4,8416936"
29330,29010,1701,Almargen,Almargen,"37,0302933","-5,0286488"
29340,29035,1701,Cañete la Real,Cañete la Real,"36,9959469","-5,0806918"
29350,29020,1701,Arriate,Arriate,"36,7978204","-5,1353887"
29360,29074,1701,Montejaque,Montejaque,"36,7405102","-5,2788926"
29370,29028,2201,Benaojan,Benaojan,"36,6984272","-5,2579968"
29380,29046,3801,Cortes de la Frontera,Cortes de la Frontera,"36,5823576","-5,4463322"
29391,29046,1701,Cañada del Real Tesoro,Cañada del Real Tesoro,"36,5810007","-5,3573194"
29392,29063,2201,Jimera de Libar,Barriada Estacion,"36,6544729","-5,2788926"
29394,29084,13602,Ronda,Cimada (La),"36,8272419","-5,1379946"
29400,29084,8199,Montecorto,*Diseminado*,"36,7813646","-5,0806918"
29410,29100,1701,Yunquera,Yunquera,"36,7333064","-4,9454803"
29420,29031,1701,Burgo (El),Burgo (El),"36,7977973","-4,9454803"
29430,29084,8101,Montecorto,Montecorto,"36,8306545","-5,305023"
29440,29060,1701,Igualeja,Igualeja,"36,6195749","-5,0911062"
29450,29081,1701,Pujerra,Pujerra,"36,5910896","-5,1275716"
29451,29077,1701,Parauta,Parauta,"36,6644042","-5,0494602"
29452,29037,1701,Cartajima,Cartajima,"36,665105","-5,1588464"
29460,29014,1701,Alpandeire,Alpandeire,"36,6572293","-5,2162283"
29461,29052,1701,Farajan,Farajan,"36,6094715","-5,2005729"
29462,29065,1701,Juzcar,Juzcar,"36,5738084","-5,1536327"
29470,29048,1701,Cuevas del Becerro,Cuevas del Becerro,"36,8741879","-5,0442567"
29471,29084,16701,Serrato,Serrato,"36,8660829","-4,9818513"
29480,29056,1701,Gaucin,Gaucin,"36,5121298","-5,3311652"
29490,29029,1701,Benarraba,Benarraba,"36,5467868","-5,2788926"
29491,29006,1701,Algatocin,Algatocin,"36,5889536","-5,2997959"
29492,29057,1701,Genalguacil,Genalguacil,"36,5495402","-5,2162283"
29493,29022,1701,Benadalid,Benadalid,"36,6170313","-5,2736679"
29494,29021,1701,Atajate,Atajate,"36,6399419","-5,24233"
29500,29012,1701,Alora,Alora,"36,8731166","-4,6760395"
29510,29012,3899,Arroyo Corrales,*Diseminado*,"36,8094839","-4,6553679"
29520,29055,1701,Fuente de Piedra,Fuente de Piedra,"37,1381435","-4,7484518"
29530,29001,1701,Alameda,Alameda,"37,2372186","-4,6760395"
29531,29059,1701,Carvajales (Los),Carvajales (Los),"37,1033661","-4,6812086"
29532,29072,3801,Mollina,Mollina,"37,1525239","-4,6553679"
29533,29059,1701,Carvajales (Los),Carvajales (Los),"37,1774227","-4,70189"
29540,29015,1799,Antequera,*Diseminado*,"37,0422287","-4,7381013"
29550,29018,1701,Ardales,Ardales,"36,8759619","-4,8728093"
29551,29036,1701,Carratraca,Carratraca,"36,8458651","-4,8209596"
29552,29012,6901,Chorro (El),Chorro (El),"36,9163778","-4,735514"
29560,29080,3801,Cerralba,Cerralba,"36,7648693","-4,6967189"
29566,29040,4301,Casarabonela,Casarabonela,"36,7917352","-4,8313257"
29567,29013,1701,Alozaina,Alozaina,"36,7367218","-4,8624355"
29568,29080,9401,Zalea,Zalea,"40,463667","-3,74922"
29569,29038,7501,Gibralgalia,Gibralgalia,"36,7632319","-4,7381013"
29570,29038,1701,Cartama,Ampliacion de Cartama,"36,7027594","-4,6347041"
29580,29038,1799,Cartama,*Diseminado*,"36,7569449","-4,6243751"
29590,29067,1701,Campanillas,Campanillas,"36,7282429","-4,5315029"
29591,29067,1706,Campanillas,Santa Rosalia-Maqueda,"36,7327392","-4,5676358"
29592,29038,5604,Estacion,Nueva Aljaima-Tres Leguas,"40,463667","-3,74922"
29593,29012,6999,Chorro (El),*Diseminado*,"36,8706637","-4,7381013"
29601,29069,9401,Marbella,Marbella,"36,5135952","-4,8870764"
29602,29069,9401,Marbella,Marbella,"36,5187909","-4,9247074"
29603,29069,9401,Marbella,Marbella,"36,5161592","-4,8572493"
29604,29069,9402,Marbella,Artola,"36,503939","-4,7588042"
29610,29076,1701,Ojen,Ojen,"36,5748213","-4,8728093"
29611,29061,1701,Istan,Istan,"36,5714038","-4,9558696"
29620,29067,2203,Churriana,Cortijo de Maza-El Olivar,"36,6265566","-4,5160396"
29630,29025,1701,Arroyo de la Miel-Benalma,Arroyo de la Miel-Benalma,"36,5807015","-4,5882392"
29631,29025,1701,Arroyo de la Miel-Benalma,Arroyo de la Miel-Benalma,"36,6016622","-4,5497329"
29639,29025,2201,Benalmadena,Benalmadena,"36,5930204","-4,5690038"
29640,29054,1701,Fuengirola,Fuengirola,"36,5691273","-4,6088854"
29647,29070,16703,Calahonda-Chaparral,Chaparral,"40,463667","-3,74922"
29648,29070,16702,Calahonda-Chaparral,Cerros del Aguila,"40,463667","-3,74922"
29649,29070,6999,Entrerrios,*Diseminado*,"36,499864","-4,6855945"
29650,29070,6999,Entrerrios,*Diseminado*,"36,5950741","-4,6347041"
29651,29070,7501,Lagunas (Las),Campo-Mijas,"36,5663156","-4,6812086"
29660,29069,10801,Nueva Andalucia,Nueva Andalucia,"36,5011094","-4,9610649"
29670,29069,13606,San Pedro de Alcantara,Salto del Agua,"36,4890241","-4,9922474"
29679,29023,1701,Artola,Artola,"36,556707","-5,0494602"
29680,29051,6901,Estepona,Estepona,"36,4763312","-5,1640605"
29688,29051,1701,Atalaya-Isdabe,Atalaya-Isdabe,"36,4769286","-5,0234472"
29689,29051,8199,Loma del Monte,*Diseminado*,"36,4438363","-5,1041269"
29690,29041,1701,Casares,Casares,"36,4295337","-5,2475518"
29691,29068,5601,Manilva,Castillo de la Duquesa,"36,3525641","-5,2788926"
29692,29041,2204,Secadero,Secadero,"36,3788764","-5,2945694"
29693,29051,2201,Bahia Dorada,Bahia Dorada,"36,4076364","-5,1927469"
29698,29051,15402,Saladillo-Benamara,Nueva Atalaya,"40,463667","-3,74922"
29700,29094,4399,Cabrillas,*Diseminado*,"36,7691911","-4,1060031"
29710,29079,6901,Periana,Baños de Vilo,"36,9336999","-4,2025859"
29711,29002,1701,Alcaucin,Alcaucin,"36,9158023","-4,100217"
29712,29099,4399,Cortijuelos,*Diseminado*,"36,870722","-4,1616143"
29713,29002,5699,Pilarejo,*Diseminado*,"36,9005214","-4,1539357"
29714,29085,1701,Salares,Salares,"36,8596936","-4,013361"
29715,29087,2201,Sedella,Sedella,"36,8694008","-4,0439995"
29716,29033,1701,Canillas de Aceituno,Canillas de Aceituno,"36,8735524","-4,0797673"
29717,29019,1701,Arenas,Arenas,"40,463667","-3,74922"
29718,29009,1701,Almachar,Almachar,"36,8255843","-4,2230836"
29719,29027,1701,Benamocarra,Benamocarra,"36,8132223","-4,1155596"
29720,29067,5601,Malaga,Araña (La),"36,7155773","-4,3070207"
29730,29082,3801,Rincon de la Victoria,Rincon de la Victoria,"36,7321695","-4,2794935"
29738,29071,1701,Moclinejo,Moclinejo,"36,7651767","-4,2589738"
29740,29094,9401,Torre del Mar,Tomillar (El),"36,7372514","-4,0963821"
29749,29094,1701,Almayate Alto,Almayate Alto,"36,7368738","-4,1462582"
29750,29005,1701,Algarrobo,Algarrobo,"36,7619018","-4,0439995"
29751,29094,6901,Caleta de Velez,Caleta de Velez,"36,7547878","-4,0554936"
29752,29086,2299,Corumbela,*Diseminado*,"36,7847921","-4,0031521"
29753,29016,1701,Archez,Archez,"36,8104688","-4,0388918"
29754,29045,1701,Competa,Competa,"36,8353807","-3,9368439"
29755,29034,1701,Canillas de Albaida,Canillas de Albaida,"36,855519","-3,9776389"
29760,29094,8101,Lagos,Lagos,"36,7521778","-4,013361"
29770,29091,4301,Torrox,Torrox,"36,7349668","-3,964887"
29780,29075,3801,Nerja,Imaroga,"36,7859161","-3,8044831"
29787,29075,2201,Maro,Maro,"36,7547801","-3,8528061"
29788,29053,1701,Frigiliana,Frigiliana,"36,8152204","-3,8960811"
29789,29053,1702,Frigiliana,Molineta (La),"36,7748091","-3,8986279"
29790,29094,3801,Benajarafe,Benajarafe,"36,7243225","-4,1974627"
29791,29066,1701,Benaque,Benaque,"36,7666342","-4,2179584"
29792,29062,1701,Iznate,Iznate,"36,7784721","-4,1872178"
29793,29091,1799,Huit,*Diseminado*,"36,7701901","-3,9572374"
29796,29091,5601,Torrox-Costa,Castillo Bajo-Conejito,"40,463667","-3,74922"
30000,30030,4601499,Casas del Camino Churra,*Diseminado*,"40,463667","-3,74922"
30001,30030,1704,Murcia,Catedral (La),"37,9856424","-1,1287061"
30002,30030,1701,Murcia,Purisima (La)-Barriomar,"37,9796566","-1,1317041"
30003,30030,1704,Murcia,Catedral (La),"37,9850434","-1,1221111"
30004,30030,1704,Murcia,Catedral (La),"37,9822582","-1,1365014"
30005,30030,1711,Murcia,San Andres,"37,9868856","-1,1371011"
30006,30030,1706,Murcia,Fama (La),"37,9971704","-1,0993366"
30007,30030,1703,Murcia,Carmen (El),"38,0077579","-1,0993366"
30008,30030,1706,Murcia,Fama (La),"37,9928939","-1,1317041"
30009,30030,1713,Murcia,San Anton,"37,9887492","-1,1496969"
30010,30030,1701,Murcia,Purisima (La)-Barriomar,"37,970285","-1,1424989"
30011,30030,1702,Murcia,Buenos Aires,"37,9759009","-1,1089244"
30012,30030,1708,Murcia,Infante Juan Manuel,"37,9651726","-1,1233101"
30017,30024,3204999,Cementerio (El),*Diseminado*,"40,463667","-3,74922"
30100,30030,1705,Murcia,Espinardo,"38,0256612","-1,1640968"
30107,30030,2301601,Agridulce,Agridulce,"38,0017725","-1,1712986"
30108,30030,12001,Rincon de Beniscornia,Barca (La),"37,9858418","-1,1761004"
30110,30030,1001401,Cabezo de Torres,Cabezo de Torres,"38,0206956","-1,1305049"
30120,30030,17301,Palmar O Lugar D. Juan,Barrio de la Victoria,"37,9251828","-1,1496969"
30130,30010,1701,Basca (La),Basca (La),"38,0219837","-0,9868468"
30139,30030,3701801,Huerta del Raal,Raal (El),"38,0455311","-1,0179304"
30140,30901,3801,Santomera,Santomera,"38,0847971","-1,0634024"
30148,30901,2201,Matanzas,Almazara (La),"38,1060292","-1,0538252"
30149,30901,4301,Siscar,Siscar,"38,0639832","-1,0251068"
30150,30030,201501,Alberca de Las Torres,Alberca Torres,"37,9385468","-1,1377008"
30151,30030,201501,Alberca de Las Torres,Alberca Torres,"37,949281","-1,1233101"
30152,30030,401301,Aljucer,Aljucer,"37,9569734","-1,1496969"
30153,30030,4301,Carrascoy,Murta (La),"37,8660394","-1,2313618"
30154,30030,1602399,Corvera,*Diseminado*,"37,7768169","-1,1305049"
30155,30030,2201,Baños Y Mendigo,Baños Y Mendigo,"37,8778813","-1,1065272"
30156,30030,9401,Martinez del Puerto (Los),Martinez Puerto (Los),"37,8357937","-1,0681918"
30157,30030,301401,Algezares,Algezares,"37,9334764","-1,1137191"
30158,30030,2107601,Garres (Los),Garres (Los),"37,941845","-1,0681918"
30160,30030,1902001,Era Alta,Era Alta,"38,0209676","-1,1017334"
30161,30030,2801101,Huerta de Llano de Brujas,Huerta Llano Brujas,"38,0027718","-1,065797"
30162,30030,2801199,Huerta de Llano de Brujas,*Diseminado*,"38,0320738","-1,0442502"
30163,30030,1503001,Cobatillas,Barrio de la Aurora,"38,0685367","-1,1065272"
30164,30030,1201201,Cabezo de la Plata,Cabezo la Plata,"37,9637031","-0,9916274"
30165,30030,4101999,Huerta del Rincon de Seca,*Diseminado*,"37,9806892","-1,1616964"
30166,30030,3104001,Ermita de Burgos,Ermita de Burgos,"37,9713626","-1,1676975"
30167,30030,11501,Raya (La),Barrio de Los Caseros,"37,9752032","-1,1809029"
30168,30030,1901599,Casas la Huerta Era Alta,*Diseminado*,"37,9651798","-1,18601"
30169,30030,18901,San Gines,San Gines,"37,9487672","-1,1761004"
30170,30029,9401,Mula,Mula,"37,9890836","-1,5789994"
30176,30032,4301,Pliego,Pliego,"37,9793819","-1,5111806"
30178,30029,1799,Alquibla,*Diseminado*,"37,9379735","-1,4338047"
30179,30030,3801,Barqueros,Barqueros,"37,9441283","-1,3613923"
30180,30012,1701,Bullas,Bullas,"38,0462976","-1,6517812"
30189,30012,2299,Cabezo (El),*Diseminado*,"38,0402477","-1,7052325"
30190,30004,1701,Albudeite,Albudeite,"38,0286183","-1,3806902"
30191,30014,1701,Campos del Rio,Campos del Rio,"38,0500045","-1,3613923"
30192,30014,3802,Rodeo Primero O Huatazale,Urb Campos de Murcia,"38,0477711","-1,3252325"
30193,30029,3801,Baños (Los),Baños (Los),"38,0647777","-1,4531355"
30194,30029,2299,Ardal,*Diseminado*,"38,0951412","-1,5596117"
30195,30015,13601,Archivel,Archivel,"38,1101646","-1,9685826"
30196,30032,4301,Pliego,Pliego,"38,2455581","-2,0763253"
30201,30016,1703,Cartagena,Cartagena,"37,6039332","-0,9880419"
30202,30016,1703,Cartagena,Cartagena,"37,5867941","-0,9677301"
30203,30016,1701,Cartagena,Barriada San Gines,"37,6106974","-0,9748978"
30204,30016,1703,Cartagena,Cartagena,"37,6118995","-0,9904322"
30205,30016,1703,Cartagena,Cartagena,"37,5971265","-1,0059724"
30300,30016,104201,Lomas (Las),Lomas (Las),"37,6292299","-0,9868468"
30310,30016,1601801,Baña (La),Barriada Hispanoamerica,"37,6397133","-1,0059724"
30319,30016,1201299,Medicos (Los),*Diseminado*,"37,6873869","-1,0298918"
30320,30021,201501,Balsapintada,Balsapintada,"37,7286748","-1,1640968"
30330,30016,101601,Albujon,Albujon,"37,7138465","-1,0442502"
30331,30030,8101,Lobosillo,Conesas (Los),"37,7348504","-1,0729818"
30332,30021,201501,Balsapintada,Balsapintada,"37,7504829","-1,1065272"
30333,30021,303501,Cuevas de Reyllo,Cuevas de Reyllo,"37,7916411","-1,2409799"
30334,30021,1003501,Loma (La),Loma (La),"37,6777088","-1,2097291"
30335,30021,311201,Campillo de Abajo,Campillo de Abajo,"37,6851597","-1,2602228"
30338,30021,802401,Canovas,Canovas,"37,7219062","-1,3035514"
30350,30016,801901,Escombreras,Escombreras,"37,5658678","-0,9199773"
30351,30016,401301,Alumbres,Alumbres,"37,6063784","-0,9144596"
30360,30041,2299,Roche,*Diseminado*,"37,6088351","-0,8722801"
30362,30041,303501,Oliveras (Las),Oliveras (Las),"40,463667","-3,74922"
30364,30041,1701,Portman,Portman,"37,5956792","-0,8508345"
30365,30016,208901,Urrutias (Los),Urrutias (Los),"37,5873931","-0,8913523"
30366,30016,201501,Algar (El),Algar (El),"37,6434864","-0,8651303"
30367,30016,1002901,Beatos (Los),Beatos (Los),"37,6619865","-0,8818151"
30368,30016,208901,Urrutias (Los),Urrutias (Los),"37,6941096","-0,8532168"
30369,30016,2103901,Camachos (Los),Camachos (Los),"37,6298417","-0,9104334"
30370,30016,1904101,Cabo de Palos,Cabo de Palos,"37,6312092","-0,7105267"
30379,30035,6902,Mirador (El),Pinos (Los),"40,463667","-3,74922"
30380,30016,402899,Barranco,*Diseminado*,"37,6444716","-0,7176492"
30381,30016,503301,Estrecho S Gines (El),Estrecho S Gines (El),"37,6197572","-0,8341624"
30382,30016,501201,Beal,Beal,"37,6423529","-0,8377344"
30383,30016,1910601,Nietos (Los),Nietos (Los),"37,651823","-0,815117"
30384,30016,1907301,Islas Menores,Islas Menores,"37,6309148","-0,7580342"
30385,30016,1901501,Atamaria,Atamaria,"37,6095598","-0,7675424"
30387,30016,1913499,Sabinar (El),*Diseminado*,"40,463667","-3,74922"
30389,30016,1901502,Atamaria,Urbanizacion Campo Golf,"37,587876","-0,8246386"
30390,30016,301401,Aljorra (La),Aljorra (La),"37,7079645","-1,1065272"
30391,30016,1108701,Pozo Los Palos,Pozo Los Palos,"37,6500248","-1,0442502"
30392,30016,407101,Porche (El),Porche (El),"37,6188962","-0,9486223"
30393,30016,709701,Patojos (Los),Barriada San Jose Obrero,"37,6017325","-1,0873551"
30394,30016,701099,Algameca,*Diseminado*,"37,5968793","-1,0346774"
30395,30016,1005301,Puebla (La),Puebla (La),"37,6454697","-0,9533984"
30396,30016,601199,Arroyos (Los),*Diseminado*,"37,6282173","-1,1017334"
30397,30016,1101399,Carriones (Los),*Diseminado*,"37,6654202","-1,1065272"
30398,30016,601199,Arroyos (Los),*Diseminado*,"37,6435865","-1,1640968"
30399,30016,408701,Vista Alegre,Vista Alegre,"37,6110432","-0,9319103"
30400,30015,4301,Caravaca de la Cruz,Caravaca de la Cruz,"38,1114438","-1,8903882"
30410,30015,1701,Almudema (La),Almudema (La),"37,9845089","-1,8903882"
30411,30015,201599,Campo Coy,*Diseminado*,"37,9156525","-2,0493652"
30412,30015,14101,Barranda,Barranda,"37,9402084","-2,0077316"
30413,30015,5601,Hornico (El),Hornico (El),"38,022849","-2,1253854"
30420,30013,1701,Calasparra,Calasparra,"38,2416598","-1,6566377"
30430,30017,1799,Agua Salada,*Diseminado*,"38,0286632","-1,7733566"
30438,30017,2299,Burete,*Diseminado*,"38,0861686","-1,8172069"
30439,30017,1702,Agua Salada,Virgen de la Peña,"38,1245507","-1,7246856"
30440,30028,2201,Moratalla,Moratalla,"38,2607593","-1,7928402"
30500,30027,11501,Molina de Segura,Molina de Segura,"38,051681","-1,2073261"
30506,30027,14102,Romeral,Altorreal,"38,0626466","-1,1688978"
30507,30027,14101,Romeral,Alcayna (La),"38,0945617","-1,1496969"
30508,30027,13601,Ribera de Molina,Ribera de Abajo,"38,0200329","-1,1977158"
30509,30027,1799,Albarda,*Diseminado*,"38,0887484","-1,2025207"
30510,30043,1799,Campo Abajo,*Diseminado*,"38,6051642","-1,1736994"
30520,30022,1799,Alberquilla (La),*Diseminado*,"38,5186376","-1,4048249"
30528,30022,2201,Alqueria (La),Alqueria (La),"38,5462749","-1,2842887"
30529,30022,3801,Cañada del Trigo,Cañada del Trigo,"38,3477116","-1,1753702"
30530,30019,1799,Almadenes,*Diseminado*,"38,2859203","-1,5015009"
30540,30011,1701,Alto Palomo,Alto Palomo,"38,2144941","-1,2987349"
30550,30002,1701,Abaran,Abaran,"38,192051","-1,4144827"
30559,30002,1701,Abaran,Abaran,"38,2886455","-1,2698475"
30560,30007,1701,Alguazas,Alguazas,"38,0539007","-1,248195"
30561,30007,1701,Alguazas,Alguazas,"38,0614473","-1,2842887"
30562,30018,3801,Ceuti,Ceuti,"38,0825997","-1,2842887"
30563,30018,4301,Torraos (Los),Torraos (Los),"38,095895","-1,2770675"
30564,30025,3801,Lorqui,Lorqui,"38,1040563","-1,2554112"
30565,30038,1799,Campo de Abajo,*Diseminado*,"38,0274986","-1,2433848"
30570,30030,6903,Dolores (Los),Dolores (Los),"37,9787933","-1,0825634"
30579,30030,4902699,Rincon del Gallego,*Diseminado*,"37,9869748","-1,0562193"
30580,30030,501201,Alquerias,Alquerias,"38,0216577","-1,0251068"
30588,30030,5201199,Tabala,*Diseminado*,"38,0112368","-1,0059724"
30589,30030,3801799,Huerta Y Campo Los Ramos,*Diseminado*,"37,9898129","-1,0346774"
30590,30016,1711599,Lomas (Las),*Diseminado*,"37,9109512","-0,9629523"
30591,30037,2201,Balsicas,Balsicas,"37,8234876","-0,9557867"
30592,30030,2601301,Jeronimos Y Avileses,Avileses,"37,8581509","-0,9342973"
30593,30016,1201299,Medicos (Los),*Diseminado*,"37,7092967","-0,9533984"
30594,30016,1706901,Pozo Estrecho,Pozo Estrecho,"37,7089827","-0,9916274"
30600,30009,3801,Archena,Archena,"38,1141046","-1,3035514"
30609,30009,1701,Algaida,Algaida,"38,106362","-1,2866961"
30610,30034,1799,Ainas,*Diseminado*,"38,1495762","-1,4338047"
30611,30031,1799,Alquibla (La),*Diseminado*,"38,1082218","-1,3565692"
30612,30040,1799,Cuesta Blanca,*Diseminado*,"38,172476","-1,2794744"
30613,30042,1799,Agua Amarga,*Diseminado*,"38,082174","-1,3228229"
30620,30020,7501,Fortuna,Fortuna,"38,163574","-1,1161166"
30626,30001,4399,Baños (Los),*Diseminado*,"38,2215046","-1,1305049"
30628,30020,1799,Ajauque,*Diseminado*,"38,1507484","-1,075377"
30629,30020,4399,Carrillos (Los),*Diseminado*,"38,2581035","-1,1640968"
30640,30001,1701,Abanilla,Abanilla,"38,2146564","-1,0131468"
30648,30001,2299,Algarrobo (El),*Diseminado*,"38,2909039","-1,0394635"
30649,30001,10899,Carrillos (Los),*Diseminado*,"38,1956975","-1,0681918"
30700,30037,6999,Hortichuela,*Diseminado*,"37,7518155","-0,9533984"
30708,30037,8101,Jimenado,Jimenado,"37,7724241","-1,0298918"
30709,30037,6999,Hortichuela,*Diseminado*,"37,8150686","-1,0107552"
30710,30037,12001,Santa Rosalia,Santa Rosalia,"37,7471277","-0,8722801"
30720,30035,2201,Calavera (La),Molino Tio Andres,"37,8324359","-0,8246386"
30729,30035,10802,Santiago de la Ribera,Base Aerea,"40,463667","-3,74922"
30730,30035,9401,San Javier,San Javier,"37,8005189","-0,8341624"
30739,30035,4399,Grajuela (La),*Diseminado*,"37,8375057","-0,8579818"
30740,30036,2201,Antolinos (Los),Antolinos (Los),"37,8326953","-0,7865655"
30749,30036,7502,Esperanzas (Las),Esperanzas (Las),"40,463667","-3,74922"
30750,30030,16799,Beniajan,*Diseminado*,"40,463667","-3,74922"
30800,30024,4302,Lorca,Angeles (Los)-Apolonia,"37,7742382","-1,7733566"
30810,30024,3401199,Cañada Hermosa Y Jofre,*Diseminado*,"37,8465728","-1,900155"
30811,30024,6999,Ortillo,*Diseminado*,"37,729931","-1,8903882"
30812,30024,2201,Coy,Coy,"37,9009772","-1,8123324"
30813,30024,502799,Campillo,*Diseminado*,"37,614006","-1,8220818"
30814,30024,1799,Barranco Hondo,*Diseminado*,"37,8597291","-1,7344155"
30815,30024,101601,Alporchones,Guirreta (La),"37,6068491","-1,5789994"
30816,30024,3899,Hinojar,*Diseminado*,"37,702476","-1,5886966"
30817,30024,1101399,Fontanares,*Diseminado*,"37,7053875","-1,7587496"
30818,30024,701099,Cañarejo,*Diseminado*,"37,6561041","-1,6736397"
30820,30005,1701,Alcantarilla,Alcantarilla,"37,9643192","-1,2097291"
30826,30030,10802,Puebla de Soto,Puebla de Soto,"40,463667","-3,74922"
30830,30030,3201399,Molino de Los Casianos,*Diseminado*,"38,0015803","-1,1905094"
30831,30030,2501401,Fabrica de la Polvora,Barrio del Carmen,"37,9881741","-1,2073261"
30832,30030,7501,Javali Nuevo,Javali Nuevo,"37,9985646","-1,2265536"
30833,30030,5699,Casillas (Lugar De) O Erm,*Diseminado*,"37,9193572","-1,2025207"
30834,30024,2401599,Alquerias Y Cermeño,*Diseminado*,"37,9162842","-1,2433848"
30835,30016,1901502,Atamaria,Urbanizacion Campo Golf,"37,9607258","-1,2987349"
30836,30030,10801,Puebla de Soto,Molino de la Olma,"37,9751068","-1,1905094"
30837,30030,3899,Barqueros,*Diseminado*,"37,9770825","-1,2554112"
30840,30008,1701,Alhama de Murcia,Alhama de Murcia,"37,837407","-1,4193124"
30850,30030,4302299,Torre Guil,*Diseminado*,"37,7460074","-1,5111806"
30858,30026,3801,Cañadas del Romero,Cañadas del Romero (Las),"37,7042176","-1,4531355"
30859,30006,1701,Aledo,Aledo,"37,8194627","-1,5789994"
30860,30026,13601,Puerto de Mazarron,Puerto de Mazarron,"37,5612659","-1,2734573"
30868,30016,606399,Escabeas (Los),*Diseminado*,"37,6002233","-1,2409799"
30870,30026,10801,Mazarron,Mazarron,"37,6413162","-1,3758649"
30875,30026,15401,Saladillo,Saladillo (El),"37,6738925","-1,3570245"
30876,30024,2601301,Calnegre Y Los Curas,Curas (Los),"37,5231123","-1,4628042"
30877,30026,12001,Moreras,Bolnuevo,"37,572818","-1,3131861"
30878,30024,1702299,Madroñeras Y El Llano,*Diseminado*,"37,5975729","-1,4724751"
30879,30026,5601,Garrobo,Rusticana,"37,6421869","-1,2987349"
30880,30003,1701,Aguilas,Aguilas,"37,4095401","-1,5838477"
30883,30030,13601,Sangonera Verde O Ermita,Sangonera Verde O Ermita,"40,463667","-3,74922"
30889,30003,101601,Barranco de Los Asensios,Barranco de Los Asensios,"37,4691247","-1,5932389"
30890,30024,401399,Atalaya Y Las Plazas,*Diseminado*,"37,5714132","-1,8220818"
30891,30033,101601,Ermita,Ermita,"37,5176826","-1,851343"
30892,30023,1799,Alamillo (El),*Diseminado*,"37,8967057","-1,3372823"
30893,30024,201501,Almendricos,Almendricos,"37,4867426","-1,7830973"
31001,31201,2201,Pamplona/Iruña,Pamplona/Iruña,"42,8191331","-1,6432837"
31002,31201,2201,Pamplona/Iruña,Pamplona/Iruña,"42,8142568","-1,6432837"
31003,31201,2201,Pamplona/Iruña,Pamplona/Iruña,"42,8100156","-1,641463"
31004,31201,2201,Pamplona/Iruña,Pamplona/Iruña,"42,8119569","-1,6335743"
31005,31201,2201,Pamplona/Iruña,Pamplona/Iruña,"42,8045028","-1,6432837"
31006,31201,2201,Pamplona/Iruña,Pamplona/Iruña,"42,8059123","-1,6299338"
31007,31201,2201,Pamplona/Iruña,Pamplona/Iruña,"42,806837","-1,6505672"
31008,31201,2201,Pamplona/Iruña,Pamplona/Iruña,"42,8102317","-1,6687813"
31009,31201,2201,Pamplona/Iruña,Pamplona/Iruña,"42,8011989","-1,6686872"
31010,31201,2201,Pamplona/Iruña,Pamplona/Iruña,"42,8046611","-1,6809136"
31011,31201,2201,Pamplona/Iruña,Pamplona/Iruña,"42,8164155","-1,6627091"
31012,31201,2201,Pamplona/Iruña,Pamplona/Iruña,"42,819843","-1,6784986"
31013,31016,2201,Ansoain,Ansoain,"42,8395552","-1,6639235"
31014,31201,2201,Pamplona/Iruña,Pamplona/Iruña,"42,8251409","-1,6493532"
31015,31201,2201,Pamplona/Iruña,Pamplona/Iruña,"42,8302933","-1,6299338"
31016,31201,2201,Pamplona/Iruña,Pamplona/Iruña,"42,810995","-1,615375"
31100,31206,1701,Puente la Reina/Gares,Puente la Reina/Gares,"42,7224868","-1,8220818"
31109,31039,1701,Artazu,Artazu,"42,6878916","-1,8464648"
31110,31088,5601,Noain,Noain,"42,7595219","-1,6323607"
31119,31088,3899,Guerendiain,*Diseminado*,"42,7304971","-1,612949"
31130,31161,1701,Mañeru,Mañeru,"42,658397","-1,8562218"
31131,31074,1701,Cirauqui,Cirauqui,"42,6625698","-1,900155"
31132,31257,2201,Villatuerta,Villatuerta,"42,6469949","-1,9539106"
31133,31147,1799,Basongaiz,*Diseminado*,"42,7233989","-1,7636181"
31140,31038,1701,Artajona,Artajona,"42,5864386","-1,7636181"
31150,31167,1701,Mendigorria,Mendigorria,"42,6048039","-1,8415871"
31151,31183,1701,Obanos,Obanos,"42,6644454","-1,7830973"
31152,31180,1701,Muruzabal,Muruzabal,"42,6891179","-1,768487"
31153,31007,1701,Adios,Adios,"42,6797863","-1,7392812"
31154,31018,1701,Añorbe,Añorbe,"42,6457709","-1,7246856"
31160,31906,1701,Orkoien,Orkoien,"42,8268349","-1,7003706"
31170,31131,9401,Iza,Iza,"42,8166478","-1,7295503"
31171,31193,3801,Asiain,Asiain,"42,8355561","-1,768487"
31172,31118,1701,Aizpun,Aizpun,"42,8386492","-1,8806237"
31173,31193,2201,Artazcoz,Artazcoz,"42,8157535","-1,7879685"
31174,31052,1701,Belascoain,Belascoain,"42,781073","-1,8220818"
31175,31120,9401,Izurzu,Izurzu,"42,7801297","-1,8806237"
31176,31120,1701,Arguiñano,Arguiñano,"42,7791553","-1,9392435"
31177,31154,1701,Lezaun,Lezaun,"42,7586283","-1,9979411"
31178,31002,1701,Abarzuza,Abarzuza,"42,7432077","-2,0420152"
31179,31260,6901,Bearin,Bearin,"42,6970192","-2,029768"
31180,31907,1701,Zizur Mayor/Zizur Nagusia,Zizur Mayor/Zizur Nagusia,"42,7879613","-1,6906483"
31190,31076,1701,Astrain,Astrain,"42,7630548","-1,7246856"
31191,31109,1701,Arlegui,Arlegui,"42,7443867","-1,6663523"
31192,31023,1701,Aranguren,Aranguren,"42,7848035","-1,5693045"
31193,31040,301499,Amalain,*Diseminado*,"42,9193093","-1,7052325"
31194,31101,1799,Aderiz,*Diseminado*,"42,8620058","-1,627507"
31195,31902,1701,Aizoain,Aizoain,"42,8608783","-1,7052325"
31200,31097,1701,Estella O Lizarra,Estella O Lizarra,"42,6653735","-2,0224213"
31208,31041,2201,Irache,Irache,"42,6428866","-2,0493652"
31210,31029,1701,Arcos (Los),Arcos (Los),"42,5398299","-2,1941598"
31219,31166,4301,Ubago,Ubago,"42,5978566","-2,2335066"
31220,31219,1701,Sansol,Sansol,"42,5507505","-2,257428"
31227,31063,1701,Cabredo,Cabredo,"42,6130142","-2,4505255"
31228,31008,1701,Aguilar de Codes,Aguilar de Codes,"42,6085595","-2,3500766"
31229,31047,1701,Bargota,Bargota,"42,5425145","-2,3073743"
31230,31251,2201,Viana,Viana,"42,5070947","-2,3616203"
31239,31026,1701,Aras,Aras,"42,5755051","-2,3714901"
31240,31041,1701,Ayegui,Ayegui,"42,6552461","-2,0420152"
31241,31011,3801,Arbeiza,Arbeiza,"42,6591659","-2,0959429"
31242,31255,1701,Villamayor de Monjardin,Villamayor de Monjardin,"42,6244715","-2,120477"
31243,31036,1701,Arroniz,Arroniz,"42,550924","-2,1253854"
31250,31200,1701,Oteiza,Oteiza,"42,5636834","-1,9588007"
31251,31142,1701,Larraga,Larraga,"42,5556637","-1,851343"
31252,31053,1701,Berbinzana,Berbinzana,"42,5215826","-1,83671"
31253,31171,1701,Miranda de Arga,Miranda de Arga,"42,4771944","-1,851343"
31260,31152,1701,Lerin,Lerin,"42,4752471","-1,9685826"
31261,31015,1701,Andosilla,Andosilla,"42,3873271","-1,9392435"
31262,31012,1701,Allo,Allo,"42,5430654","-2,0175242"
31263,31030,1701,Arellano,Arellano,"42,5819174","-2,037116"
31264,31005,1701,Aberin,Aberin,"42,621773","-1,9979411"
31270,31143,1701,Larraona,Larraona,"42,7717577","-2,2572658"
31271,31021,1701,Aranarache,Aranarache,"42,7692178","-2,2187476"
31272,31013,1701,Artaza,Artaza,"42,7561594","-2,1352039"
31280,31001,1701,Abaigar,Abaigar,"42,6630587","-2,1499356"
31281,31014,1701,Ancin,Ancin,"42,6185683","-2,1744993"
31282,31166,1701,Acedo,Acedo,"42,6561904","-2,2531929"
31283,31139,1701,Galbarra,Galbarra,"42,7152263","-2,2335066"
31284,31265,1701,Zuñiga,Zuñiga,"42,6897307","-2,2876645"
31290,31011,1701,Amillano,Amillano,"42,7181741","-2,0763253"
31291,31120,2201,Arzoz,Arzoz,"42,7212223","-1,900155"
31292,31005,2201,Arinzano,Arinzano,"42,6808082","-1,9783666"
31293,31224,1701,Sesma,Sesma,"42,4828112","-2,0959429"
31300,31227,1701,Tafalla,Tafalla,"42,5188472","-1,6955092"
31310,31067,1701,Carcastillo,Carcastillo,"42,3553915","-1,4338047"
31311,31067,2201,Figarol,Figarol,"42,3563281","-1,3565692"
31312,31069,2201,San Isidro del Pinar,San Isidro del Pinar,"42,4370145","-1,3927559"
31313,31179,1701,Murillo El Fruto,Murillo El Fruto,"42,3942489","-1,4724751"
31314,31220,1701,Santacara,Santacara,"42,3932316","-1,5499211"
31315,31178,3801,Traibuenas,Traibuenas,"42,358075","-1,6032464"
31320,31169,3801,Milagro,Milagro,"42,2325963","-1,7636181"
31330,31254,1701,Villafranca,Villafranca,"42,2726198","-1,7246856"
31340,31163,1701,Marcilla,Marcilla,"42,3268658","-1,7198215"
31350,31202,3801,Peralta,Peralta,"42,3502046","-1,8025852"
31360,31107,1701,Funes,Funes,"42,2811266","-1,8123324"
31370,31104,1701,Falces,Falces,"42,4288656","-1,8025852"
31380,31065,1701,Caparroso,Caparroso,"42,3228703","-1,6566377"
31381,31065,2201,Estacion (La),Estacion (La),"42,3796261","-1,6444975"
31382,31164,1701,Melida,Melida,"42,3541453","-1,5305465"
31383,31178,2201,Rada,Rada,"42,313982","-1,5886966"
31390,31191,1701,Olite,Olite,"42,450567","-1,6663523"
31391,31178,1701,Murillo El Cuende,Murillo El Cuende,"42,3921601","-1,627507"
31392,31205,1701,Pitillas,Pitillas,"42,4320188","-1,5886966"
31393,31051,1701,Beire,Beire,"42,4710359","-1,6080974"
31394,31207,1701,Pueyo,Pueyo,"42,5682942","-1,6663523"
31395,31045,1701,Barasoain,Barasoain,"42,5989174","-1,5789994"
31396,31192,1701,Bariain,Bariain,"42,6474611","-1,6080974"
31397,31228,101601,Campanas,Campanas,"42,6890301","-1,6511742"
31398,31056,1701,Olcoz,Olcoz,"42,6857557","-1,6663523"
31400,31216,3801,Sangüesa,Sangüesa,"42,5734628","-1,2602228"
31409,31135,2299,Torre de Peña,*Diseminado*,"42,4945778","-1,2987349"
31410,31261,1799,Leyre,*Diseminado*,"42,6330451","-1,1833043"
31411,31135,1701,Javier,Javier,"42,5985238","-1,2073261"
31412,31059,1701,Burgui,Burgui,"42,7227985","-1,0011902"
31413,31252,1701,Vidangoz,Vidangoz,"42,8105882","-1,0107552"
31414,31113,1701,Garde,Garde,"42,7920248","-0,8961217"
31415,31210,1799,San Martin,*Diseminado*,"42,8061608","-0,9581751"
31416,31245,1701,Urzainqui,Urzainqui,"42,8356567","-0,9295234"
31417,31128,1701,Isaba/Izaba,Isaba/Izaba,"42,9190986","-0,8484524"
31418,31247,1701,Uztarroz/Uztarroze,Uztarroz/Uztarroze,"42,918196","-0,9629523"
31420,31243,1701,Urroz,Urroz,"42,7813903","-1,4579696"
31421,31132,1701,Ardanaz de Izagaondoa,Ardanaz,"42,7282264","-1,4144827"
31422,31237,2201,Artaiz,Artaiz,"42,7323208","-1,4773114"
31430,31019,1701,Aoiz/Agoitz,Aoiz/Agoitz,"42,7869615","-1,3719708"
31438,31028,1799,Arce/Artzi,*Diseminado*,"42,8749223","-1,3855161"
31439,31028,3899,Artozqui/Artozki,*Diseminado*,"42,8758268","-1,3083685"
31440,31159,1701,Lumbier,Lumbier,"42,6513726","-1,2987349"
31448,31241,1799,Adoain,*Diseminado*,"42,7986798","-1,2313618"
31449,31242,1799,Aldunate,*Diseminado*,"42,6702707","-1,3565692"
31450,31181,2201,Navascues,Navascues,"42,7122428","-1,0873551"
31451,31111,1701,Gallues,Gallues,"42,7706697","-1,1065272"
31452,31119,1701,Guesa,Guesa,"42,8100687","-1,0681918"
31453,31095,1701,Esparza de Salazar,Esparza de Salazar,"42,8537239","-1,0921473"
31454,31071,1701,Castillo-Nuevo,Castillo-Nuevo,"42,6814604","-1,2313618"
31460,31009,1701,Aibar,Aibar,"42,5919621","-1,3565692"
31470,31088,1701,Elorz/Elortz,Elorz/Elortz,"42,7066729","-1,5693045"
31471,31172,1701,Monreal,Monreal,"42,7071956","-1,5305465"
31472,31124,6901,Salinas de Ibargoiti,Salinas de Ibargoiti,"42,6830752","-1,5063405"
31473,31124,1799,Abinzano,*Diseminado*,"42,6693333","-1,4338047"
31480,31242,3801,Artieda,Artieda,"42,7145493","-1,332462"
31481,31028,16799,Uli Alto/Uliberri,*Diseminado*,"42,7682162","-1,3372823"
31482,31156,7501,Lerruz,Lerruz,"42,7907775","-1,4869856"
31483,31156,2299,Beortegui,*Diseminado*,"42,8107839","-1,448302"
31484,31156,1799,Señorio de Aguinaga,*Diseminado*,"42,8643437","-1,4531355"
31485,31156,10801,Mendioroz,Mendioroz,"42,8101642","-1,4966619"
31486,31086,1701,Alzuza,Alzuza,"42,8438465","-1,5305465"
31487,31155,1701,Liedena,Liedena,"42,6126468","-1,2602228"
31490,31069,1701,Caseda,Caseda,"42,4742777","-1,3565692"
31491,31103,2201,Moriones,Moriones,"42,6103703","-1,4531355"
31492,31103,1701,Ayesa,Ayesa,"42,566709","-1,4193124"
31493,31110,1701,Gallipienzo,Gallipienzo,"42,4932125","-1,4144827"
31494,31094,1701,Eslava,Eslava,"42,5612635","-1,4628042"
31495,31217,1701,San Martin de Unx,San Martin de Unx,"42,5205061","-1,5789994"
31496,31235,1701,Ujue,Ujue,"42,4822941","-1,5015009"
31500,31232,1701,Tudela,Tudela,"42,1872313","-1,4821482"
31510,31108,1701,Fustiñana,Fustiñana,"42,0395671","-1,4338047"
31511,31062,1701,Cabanillas,Cabanillas,"42,0383222","-1,5305465"
31512,31106,1701,Bocal (El),Bocal (El),"41,998191","-1,5693045"
31513,31032,1701,Arguedas,Arguedas,"42,1959466","-1,5693045"
31514,31249,1701,Valtierra,Valtierra,"42,2148736","-1,627507"
31515,31064,1701,Cadreita,Cadreita,"42,2337626","-1,685788"
31520,31068,1701,Cascante,Cascante,"42,0160673","-1,7052325"
31521,31176,1701,Murchante,Murchante,"42,0364375","-1,6663523"
31522,31173,1701,Monteagudo,Monteagudo,"41,9715601","-1,7003706"
31523,31006,1701,Ablitas,Ablitas,"41,9582863","-1,5886966"
31530,31078,1701,Cortes,Cortes,"41,9402453","-1,4531355"
31540,31057,1701,Buñuel,Buñuel,"41,979899","-1,4531355"
31550,31208,1701,Ribaforada,Ribaforada,"41,9791523","-1,5111806"
31560,31042,1701,Azagra,Azagra,"42,3095809","-1,8806237"
31570,31215,1701,San Adrian,San Adrian,"42,3445893","-1,9226475"
31579,31066,1701,Carcar,Carcar,"42,4063223","-1,9783666"
31580,31157,3801,Lodosa,Lodosa,"42,4045956","-2,0763253"
31587,31165,1799,Imaz,*Diseminado*,"42,4613472","-2,1941598"
31588,31145,1701,Lazagurria,Lazagurria,"42,4950357","-2,2285864"
31589,31223,1701,Sartaguda,Sartaguda,"42,380632","-2,0420152"
31590,31070,1701,Castejon,Castejon,"42,159958","-1,6712104"
31591,31077,1701,Corella,Corella,"42,1138199","-1,7830973"
31592,31072,1701,Cintruenigo,Cintruenigo,"42,0739658","-1,8025852"
31593,31105,1701,Fitero,Fitero,"42,0532486","-1,8611011"
31600,31060,1701,Burlada/Burlata,Burlada/Burlata,"42,8256236","-1,615375"
31610,31258,1701,Villava O Atarrabia,Villava O Atarrabia,"42,8318028","-1,6093103"
31620,31086,11501,Gorraiz,Gorraiz,"42,8285003","-1,5838477"
31621,31086,16701,Sarriguren,Sarriguren,"42,8112662","-1,5959709"
31630,31098,19299,Osteritz,*Diseminado*,"42,9270826","-1,4966619"
31638,31092,203699,Kintoa / Quinto Real,*Diseminado*,"42,9998309","-1,5111806"
31639,31092,201501,Zilbeti,Zilbeti,"43,0391915","-1,4724751"
31640,31058,1701,Auritz / Burguete,Auritz / Burguete,"42,987464","-1,332462"
31650,31211,1701,Orreaga / Roncesvalles,Orreaga / Roncesvalles,"43,0169504","-1,3035514"
31660,31248,5601,Luzaide/Valcarlos,Luzaide/Valcarlos,"43,0410682","-1,3180042"
31669,31248,1799,Azoleta,*Diseminado*,"43,0405889","-1,3302282"
31670,31195,1799,Orbaitzetako Ola / Fabric,*Diseminado*,"43,0032745","-1,2217459"
31671,31033,1701,Aria,Aria,"42,9593693","-1,2361706"
31680,31185,1799,Idaibea,*Diseminado*,"42,9561012","-1,0777723"
31689,31133,1701,Izalzu/Itzaltzu,Izalzu/Itzaltzu,"42,9321728","-1,0346774"
31690,31093,1701,Ezcaroz/Ezkaroze,Ezcaroz/Ezkaroze,"42,8929668","-1,0634024"
31691,31134,1701,Jaurrieta,Jaurrieta,"42,8873136","-1,1448981"
31692,31003,1701,Abaurregaina / Abauurea A,Abaurregaina / Abaurrea A,"42,9059994","-1,2217459"
31693,31115,1701,Garralda,Garralda,"42,944087","-1,2987349"
31694,31092,4301,Aurizberri / Espinal,Aurizberri / Espinal,"42,98701","-1,3710402"
31695,31092,301401,Mezkiritz,Mezkiritz,"42,9769388","-1,3999969"
31696,31092,5601,Lintzoain,Lintzoain,"43,0204952","-1,4144827"
31697,31092,1701,Aintzioa,Aintzioa,"42,9230181","-1,4338047"
31698,31098,3899,Akerreta,*Diseminado*,"42,9023001","-1,5305465"
31699,31092,8199,Larraingoa,*Diseminado*,"42,8611564","-1,5715184"
31700,31050,21301,Elbete,Elbete,"43,1312975","-1,4773114"
31710,31264,1799,Azkar,*Diseminado*,"43,2659259","-1,5450766"
31711,31239,1701,Alkerdi,Alkerdi,"43,2759794","-1,5160212"
31712,31239,2201,Dantxarinea,Dantxarinea,"43,2893788","-1,5075505"
31713,31050,101699,Aintzialde(Arizkun),*Diseminado*,"43,1698043","-1,4966619"
31714,31050,501201,Erratzu,Erratzu,"43,2239697","-1,4241426"
31715,31050,30401,Amaiur / Maya,Amaiur / Maya,"43,2129239","-1,5305465"
31720,31050,801901,Mugairi(Oronoz),Mugairi,"43,1537669","-1,6080974"
31730,31050,27101,Irurita,Irurita,"43,0969196","-1,5111806"
31740,31221,1701,Doneztebe/Santesteban,Doneztebe/Santesteban,"43,1383308","-1,6712104"
31744,31087,1701,Elgorriaga,Elgorriaga,"43,1380462","-1,6906483"
31745,31129,1701,Aurtitz,Aurtitz,"43,1376128","-1,7198215"
31746,31263,1799,Ameztia,*Diseminado*,"43,127331","-1,7587496"
31747,31213,1701,Saldias,Saldias,"43,0882441","-1,7782267"
31748,31090,1701,Eratsun,Eratsun,"43,1071848","-1,8074586"
31749,31102,1701,Ezkurra,Ezkurra,"43,0920953","-1,8415871"
31750,31081,3801,Donamaria,Bentak Auzoa,"43,0947724","-1,6663523"
31751,31187,1701,Oitz,Oitz,"43,1089643","-1,6906483"
31752,31244,1701,Urrotz,Urrotz,"43,0892792","-1,710095"
31753,31137,1701,Beintza-Labaien,Beintza,"43,0742142","-1,7441475"
31754,31024,1701,Arano,Arano,"43,1797808","-1,8123324"
31760,31082,1701,Etxalar,Etxalar,"43,2309408","-1,627507"
31770,31153,2201,Biurrana,Biurrana,"43,2485708","-1,7441475"
31780,31250,8101,Bera,Bera,"43,2883907","-1,6663523"
31789,31153,1799,Alkaiaga,*Diseminado*,"43,274478","-1,7088793"
31790,31022,1701,Arantza,Arantza,"43,1971769","-1,7248284"
31791,31226,1701,Sunbilla,Sunbilla,"43,1673959","-1,6712104"
31792,31054,101699,Zeberi,*Diseminado*,"43,1195037","-1,6323607"
31793,31054,201501,Narbarte,Narbarte,"43,1388898","-1,6323607"
31794,31050,201501,Arraioz,Arraioz,"43,1495254","-1,5644578"
31795,31050,702501,Lekaroz,Lekaroz,"43,1734072","-1,5576315"
31796,31050,3801,Almandoz,Almandoz,"43,0668999","-1,5789994"
31797,31236,1701,Alkotz,Alkotz,"43,0264033","-1,6955092"
31798,31017,1701,Aritzu,Aritzu,"42,9793447","-1,5886966"
31799,31101,2299,Anoz,*Diseminado*,"42,9201601","-1,6469253"
31800,31010,1701,Altsasu/Alsasua,Altsasu/Alsasua,"42,9113833","-2,1744993"
31809,31073,1701,Ziordia,Ziordia,"42,8911627","-2,2138289"
31810,31044,1701,Bakaiku,Bakaiku,"42,9121206","-2,1352039"
31820,31084,1701,Etxarri-Aranatz,Etxarri-Aranatz,"42,9323057","-2,0959429"
31829,31091,1701,Lizarraga,Lizarraga,"42,8753021","-2,0175242"
31830,31138,1701,Lakuntza,Lakuntza,"42,9287592","-2,0224213"
31839,31027,1701,Arbizu,Arbizu,"42,9381416","-2,0420152"
31840,31037,1701,Arruazu,Arruazu,"42,9343913","-1,9783666"
31849,31025,9499,Murgindueta,*Diseminado*,"42,9108124","-1,9343555"
31850,31025,11501,Satrustegi,Satrustegi,"42,91625","-1,900155"
31860,31904,1701,Irurtzun,Irurtzun,"42,9247755","-1,8245195"
31866,31049,1799,Aizarotz,*Diseminado*,"43,0252275","-1,7733566"
31867,31025,1701,Aizkorbe,Aizkorbe,"42,9579357","-1,7246856"
31868,31025,2201,Ekai,Ekai,"42,89742","-1,8611011"
31869,31049,5601,Itsaso,Itsaso,"42,9567395","-1,8025852"
31870,31908,1701,Lekunberri,Lekunberri,"43,0085475","-1,9050391"
31876,31031,1701,Areso,Areso,"43,0756873","-1,9539106"
31877,31144,1701,Albiasu,Albiasu,"43,0375223","-1,9148091"
31878,31144,2201,Aldatz,Aldatz,"43,0141255","-1,8611011"
31879,31144,3801,Alli,Alli,"42,9746138","-1,900155"
31880,31149,1799,Arkiskil,*Diseminado*,"43,1010006","-1,8903882"
31890,31055,1701,Betelu,Betelu,"43,017106","-1,9734743"
31891,31020,3801,Azkarate,Azkarate,"43,0506682","-1,9979411"
31892,31131,2201,Aldaba,Aldaba,"42,8791805","-1,7830973"
32001,32054,1701,Ourense,Ourense,"42,3546114","-7,8667182"
32002,32008,402801,Finca Fierro,Finca Fierro,"42,3342916","-7,8776023"
32003,32054,1701,Ourense,Ourense,"42,341251","-7,8653578"
32004,32054,1701,Ourense,Ourense,"42,3372815","-7,8340757"
32005,32008,605001,Fonsillon (O),Fonsillon (O),"42,3233666","-7,8585562"
32100,32026,201501,Penas Albas,Penas Albas,"42,394479","-7,8558357"
32101,32087,201501,Agro Maior,Agro Maior,"42,4853981","-7,883045"
32102,32087,101601,Boimorto,Boimorto,"42,4226776","-7,9075423"
32103,32054,1701,Ourense,Ourense,"42,3709749","-7,8599164"
32110,32055,301401,Figueiredo,Figueiredo,"29,5071961","-81,3095106"
32111,32055,404901,Neboeiro,Neboeiro,"42,2866506","-7,7145152"
32120,32059,101699,Codesedo,*Diseminado*,"42,4831388","-7,8449549"
32130,32076,201501,Cea,Cea,"42,4755835","-7,9892605"
32131,30024,3405001,Zarcilla de Ramos,Zarcilla de Ramos,"40,463667","-3,74922"
32133,32076,101601,Anllo,Anllo,"40,463667","-3,74922"
32134,32076,301401,Ardesende,Ardesende,"40,463667","-3,74922"
32135,32061,201501,Casfigueiro,Casfigueiro,"42,4954791","-7,9838097"
32136,32076,702501,Aspera,Aspera,"42,5393928","-7,9483898"
32137,32061,101601,Arenteiriño,Arenteiriño,"42,5115956","-7,9974374"
32138,32061,301401,Canices,Canices,"42,5288021","-8,0301544"
32139,32076,202001,Fondo de Cea,Fondo de Cea,"42,4612831","-8,0192471"
32140,32087,601199,Arbor,*Diseminado*,"42,4403373","-7,8993756"
32141,32076,601101,Agra,Agra,"42,4613516","-7,9483898"
32150,32059,406501,Diarada,Diarada,"42,4508308","-7,8177601"
32151,32059,601199,Andelo,*Diseminado*,"42,4756126","-7,8123224"
32152,32026,501201,Lavandeira,Lavandeira,"42,4245466","-7,8449549"
32153,32026,101601,Bergaza,Bergaza,"42,424179","-7,8680786"
32160,32052,604701,Requeixo,Requeixo,"42,3943224","-7,7145152"
32161,32052,201599,Cimadevila,*Diseminado*,"42,3808662","-7,7688358"
32162,32052,901899,Acevedo,*Diseminado*,"42,4266416","-7,7063707"
32163,32052,707899,Sobrado,*Diseminado*,"40,463667","-3,74922"
32164,32052,403401,Cerreda,Cerreda,"42,3843896","-7,6439611"
32170,32002,201501,Amoeiro,Amoeiro,"42,4064932","-7,9647353"
32171,32002,101601,Abruciños,Abruciños,"40,463667","-3,74922"
32172,32002,801901,Albeiros,Albeiros,"42,3877035","-7,9538378"
32200,32027,201501,Cortegada,Cortegada,"42,2085092","-8,1693666"
32211,32027,301401,Louredo,Louredo,"42,2203331","-8,1065516"
32212,32033,101699,Agrufeixe,*Diseminado*,"42,1765806","-8,101092"
32213,32027,101601,Abelenda,Abelenda,"42,209679","-8,1529749"
32220,32056,525701,Pontebarxas,Pontebarxas,"40,463667","-3,74922"
32226,32056,202001,Amean,Amean,"42,1387332","-8,1502433"
32227,32056,602601,Entrosrrios,Entrosrrios,"42,1304679","-8,1283942"
32228,32056,217101,San Roque de Crespos,San Roque de Crespos,"42,0949184","-8,1447804"
32229,32056,503301,Azoreira,Azoreira,"42,116751","-8,1830291"
32235,32064,101601,Abelleira,Abelleira,"42,1655892","-8,1376686"
32236,32056,102101,Condado (O),Condado (O),"42,1568082","-8,1720989"
32300,32009,201501,Barco (O),Barco (O),"42,419314","-6,9826614"
32310,32073,901801,Trambasaugas,Trambasaugas,"42,4630032","-6,9477532"
32311,32073,101601,Barrio de Cascalla (O),Barrio de Cascalla (O),"42,451904","-6,8887202"
32312,32073,401301,Oulego,Oulego,"42,4897123","-6,9101806"
32313,32009,501201,Entoma,Entoma,"40,463667","-3,74922"
32314,32009,101601,Alixo,Alixo,"42,3834297","-6,969233"
32315,32009,401301,Cesures,Cesures,"42,4003833","-7,0122134"
32316,32088,101601,Arcos,Arcos,"40,463667","-3,74922"
32317,32009,701001,Xagoaza,Xagoaza,"42,4277842","-7,0041525"
32318,32009,1799,Reporicelo,*Diseminado*,"42,4603874","-6,9907197"
32320,32073,701001,Quereño,Quereño,"42,4303439","-6,84046"
32329,32017,802401,Pumares,Pumares,"42,4505476","-6,8297403"
32330,32017,1401001,Sobradelo,Sobradelo,"42,4166967","-6,9048148"
32334,32017,1701701,Viladequinta,Viladequinta,"42,3896061","-6,8873791"
32335,32017,201501,Bascois,Bascois,"40,463667","-3,74922"
32336,32017,401301,Casoio,Casoio,"42,3265529","-6,8565427"
32337,32017,301401,Casaio,Casaio,"42,3604194","-6,7815237"
32338,32017,101601,Candeda,Candeda,"42,4082023","-6,8833562"
32339,32017,1201201,Medua (A),Medua (A),"40,463667","-3,74922"
32340,32088,1101301,Vilamartin de Valdeorras,Vilamartin de Valdeorras,"42,4023027","-7,0605998"
32348,32088,301401,Cernego,Cernego,"42,4609861","-7,0605998"
32349,32088,501201,Correxais,Correxais,"40,463667","-3,74922"
32350,32072,201501,Rua de Valdeorras (A),Rua de Valdeorras (A),"42,3937437","-7,1197867"
32356,32060,101699,Casasola,*Diseminado*,"42,3757761","-7,1332456"
32357,32015,1401001,Seixo (O),Seixo (O),"42,4178701","-7,1251699"
32358,32038,201501,Larouco,Larouco,"42,3616879","-7,1628647"
32359,32072,101601,Roblido,Roblido,"40,463667","-3,74922"
32360,32083,2701201,Veiga (A),Veiga (A),"42,250096","-7,0256505"
32365,32083,1201201,Xares,Xares,"42,2363238","-6,8887202"
32366,32083,901801,Curra,Curra,"42,2821568","-6,9423844"
32367,32083,201501,Candeda,Candeda,"40,463667","-3,74922"
32368,32083,301401,Carracedo,Carracedo,"42,3069951","-7,0175879"
32369,32083,101601,Baños,Baños,"42,2311275","-6,974604"
32370,32038,101601,Caseta (A),Caseta (A),"42,3663786","-7,0874964"
32371,32038,301401,Portela (A),Portela (A),"42,3418353","-7,1278617"
32372,32015,1701,Outardepregos,Outardepregos,"42,326528","-7,0982581"
32373,32015,101601,Bolo (O),Bolo (O),"42,2834107","-7,0821162"
32374,32015,201501,Buxan,Buxan,"40,463667","-3,74922"
32375,32015,801901,Ermidas (As),Ermidas (As),"42,2401527","-7,1467072"
32400,32069,601101,Ribadavia,Ribadavia,"42,288847","-8,1420491"
32410,32046,101601,Cima de Vila,Cima de Vila,"42,265251","-8,2322355"
32411,32046,107401,Melon,Melon,"42,2901251","-8,2267665"
32412,32018,401301,Carballeda de Avia (Capit,Carballeda de Avia,"42,3210588","-8,2048946"
32413,32018,801901,Fermosas (As),Fermosas (As),"42,3166548","-8,1639023"
32414,32069,801901,Quinza (A),Quinza (A),"40,463667","-3,74922"
32415,32069,101601,Santo Andre,Santo Andre,"42,3182893","-8,1065516"
32416,32018,402801,Costeira (A),Costeira (A),"42,3053955","-8,1502433"
32417,32003,101601,Bacelo,Bacelo,"42,2481884","-8,1283942"
32418,32069,901801,Francelos,Francelos,"42,2998034","-8,1256635"
32420,32040,501299,Agra (A),*Diseminado*,"42,295516","-8,185762"
32425,32040,101601,Beran,Beran,"42,3520641","-8,1475118"
32426,32040,601101,Cortes (As),Cortes (As),"42,3602829","-8,1693666"
32427,32040,401399,Eira de Mouros,*Diseminado*,"40,463667","-3,74922"
32428,32040,301499,Valboa,*Diseminado*,"42,382864","-8,1611703"
32429,32040,201501,Cubilledo,Cubilledo,"42,3792263","-8,1092816"
32430,32022,101601,Astariz,Astariz,"42,2972894","-8,0574299"
32431,32010,101601,Beade,Beade,"42,326524","-8,1283942"
32432,32010,201501,Regadas (As),Regadas (As),"42,3377818","-8,1420491"
32433,32018,101601,Abelenda,Abelenda,"42,3466905","-8,1884949"
32434,32018,201501,Balde,Balde,"40,463667","-3,74922"
32440,32059,308899,Baldomar,*Diseminado*,"42,4534613","-7,7342016"
32448,32052,301401,Almorfe,Almorfe,"42,4207097","-7,7579683"
32449,32059,301499,Airoa de Beacan,*Diseminado*,"42,4402517","-7,7579683"
32450,32025,1001401,Barca de Barbantes (A),Barca de Barbantes (A),"42,3417614","-8,0165205"
32452,32065,303501,Rubias,Rubias,"42,3537983","-8,0192471"
32453,32074,301401,Eiras,Eiras,"42,3620463","-8,0410634"
32454,32025,101601,Cenlle,Cenlle,"42,3484147","-8,0956328"
32455,32074,201501,Casar Do Mato,Casar Do Mato,"42,3740204","-8,0792577"
32456,32034,701001,Erosa,Erosa,"42,3838986","-8,0083414"
32457,32065,101601,Barbantes,Barbantes,"42,3701684","-8,0124308"
32459,32025,309101,Laias,Laias,"42,3334665","-8,0301544"
32499,32048,401301,Esculqueira (A),Esculqueira (A),"40,463667","-3,74922"
32500,32019,201501,Arcos,Arcos,"42,435282","-8,0765288"
32510,32019,103799,Saa,Diseminado,"42,449988","-8,0410634"
32511,32019,101601,Granxa (A),Granxa (A),"40,463667","-3,74922"
32512,32013,201501,Batallas,Batallas,"42,4445864","-8,1174721"
32513,32019,701099,Enfesta,Diseminado,"40,463667","-3,74922"
32514,32013,109301,Salon,Salon,"42,4279969","-8,1447804"
32515,32019,1101301,Aguisar,Aguisar,"42,4078417","-8,0847156"
32516,32019,301401,Banga,Banga,"42,4160644","-8,1065516"
32520,32004,101601,Abelenda,Abelenda,"42,4275394","-8,2869478"
32521,32013,306699,Riande,*Diseminado*,"42,4684075","-8,193961"
32522,32013,801901,Balboa,Balboa,"42,4625547","-8,1393179"
32523,32013,501201,Cardelle,Cardelle,"42,4428311","-8,2103619"
32524,32013,1301101,Fonte Moreiras,Fonte Moreiras,"40,463667","-3,74922"
32525,32013,701001,Xendive,Xendive,"40,463667","-3,74922"
32526,32013,1504501,Sonelle,Sonelle,"42,4774862","-8,1693666"
32530,32013,1505801,Regueiro,Regueiro,"42,5339291","-8,0956328"
32534,32019,801999,Barro,Diseminado,"42,4469084","-8,0847156"
32535,32035,201501,Cangues,Cangues,"42,4708454","-8,1256635"
32536,32035,601101,Bugalleira,Bugalleira,"42,4933785","-8,1174721"
32537,32035,301401,Casares (Os),Casares (Os),"42,5060638","-8,1447804"
32538,32035,1001401,Xirei,Xirei,"40,463667","-3,74922"
32539,32035,701001,Carballeda,Carballeda,"42,5224374","-8,1884949"
32540,32034,401301,Gudiña (A),Gudiña (A),"42,0592721","-7,1305536"
32545,32034,101601,Barxa,Barxa,"41,9875999","-7,1736385"
32546,32034,501201,Parada Da Serra,Parada Da Serra,"42,0413019","-7,2598913"
32547,32034,201501,Canizo (O),Canizo (O),"42,0604941","-7,1898025"
32548,32048,101601,Cadavos,Cadavos,"42,0080807","-7,0821162"
32549,32048,601101,Mezquita (A),Mezquita (A),"42,0120491","-7,0175879"
32550,32086,3201301,Viana Do Bolo,Viana Do Bolo,"42,1812857","-7,1063305"
32554,32086,201501,Caldesiños,Caldesiños,"42,1590048","-7,1090215"
32555,32086,3301201,Ermida (A),Ermida (A),"42,1026517","-7,0659783"
32556,32086,401301,Covelo,Covelo,"42,2035573","-7,1036396"
32557,32086,601199,Ardexarxe,*Diseminado*,"42,2008784","-7,1467072"
32558,32086,301401,Cepedelo,Cepedelo,"42,1590672","-7,0283383"
32560,32086,1601801,Pradocabalos,Pradocabalos,"42,1295053","-7,1090215"
32562,32086,101601,Bembibre,Bembibre,"42,1208968","-7,1682514"
32563,32086,1401001,Bouza,Bouza,"40,463667","-3,74922"
32570,32045,603201,Maside,Maside,"42,4147048","-8,0219738"
32572,32045,101601,Agro de Quinta,Agro de Quinta,"40,463667","-3,74922"
32574,32019,1304701,Groba,Groba,"42,4042101","-7,9974374"
32575,32045,102101,Aldeiñas,Aldeiñas,"42,4073529","-8,0396996"
32576,32045,604701,Negrelle,Negrelle,"40,463667","-3,74922"
32577,32045,208901,Touza,Touza,"42,4387834","-7,991986"
32578,32045,408701,Reviñas,Reviñas,"40,463667","-3,74922"
32579,32045,301401,Bolo,Bolo,"40,463667","-3,74922"
32590,32048,902301,Vilavella (A),Vilavella (A),"40,463667","-3,74922"
32591,32021,101601,Campobecerros,Campobecerros,"40,463667","-3,74922"
32592,32007,501299,Gaspar,*Diseminado*,"40,463667","-3,74922"
32593,32054,102199,Alen,*Diseminado*,"40,463667","-3,74922"
32600,32085,201501,Cabreiroa,Cabreiroa,"41,9316334","-7,4327273"
32610,32071,101601,Castrelo de Abaixo,Castrelo de Abaixo,"41,9775801","-7,2544973"
32611,32050,701001,Monterrei,Monterrei,"41,9734629","-7,3192542"
32612,32021,701001,Monteveloso,Monteveloso,"41,9541622","-7,3894772"
32613,32053,101601,Bouses,Bouses,"41,8607415","-7,5355555"
32614,32091,601101,Bemposta (A),Bemposta (A),"40,463667","-3,74922"
32615,32085,101601,Abedes,Abedes,"41,9371003","-7,4624776"
32616,32091,101601,Arzadegos,Arzadegos,"41,8761326","-7,2976617"
32617,32091,201501,Arzoa,Arzoa,"41,9128794","-7,3408535"
32618,32050,101601,Albarellos,Albarellos,"41,9411395","-7,5138947"
32619,32085,701001,Pazos,Pazos,"41,9724906","-7,4110988"
32620,32039,402801,Correchouso,Correchouso,"42,0411155","-7,4922407"
32621,32039,201501,Camba,Camba,"42,0952561","-7,4165053"
32622,32039,101601,Albergueria (A),Albergueria (A),"42,0896182","-7,5030669"
32623,32039,701001,Matama,Matama,"40,463667","-3,74922"
32624,32021,401301,Nocedo Do Val,Nocedo Do Val,"41,9834158","-7,4705935"
32625,32021,201501,Castrelo Do Val,Castrelo Do Val,"42,0020641","-7,4110988"
32626,32021,601101,Pepin,Pepin,"42,0614541","-7,330053"
32630,32032,2002401,Xinzo de Limia,Xinzo de Limia,"42,060078","-7,725376"
32631,32032,101601,Boado,Boado,"42,0915828","-7,6222665"
32632,32005,201501,Baltar,Baltar,"41,967615","-7,7090854"
32633,32005,101601,Quinta (A),Quinta (A),"41,9252399","-7,7525352"
32634,32012,101601,Aguis,Aguis,"41,9829193","-7,7742702"
32635,32032,301401,Damil,Damil,"42,038191","-7,7579683"
32636,32032,1201201,Morgade,Morgade,"42,1083532","-7,6656625"
32637,32032,401301,Faramontaos,Faramontaos,"42,0046551","-7,6710889"
32640,32032,201501,Cima de Ribeira,Cima de Ribeira,"42,0261328","-7,7905758"
32641,32062,304099,Telladas,*Diseminado*,"42,0390455","-7,8177601"
32643,32062,101601,Reboreda,Reboreda,"42,0163775","-7,8612767"
32644,32016,101601,Calvos,Calvos,"41,994365","-7,8231982"
32645,32016,201501,Castelaus,Castelaus,"42,0117611","-7,8028074"
32646,32005,601101,Meaus,Meaus,"41,9087098","-7,8503951"
32647,32016,401301,Golpellas,Golpellas,"40,463667","-3,74922"
32648,32016,301401,Feas,Feas,"41,9572696","-7,8612767"
32650,32090,202001,Casas Da Veiga (As),Casas Da Veiga (As),"42,0745957","-7,8014482"
32651,32090,101601,Breixome de Abaixo,Breixome de Abaixo,"42,113184","-7,8123224"
32652,32067,601101,Aldea Do Muiño,Aldea Do Muiño,"42,0965795","-7,8395151"
32653,32067,101601,Candas,Candas,"40,463667","-3,74922"
32654,32067,201501,Congostro,Congostro,"42,0557467","-7,8612767"
32655,32067,301401,Azureiros,Azureiros,"42,1358911","-7,8395151"
32660,32001,301401,Allariz,Allariz,"42,1902306","-7,79873"
32664,32001,304001,Outeiro de Orraca,Outeiro de Orraca,"42,2182128","-7,8558357"
32665,32001,1799,Campelo,*Diseminado*,"42,1706376","-7,8340757"
32666,32001,202001,Guimaras,Guimaras,"42,1441448","-7,7905758"
32667,32001,201501,Aira Vella,Aira Vella,"42,1849023","-7,7688358"
32668,32001,101601,Armea,Armea,"42,2234146","-7,7797049"
32669,32001,302999,Frieira (A),*Diseminado*,"42,2143915","-7,8041666"
32670,32036,504801,Xunqueira de Ambia,Xunqueira de Ambia,"42,2041028","-7,7389543"
32678,32036,201501,Areas,Areas,"42,2158165","-7,7471025"
32679,32036,101601,Abeleda (A),Abeleda (A),"42,1658564","-7,6873706"
32680,32028,101601,Atas,Atas,"42,0322804","-7,5518056"
32688,32028,501201,Xironda,Xironda,"41,932536","-7,6439611"
32689,32028,301401,Carzoa,Carzoa,"41,9777343","-7,5572231"
32690,32001,3899,Venta Do Rio,*Diseminado*,"42,2400634","-7,8231982"
32691,32079,101699,Casanova,*Diseminado*,"42,258926","-7,8340757"
32692,32077,101601,Cerredelo,Cerredelo,"42,1380059","-7,7362384"
32693,32077,201501,Arcos,Arcos,"42,1025034","-7,7525352"
32694,32082,101601,Abavides,Abavides,"40,463667","-3,74922"
32695,32082,201599,Casas,*Diseminado*,"42,0310905","-7,6439611"
32696,32078,501201,Lodoselo,Lodoselo,"42,0536672","-7,6005786"
32697,32085,601101,Mourazos,Mourazos,"41,8494425","-7,4056928"
32698,32053,501201,Rabal,Rabal,"41,8450468","-7,4354313"
32699,32085,301401,Feces de Abaixo,Feces de Abaixo,"41,8149406","-7,423264"
32700,32043,705901,Maceda,Maceda,"42,268791","-7,6520984"
32701,32007,302901,Baños de Molgas,Baños de Molgas,"42,2262061","-7,6656625"
32702,32007,1799,Penouzos,*Diseminado*,"42,1745224","-7,5572231"
32703,32043,701001,Casonel,Casonel,"42,2895705","-7,6710889"
32704,32007,101601,Almoite,Almoite,"42,2278281","-7,7145152"
32705,32007,1304799,Milagres Do Medo (Os),*Diseminado*,"42,1958394","-7,606"
32706,32043,201501,Castro de Escuadro,Castro de Escuadro,"42,2319846","-7,5788975"
32707,32043,401399,Vascos,*Diseminado*,"42,2692857","-7,596776"
32708,32037,107499,Veigacha,*Diseminado*,"42,2939156","-7,606"
32710,32058,401301,Cachamuiña,Cachamuiña,"42,3387694","-7,8123224"
32711,32058,501201,Agra,Agra,"42,3688652","-7,8014482"
32720,32031,101699,Alto Do Couso,*Diseminado*,"42,34088","-7,7090854"
32730,32037,104201,Paradela,Paradela,"42,3256695","-7,6439611"
32740,32057,502701,Fondo de Vila,Fondo de Vila,"42,3849037","-7,5626411"
32746,32057,902301,San Lourenzo,San Lourenzo,"40,463667","-3,74922"
32747,32057,201599,Casalta (A),*Diseminado*,"42,3765508","-7,5409718"
32748,32057,202099,Espiñas,*Diseminado*,"42,3510125","-7,5572231"
32749,32057,101601,Caxide,Caxide,"42,3827495","-7,5951577"
32750,32049,401399,Ferreria (A),*Diseminado*,"42,2376895","-7,4922407"
32751,32049,501299,Acevedo (O),*Diseminado*,"40,463667","-3,74922"
32760,32023,401301,Castro de Caldelas (O) (C,Castro de Caldelas (O),"42,3752513","-7,4110988"
32764,32023,101699,Casanova,*Diseminado*,"42,3934173","-7,4327273"
32765,32080,201501,Boazo,Boazo,"42,3710291","-7,4760047"
32766,32023,102199,Casbeado,*Diseminado*,"42,4014585","-7,3840729"
32767,32029,801901,Drados,Drados,"42,3172007","-7,4002872"
32768,32023,302999,Montemiao,*Diseminado*,"42,2825498","-7,4056928"
32769,32023,201501,Burgo (O),Burgo (O),"42,3399367","-7,4273195"
32770,32070,702501,Alenza (A),Alenza (A),"42,3633086","-7,2922646"
32774,32023,1201201,Campo (O),Campo (O),"42,3905719","-7,448277"
32779,32070,101601,Acevido,Acevido,"42,4056228","-7,3192542"
32780,32063,1001401,Pena Petada,Pena Petada,"42,3386077","-7,2571943"
32781,32044,206799,Mata (A),*Diseminado*,"42,30864","-7,2275336"
32782,32044,409099,Escourido,*Diseminado*,"42,2785471","-7,2383178"
32783,32044,601101,Placin,Placin,"40,463667","-3,74922"
32784,32044,301402,Manzaneda,Poblado (El),"42,2630005","-7,1736385"
32785,32044,101601,Cernado,Cernado,"42,2543657","-7,2329255"
32786,32029,501201,Celeiros,Celeiros,"42,2159736","-7,3732655"
32787,32029,301401,Casteligo,Casteligo,"42,2867262","-7,3408535"
32788,32063,101601,Barrio,Barrio,"42,3646817","-7,2706807"
32789,32063,401301,Cotaros,Cotaros,"42,3163929","-7,2598913"
32790,32043,404999,Currelo (O),*Diseminado*,"42,2922477","-7,5572231"
32791,32052,101601,Armariz,Armariz,"42,3601183","-7,7321648"
32792,32058,105501,Reboredo,Reboredo Nucleo,"42,3168883","-7,7742702"
32793,32031,701001,Cabalgada (A),Cabalgada (A),"42,3439408","-7,7362384"
32794,32023,1302601,Penelas,Penelas,"42,3455154","-7,3408535"
32800,32024,904401,Celanova,Celanova,"42,1548222","-7,956562"
32810,32068,301401,Freas de Eiras,Freas de Eiras,"42,1766758","-8,0301544"
32811,32068,101601,Casardeita,Casardeita,"42,1992868","-8,0574299"
32812,32014,101699,Cabanas,*Diseminado*,"42,1710499","-7,8816843"
32813,32084,101699,Albos,*Diseminado*,"42,090506","-8,068343"
32814,32066,101601,Xacebans,Xacebans,"42,1510436","-7,90482"
32815,32024,101699,Casal (O),*Diseminado*,"42,147991","-8,0192471"
32816,32024,501299,Barrio,*Diseminado*,"42,18352","-7,932048"
32817,32024,201599,Amorociña,*Diseminado*,"42,1321562","-7,9647353"
32820,32020,202001,Bouza (A),Bouza (A),"42,252826","-8,0628862"
32821,32020,212801,Baldariz,Baldariz,"42,2611761","-8,013794"
32822,32020,201501,Armada (A),Armada (A),"40,463667","-3,74922"
32823,32020,110701,Vilar Da Ponte,Vilar Da Ponte,"42,2407123","-8,0956328"
32824,32020,301401,Couxil,Couxil,"42,2264879","-8,0192471"
32825,32020,103701,Gueral de Abaixo,Gueral de Abaixo,"42,2084014","-7,9974374"
32826,32020,409001,Pazo (O),Pazo (O),"42,2106831","-7,9647353"
32827,32024,401301,Amedo,Amedo,"40,463667","-3,74922"
32828,32024,1101399,Buzacos,*Diseminado*,"42,1910622","-7,9647353"
32829,32024,1801601,Carfaxiño,Carfaxiño,"40,463667","-3,74922"
32830,32047,403401,Manchica (A),Manchica (A),"42,2280427","-7,9266015"
32838,32047,601199,Arcas,*Diseminado*,"42,2193556","-7,8748811"
32839,32047,101601,Campelo,Campelo,"42,1865315","-7,8884881"
32840,32006,101601,Bande,Bande,"42,0141492","-7,9647353"
32845,32006,201501,Baños,Baños,"40,463667","-3,74922"
32846,32006,102101,Buxan,Buxan,"42,0459451","-7,932048"
32847,32006,103701,Lueda,Lueda,"42,0270169","-7,9211555"
32848,32006,501201,Carpazas,Carpazas,"41,9936973","-7,9756343"
32849,32006,104201,Martiñan,Martiñan,"42,0466952","-7,991986"
32850,32041,403401,Quintas (As),Quintas (As),"41,987585","-8,0628862"
32857,32041,801901,Canle (A),Canle (A),"40,463667","-3,74922"
32858,32041,101601,Fraga (A),Fraga (A),"42,0224265","-8,0574299"
32859,32006,1101301,Forcadas (As),Forcadas,"41,9914139","-8,0083414"
32860,32030,101601,Casal (O),Casal (O),"41,9253805","-8,1065516"
32867,32030,501201,Queguas,Queguas,"40,463667","-3,74922"
32868,32030,201501,Asperelo E Olin,Asperelo E Olin,"41,9571615","-8,1447804"
32869,32030,301401,Illa (A),Illa (A),"41,8948964","-8,1884949"
32870,32042,713901,Lobios,Lobios,"41,8782847","-8,1447804"
32879,32042,101601,Delas,Delas,"41,8662603","-8,0356087"
32880,32051,601101,Maus (As),Maus (As),"41,9315395","-7,9483898"
32890,32008,101699,Alto Do Ponton (O),*Diseminado*,"42,2830793","-7,9102647"
32891,32006,301401,Cados,Cados,"40,463667","-3,74922"
32892,32042,413299,Maras,*Diseminado*,"41,947409","-8,0738001"
32893,32042,501201,Valoiro (O),Valoiro (O),"40,463667","-3,74922"
32894,32042,801901,Aceredo,Aceredo,"40,463667","-3,74922"
32895,32042,901899,Baños (Os),*Diseminado*,"41,8419021","-8,101092"
32896,32051,801901,Parada de Ventosa,Parada de Ventosa,"41,9299987","-8,0410634"
32897,32041,201501,Cabaleiros,Cabaleiros,"41,9603332","-8,0301544"
32898,32051,201501,Barrio,Barrio,"41,9330542","-7,9974374"
32899,32051,101601,Abelleira (A),Abelleira (A),"41,9891499","-7,9347713"
32900,32054,801901,Granxa (A),Granxa (A),"42,3022402","-7,8096037"
32901,32075,201599,Aspera,*Diseminado*,"42,2792702","-7,8231982"
32910,32075,102101,Curras,Curras,"42,2702623","-7,883045"
32911,32075,601101,Piñeiral (O),Piñeiral (O),"42,303036","-7,8694391"
32920,32008,602601,Lamas (As),Lamas (As),"42,2906098","-7,9429421"
32930,32008,401399,Barxa (A),*Diseminado*,"42,3094372","-7,9538378"
32940,32008,410401,Santa Uxia,Santa Uxia,"42,3267356","-7,986535"
32941,32081,502701,Castiñeiras,Castiñeiras,"40,463667","-3,74922"
32950,32026,109399,Tras Do Rio de Alban,*Diseminado*,"42,3974601","-7,8123224"
32960,32054,1701,Ourense,Ourense,"42,3591117","-7,8367954"
32970,32054,1401001,Bemposta,Bemposta,"42,3064193","-7,8558357"
32971,32054,701001,Santa Mariña Do Monte,Santa Mariña Do Monte,"42,3203374","-7,8313562"
32980,32002,304001,Boveda,Boveda,"42,3801955","-7,9211555"
32981,32054,201501,Beiro,Beiro,"42,3817022","-7,8993756"
33001,33044,1901501,Oviedo,Oviedo,"43,2488376","-6,7065914"
33002,33044,1901501,Oviedo,Oviedo,"43,3651595","-5,8479125"
33003,33044,1901501,Oviedo,Oviedo,"43,3629571","-5,8439558"
33004,33044,1901501,Oviedo,Oviedo,"43,3636198","-5,8545077"
33005,33044,1901501,Oviedo,Oviedo,"43,3598776","-5,857146"
33006,33044,1901501,Oviedo,Oviedo,"43,3550265","-5,8696793"
33007,33044,1901501,Oviedo,Oviedo,"43,3547028","-5,8525291"
33008,33044,701099,Arenales (Los),*Diseminado*,"43,3581856","-5,8314278"
33009,33044,1901501,Oviedo,Oviedo,"43,3576472","-5,8419775"
33010,33044,1102801,Caravia,Caravia,"43,3724177","-5,8116522"
33011,33044,1901501,Oviedo,Oviedo,"43,3883059","-5,8301092"
33012,33044,1502499,Peña El Fuelle,*Diseminado*,"43,3691836","-5,8749573"
33013,33044,1901501,Oviedo,Oviedo,"43,3592941","-5,8802357"
33060,33044,104201,Sotiello,Sotiello,"40,463667","-3,74922"
33069,33044,1816601,Escobadielles,Escobadielles,"43,5252889","-6,0573302"
33110,33072,603201,Favorita (La),Favorita (La),"40,463667","-3,74922"
33111,33072,101601,Fresnedo,Fresnedo,"43,1483729","-6,0891032"
33112,33052,701001,Bustiel.lu,Bustiel.lu,"43,1835686","-6,0626246"
33114,33052,101601,Banduxu,Banduxu,"43,2278194","-6,0467429"
33115,33053,1101301,Pedroveya,Pedroveya,"43,2799004","-5,9726832"
33116,33052,602601,Sograndiu,Sograndiu,"40,463667","-3,74922"
33117,33053,201501,Arrojo,Arrojo,"43,1641665","-5,9726832"
33118,33053,101601,Aciera,Aciera,"43,1164169","-5,9621106"
33119,33026,201599,Báscones,*Diseminado*,"43,2947118","-6,0573302"
33120,33051,806101,Pravia,Pravia,"43,4911671","-6,1129437"
33125,33069,201501,San Juan de la Arena,San Juan de la Arena,"43,5554472","-6,0758624"
33126,33069,316499,Bimera (La),*Diseminado*,"43,5292384","-6,0732146"
33127,33044,1911399,Monterrey,*Diseminado*,"43,5010396","-6,0626246"
33128,33051,101601,Allence,Allence,"43,4801232","-6,1845209"
33129,33051,301499,Campas (Las),*Diseminado*,"43,501592","-6,1420947"
33130,33039,201501,San Esteban,San Esteban,"43,550094","-6,0864548"
33138,33039,101601,Era,Era,"43,5467101","-6,1049958"
33140,33044,2601399,Arquera (La),*Diseminado*,"43,3251579","-5,9356872"
33150,33021,201501,Cudillero,Cudillero,"43,5569033","-6,1493847"
33155,33021,401301,Artedo,Artedo,"43,5353392","-6,2269763"
33156,33021,601101,Riego Abajo,Riego Abajo,"43,5679933","-6,2429045"
33157,33021,101601,Ballota,Ballota,"43,5566722","-6,2747734"
33159,33021,302901,Faedo,Faedo,"43,5387905","-6,1633042"
33160,33058,101699,Ablaneo,*Diseminado*,"43,2071557","-5,8881542"
33161,33038,203601,Lugar de Abajo,Lugar de Abajo,"43,2628297","-5,9304039"
33162,33038,201501,Collada (La),Collada (La),"43,279194","-5,8934338"
33163,33038,101601,Argame,Argame,"43,2967306","-5,8802357"
33170,33044,903999,Caleyo (El),*Diseminado*,"43,3261579","-5,8696793"
33171,33044,1603999,Carcaba (La),*Diseminado*,"43,3198844","-5,85121"
33172,33057,201501,Fuexos,Fuexos,"43,3069986","-5,9145568"
33173,33057,305399,Candama (La),*Diseminado*,"43,290995","-5,85121"
33174,33044,501201,Caces,Caces,"43,3358767","-5,9145568"
33180,33042,101699,Braña (La),*Diseminado*,"43,3969532","-5,7062924"
33186,33066,801901,Berrón (El),Berrón (El),"43,3774593","-5,711556"
33187,33066,804501,Xixún,Xixún,"43,3551576","-5,7247169"
33188,33066,502701,Belga Baxo (La),Belga Baxo (La),"43,3931016","-5,7352478"
33189,33066,101601,Arniella,Arniella,"43,4275309","-5,7194522"
33190,33054,101601,Biedes,Biedes,"43,4337977","-5,9726832"
33191,33044,1201299,Faberin,*Diseminado*,"43,3783421","-5,9304039"
33192,33035,705999,Lotero,*Diseminado*,"43,4384955","-5,78793"
33193,33044,901899,Ayones,*Diseminado*,"43,3465894","-5,8934338"
33194,33044,401399,Ajuyan,*Diseminado*,"43,3952171","-5,8828751"
33195,33044,201501,Bendones,Bendones,"43,3407493","-5,8195616"
33196,33044,1101399,Barreros,*Diseminado*,"43,3414056","-5,8538481"
33199,33044,1102801,Caravia,Caravia,"43,367737","-5,761583"
33201,33024,901801,Gijón/Xixón,Gijón/Xixón,"43,5467029","-5,6628859"
33202,33024,901801,Gijón/Xixón,Gijón/Xixón,"43,5393371","-5,6543399"
33203,33024,302901,Cimavilla,Cimavilla,"43,5428512","-5,6195112"
33204,33024,302901,Cimavilla,Cimavilla,"43,5251666","-5,6379087"
33205,33024,901801,Gijón/Xixón,Gijón/Xixón,"43,5356119","-5,6569693"
33206,33024,901801,Gijón/Xixón,Gijón/Xixón,"43,5417798","-5,6655157"
33207,33024,901801,Gijón/Xixón,Gijón/Xixón,"43,5341985","-5,6734057"
33208,33024,901801,Gijón/Xixón,Gijón/Xixón,"43,5320624","-5,6681456"
33209,33024,901801,Gijón/Xixón,Gijón/Xixón,"43,5162166","-5,664252"
33210,33024,901801,Gijón/Xixón,Gijón/Xixón,"43,5224734","-5,6681456"
33211,33024,901801,Gijón/Xixón,Gijón/Xixón,"43,5108122","-5,6845688"
33212,33024,901801,Gijón/Xixón,Gijón/Xixón,"43,5601188","-5,7062924"
33213,33024,901801,Gijón/Xixón,Gijón/Xixón,"43,5449543","-5,7220845"
33290,33024,901801,Gijón/Xixón,Gijón/Xixón,"43,5515366","-5,71024"
33299,33024,901801,Gijón/Xixón,Gijón/Xixón,"43,549378","-5,717478"
33300,33076,4101901,Villaviciosa,Villaviciosa,"43,4822994","-5,4332335"
33310,33009,101601,Arriondu,Arriondu,"43,423627","-5,4044268"
33311,33076,101699,Algara (L'),*Diseminado*,"43,4600718","-5,4463322"
33312,33076,201501,Ambas,Ambas,"43,4429036","-5,5040015"
33313,33076,1701799,Barraca (La),*Diseminado*,"43,4611023","-5,5249863"
33314,33076,305399,Camín Rial (El),*Diseminado*,"43,5227226","-5,5407299"
33315,33076,501201,Cabañes,Cabañes,"43,5186596","-5,4253757"
33316,33076,1001499,Abéu de Riba,*Diseminado*,"43,5024315","-5,3625516"
33317,33076,701099,Batón (El),*Diseminado*,"43,4680942","-5,3782513"
33318,33076,1401099,Arcenoyu,*Diseminado*,"43,4348049","-5,4725384"
33320,33019,201501,Colunga,Colunga,"43,4825646","-5,2736679"
33324,33019,101601,Carrandi,Carrandi,"43,4701997","-5,2815051"
33325,33019,601199,Carrandena,*Diseminado*,"43,4285207","-5,2997959"
33326,33019,1101301,Pivierda,Pivierda,"43,4503551","-5,3468563"
33327,33019,901801,Llera (La),Llera (La),"43,4659826","-5,3207069"
33328,33019,502701,Lluces,Lluces,"43,5103958","-5,2945694"
33329,33019,101601,Carrandi,Carrandi,"43,4608359","-5,2762802"
33330,33019,501201,Llastres,Llastres,"43,5138804","-5,2710558"
33340,33019,801901,Castiellu,Castiellu,"43,4970653","-5,3233213"
33341,33019,401301,Isla (La),Isla (La),"43,4822013","-5,2292777"
33342,33019,301401,Coceña,Coceña,"43,4506266","-5,2371087"
33343,33013,201501,Duesos,Duesos,"43,4653658","-5,177098"
33344,33013,101601,Prado,Prado,"43,4570966","-5,2005729"
33345,33056,402801,Barredo,Barredo,"43,4498464","-5,1484196"
33346,33056,101601,Berbes,Berbes,"43,4711102","-5,1562395"
33347,33056,401301,Abeo,Abeo,"43,4608569","-5,1171505"
33350,33024,403401,Llinares,Llinares,"43,5076106","-5,6599616"
33390,33024,901801,Gijón/Xixón,Gijón/Xixón,"43,4816582","-5,6931356"
33391,33024,101699,Mata (La),*Diseminado*,"43,4954116","-5,6090009"
33392,33024,501299,Aguda,*Diseminado*,"43,4840885","-5,7405139"
33393,33024,502799,Batiao,*Diseminado*,"43,5060723","-5,7326149"
33394,33024,201501,Castiello Bernueces,Castiello Bernueces,"43,5151142","-5,5984925"
33401,33004,101601,Aviles,Aviles,"43,5652063","-5,9356872"
33402,33004,101601,Aviles,Aviles,"43,5491256","-5,9224799"
33403,33004,101601,Aviles,Aviles,"43,5398162","-5,9171977"
33404,33020,101601,Campos (Los),Campos (Los),"43,5414515","-5,8855146"
33405,33016,4301,Raices Nuevo,Raices Nuevo,"43,5762165","-5,9541824"
33410,33004,101601,Aviles,Aviles,"43,5432377","-5,943613"
33411,33030,101699,Barrera (La),*Diseminado*,"43,4970103","-5,956825"
33412,33016,2201,Laguna (La),Laguna (La),"43,5268765","-5,9356872"
33414,33010,1103499,Faedo,*Diseminado*,"43,4835361","-6,0308654"
33416,33020,201599,L'Acebo,*Diseminado*,"43,5093413","-5,9039944"
33417,33004,101601,Aviles,Aviles,"43,5856255","-5,9343664"
33418,33004,401301,San Juan de Nieva,San Juan de Nieva,"43,6051476","-5,9039944"
33419,33025,102199,Barredo,*Diseminado*,"40,463667","-3,74922"
33420,33066,1803701,Lugones/Llugones,Lugones/Llugones,"43,406067","-5,8116522"
33423,33035,712301,Santa Eulalia,Santa Eulalia,"43,4402956","-5,7760724"
33424,33035,101601,Ables,Ables,"43,4347351","-5,8617632"
33425,33035,901899,Aguera,*Diseminado*,"43,4331074","-5,8934338"
33426,33035,301499,Bonielles,*Diseminado*,"43,4512226","-5,9145568"
33427,33035,201599,Barredo,*Diseminado*,"43,4743986","-5,9304039"
33428,33035,401399,Arroyo,*Diseminado*,"43,4191383","-5,8380212"
33429,33066,701099,Belga (La),*Diseminado*,"43,4051337","-5,7826597"
33430,33014,301401,Candás,Candás,"43,590474","-5,7694859"
33438,33014,201501,Ambás,Ambás,"43,5344514","-5,78793"
33439,33014,901801,Alto la Ilesia (L'),Alto la Ilesia (L'),"43,5643938","-5,8116522"
33440,33025,1401001,Aramar,Aramar,"43,6162991","-5,7912242"
33448,33025,201599,Cerin,*Diseminado*,"43,6320539","-5,8459341"
33449,33025,301401,Antromero,Antromero,"43,5892543","-5,8406587"
33450,33016,212801,Piedras Blancas,Piedras Blancas,"43,5607466","-5,9753267"
33456,33010,1108701,Pulide,Pulide,"43,5286357","-5,9938339"
33457,33016,102101,Infiesta,Infiesta,"43,5703604","-6,0202827"
33458,33069,101699,Arenas,*Diseminado*,"43,5309216","-6,04145"
33459,33016,401301,Banda (La),Banda (La),"43,5506452","-6,0308654"
33460,33004,101601,Aviles,Aviles,"43,5504904","-5,8960738"
33468,33020,501201,Cuetu (El),Cuetu (El),"43,5523898","-5,8591247"
33469,33014,1101399,Alredor de la Ilesia,*Diseminado*,"43,5227214","-5,8301092"
33470,33004,101601,Aviles,Aviles,"43,4923305","-5,8617632"
33476,33070,124801,Campos Y Salave,Campos Y Salave,"40,463667","-3,74922"
33480,33035,1101399,Alvares,*Diseminado*,"40,463667","-3,74922"
33490,33004,601101,Cabian (La),Cabian (La),"43,5769701","-5,8934338"
33491,33014,701099,Arenes (Les),*Diseminado*,"43,5738467","-5,7668515"
33492,33014,101699,Barreres,*Diseminado*,"43,5562747","-5,7352478"
33500,33036,1103401,Galguera (La),Galguera (La),"43,4207178","-4,7665698"
33507,33036,101601,Ardisana,Ardisana,"43,3866726","-4,9454803"
33509,33036,902301,Cue,Cue,"43,3928542","-4,8002333"
33510,33066,2206901,Pola Siero (La),Pola Siero (La),"43,3944983","-5,6589414"
33518,33065,101601,Aramanti,Aramanti,"43,4155777","-5,5722297"
33519,33021,301401,Corollos,Corollos,"43,4124892","-5,6352801"
33520,33040,310501,Nava,Nava,"43,3586453","-5,5066242"
33527,33006,201599,L'Acebal,*Diseminado*,"43,3386259","-5,5722297"
33528,33006,101601,Caliyu (El),Caliyu (El),"43,3158294","-5,5459787"
33529,33009,201501,Camas,Camas,"43,3426837","-5,4882679"
33530,33049,1504501,L'Infiestu,L'Infiestu,"43,3472565","-5,3664761"
33534,33049,101601,Caparea,Caparea,"43,392679","-5,3468563"
33535,33044,1608299,Llano del Rio,*Diseminado*,"43,3659233","-5,4044268"
33536,33049,201599,Caperea,*Diseminado*,"43,2878902","-5,4253757"
33537,33049,701099,Cuerries (Les),*Diseminado*,"43,2908509","-5,3625516"
33538,33049,301401,L'Abedul,L'Abedul,"43,3218588","-5,4201377"
33539,33049,1001499,Beroñes,*Diseminado*,"43,3130456","-5,2997959"
33540,33045,101601,Arriondes (Les),Arriondes (Les),"43,3831766","-5,1875301"
33546,33045,802401,Llerandi,Llerandi,"43,3127792","-5,2005729"
33547,33012,701099,Agüera,*Diseminado*,"43,3982119","-5,1083149"
33548,33045,103799,Cuadroveña,*Diseminado*,"43,4131328","-5,2162283"
33549,33045,503301,Collía,Collía,"43,4195991","-5,1797058"
33550,33012,202001,Cangas de Onís,Cangas de Onís,"43,3523076","-5,1249662"
33554,33008,101601,Arangas,Arangas,"43,2487288","-4,7898731"
33555,33008,201501,Berodia,Berodia,"43,32238","-4,8728093"
33556,33012,102199,Coraín,*Diseminado*,"43,3170082","-4,9974461"
33557,33003,501299,Arnañu,*Diseminado*,"43,1938484","-5,1640605"
33558,33003,101601,Amieva,Amieva,"43,2361962","-5,0806918"
33559,33012,201501,Cabielles,Cabielles,"43,3197193","-5,1536327"
33560,33056,406501,San Pedro,San Pedro,"43,4611167","-5,0572665"
33566,33056,404901,Pando,Pando,"43,434873","-5,1340858"
33567,33056,601101,Carmen (El),Carmen (El),"43,4416386","-5,1171505"
33568,33056,201501,Camango,Camango,"43,4416673","-5,0078451"
33569,33056,302901,Junco,Junco,"43,4206114","-5,0494602"
33576,33046,201501,Caraves,Caraves,"43,3183954","-4,7381013"
33577,33046,401301,Mier,Mier,"43,309213","-4,6682867"
33578,33046,101601,Alles,Alles,"43,3393728","-4,6967189"
33579,33047,101601,Abandames,Abandames,"43,3058354","-4,5727598"
33580,33066,1601801,Acebal (L'),Acebal (L'),"43,372051","-5,5774814"
33581,33040,105501,Cueva (La),Cueva (La),"43,3583872","-5,4869569"
33582,33040,101601,Carancos,Carancos,"43,3591448","-5,4460541"
33583,33049,401301,Borines/Boriñes,Borines/Boriñes,"43,3910248","-5,2788926"
33584,33049,1201299,Canal (La),*Diseminado*,"43,2957013","-5,2579968"
33585,33045,201501,Castiellu,Castiellu,"43,3554059","-5,2162283"
33586,33045,301401,H.uentes,H.uentes,"43,411395","-5,1484196"
33587,33045,901801,Torañu,Torañu,"43,4205906","-5,1041269"
33588,33056,301401,Cuevas,Cuevas,"43,4334196","-5,0858988"
33589,33012,101699,Celoriu,*Diseminado*,"43,304169","-5,0702794"
33590,33055,102101,Bustio,Bustio,"43,3636546","-4,5727598"
33592,33036,701001,Carriles (Los),Carriles (Los),"43,4242511","-4,9662608"
33593,33036,1001401,Cardoso,Cardoso,"43,4411367","-4,9091329"
33594,33036,2001901,Bricia,Bricia,"43,4094725","-4,8624355"
33595,33036,201501,Balmori,Balmori,"43,4254354","-4,8261424"
33596,33036,2302101,San Roque del Acebal,San Roque del Acebal,"43,3761915","-4,7381013"
33598,33036,301401,Borbolla (La),Borbolla (La),"43,3946523","-4,6398693"
33600,33037,501201,Mieres del Camín,Mieres del Camín,"43,2491037","-5,7747551"
33610,33037,1301199,Ablaneo,*Diseminado*,"43,2167631","-5,6983979"
33611,33037,1101399,Brañanoceo,*Diseminado*,"43,2183661","-5,7866124"
33612,33037,901899,L'Alamea,*Diseminado*,"43,189207","-5,7668515"
33614,33037,1001499,L'Acibíu,*Diseminado*,"43,268488","-5,7247169"
33615,33037,301499,Canga Fondera,*Diseminado*,"43,2251356","-5,8195616"
33616,33037,408799,Curión (El),*Diseminado*,"43,2646256","-5,7536812"
33617,33037,701099,Arniella,*Diseminado*,"43,2760094","-5,7668515"
33618,33037,1201201,Barrio Gonzalín (El),Barrio Gonzalín (El),"43,244423","-5,8195616"
33619,33037,606301,Brañanoveles,Brañanoveles,"43,2724025","-5,7905653"
33620,33033,201501,Campumanes,Campumanes,"43,1072404","-5,8116522"
33627,33033,2003001,Cortina (La),Cortina (La),"43,0241894","-5,8274722"
33628,33033,2004501,Cruz (La),Cruz (La),"43,0138206","-5,8881542"
33629,33033,218799,Salas,*Diseminado*,"43,074063","-5,8459341"
33630,33033,1616801,Pola (La),Pola (La),"43,1548027","-5,8293955"
33637,33033,501299,Ablano,*Diseminado*,"43,1342224","-5,8037437"
33638,33033,301401,Carabanzo,Carabanzo,"43,1503173","-5,8670405"
33639,33033,1201299,Culquera Baxo (La),*Diseminado*,"43,1758096","-5,8406587"
33640,33037,1402599,Barreo,*Diseminado*,"43,1995403","-5,8011078"
33650,33037,402801,Ablaña Riba,Ablaña Riba,"43,2659119","-5,7997899"
33660,33044,101601,Anieves,Anieves,"43,2994306","-5,8274722"
33669,33044,1402501,Manzaneda,Manzaneda,"43,2936802","-5,798472"
33670,33002,905701,Quentu la Silla (El),Quentu la Silla (El),"43,1785955","-5,7378808"
33675,33002,201501,Bo,Bo,"43,1724441","-5,7642172"
33676,33002,301401,Cabanaquinta/Cabañaquinta,Cabanaquinta/Cabañaquinta,"43,0927436","-5,6668306"
33677,33002,1101399,Arnizo,*Diseminado*,"43,1384659","-5,7194522"
33678,33002,901801,Güeria,Güeria,"43,1556754","-5,761583"
33679,33002,413201,Primayor (La),Primayor (La),"43,1720127","-5,7247169"
33680,33002,701001,Cuergo,Cuergo,"43,1274175","-5,551228"
33681,33002,501201,Casomera,Casomera,"43,0581704","-5,5827334"
33682,33037,101601,Baíña,Baíña,"43,2728033","-5,8301092"
33683,33002,915501,Felguerúa,Felguerúa,"43,2390375","-5,7352478"
33684,33002,401301,Buciel.lo,Buciel.lo,"43,1826296","-5,7536812"
33685,33002,912101,Cortina (La),Cortina (La),"43,1609266","-5,6563119"
33686,33002,101601,Beyo,Beyo,"43,1436741","-5,6142558"
33687,33002,1303201,Pino (El),Pino (El),"43,1238532","-5,5249863"
33688,33002,1301199,Cuevas,*Diseminado*,"43,0734199","-5,4672962"
33690,33035,601101,Bervola (La),Bervola (La),"43,4414241","-5,8248352"
33691,33024,802401,Montiana,Montiana,"43,5456344","-5,7054918"
33692,33033,101699,Cabezón,*Diseminado*,"43,0656763","-5,7247169"
33693,33033,1303299,Floracebos,*Diseminado*,"42,9998241","-5,7826597"
33694,33033,403401,Casorvía,Casorvía,"43,0976851","-5,761583"
33695,33033,2201799,Cabo,*Diseminado*,"43,1845271","-5,8116522"
33696,33044,2105799,Lusiella,*Diseminado*,"43,3079841","-5,848572"
33697,33024,2117401,Vega (La),Vega (La),"43,5011546","-5,7826597"
33700,33034,416399,Venta (La),*Diseminado*,"43,5401116","-6,527643"
33707,33034,1001499,Arnizo,*Diseminado*,"43,4754634","-6,6103778"
33708,33034,401399,Ablaneo,*Diseminado*,"43,4803727","-6,5249759"
33709,33034,402801,Aldin,Aldin,"40,463667","-3,74922"
33710,33041,301401,Navia,Navia,"43,5385351","-6,7199658"
33716,33018,401399,Astas,*Diseminado*,"43,5564195","-6,7413706"
33717,33077,104201,San Pelayo,San Pelayo,"43,433367","-6,6745042"
33718,33077,101601,Arbon,Arbon,"43,3822284","-6,7279918"
33719,33018,101601,Cartavio,Cartavio,"43,5381816","-6,6851982"
33720,33007,102199,Barreira (La),*Diseminado*,"43,4315475","-6,8270607"
33724,33007,401399,Coba,*Diseminado*,"40,463667","-3,74922"
33725,33007,101601,Armal,Armal,"43,4507289","-6,7868794"
33726,33007,702599,Lantero,*Diseminado*,"43,4532659","-6,7440467"
33727,33007,119199,Merou,*Diseminado*,"43,3886671","-6,7815237"
33728,33007,109399,Camara (La),*Diseminado*,"43,4027466","-6,8672668"
33729,33007,310599,Mazo (El),*Diseminado*,"43,4398363","-6,8887202"
33730,33027,101699,Arreigada/Reigada (A),*Diseminado*,"43,2091032","-6,8887202"
33731,33007,303501,Doiras,Doiras,"43,3476886","-6,8243812"
33732,33029,303501,Cedemonio,Cedemonio,"43,3777899","-6,8431402"
33733,33029,501201,Gio,Gio,"43,3630602","-6,8485009"
33734,33029,101699,Baboreira,*Diseminado*,"43,3258944","-6,8672668"
33735,33048,101699,Argul,*Diseminado*,"43,287424","-6,8672668"
33736,33048,112901,Sanzo,Sanzo,"43,2444317","-6,8619045"
33740,33070,414701,Tapia de Casariego,Tapia de Casariego,"43,5694111","-6,9437266"
33746,33023,701001,Franco (El),Franco (El),"43,5612027","-6,8619045"
33747,33070,202099,Acevedo,*Diseminado*,"43,4960567","-6,9101806"
33749,33070,301499,Acebreiral,*Diseminado*,"43,5451327","-6,969233"
33750,33023,301401,Arboces,Arboces,"43,5505329","-6,8203621"
33757,33023,101699,Andia,*Diseminado*,"43,4750103","-6,8619045"
33758,33023,501201,Castello,Castello,"43,5261215","-6,8083063"
33759,33023,601199,Boimouro,*Diseminado*,"43,5133366","-6,8619045"
33760,33017,301499,Barreiras,*Diseminado*,"43,524593","-7,0310262"
33768,33017,601199,Becharro,*Diseminado*,"43,5224456","-6,9880335"
33769,33017,302999,Bruiteira,*Diseminado*,"43,5086633","-7,0175879"
33770,33074,605001,Veiga (A)/Vegadeo,Veiga (A)/Vegadeo,"43,4613317","-7,0471556"
33774,33063,101601,Antigua (La),Antigua (La),"43,4047947","-7,1467072"
33775,33071,101699,Arrojo,*Diseminado*,"43,361487","-7,0713572"
33776,33062,101699,Barcia,*Diseminado*,"43,3283474","-6,9853474"
33777,33048,111499,San Pedro D Agüeira,*Diseminado*,"43,2822307","-6,9531225"
33778,33017,101699,Aguillon,*Diseminado*,"43,453803","-6,974604"
33779,33062,104299,Busqueimado,*Diseminado*,"43,428006","-7,0821162"
33780,33034,1302601,Aguera,Aguera,"43,5328129","-6,3598367"
33781,33059,1201299,Ablanedo,*Diseminado*,"40,463667","-3,74922"
33782,33034,101601,Alienes,Alienes,"43,4492351","-6,3970884"
33783,33034,302901,Bustiello de Ayones,Bustiello de Ayones,"43,5031814","-6,4609998"
33784,33034,201501,Arcallana,Arcallana,"43,487604","-6,3970884"
33785,33034,601199,Anguileiro,*Diseminado*,"43,5091526","-6,3545169"
33787,33034,403401,Barcia,Barcia,"43,5352066","-6,4876486"
33788,33034,501201,Cadavedo,Cadavedo,"43,5406107","-6,3917654"
33789,33034,206799,Busmarzo,*Diseminado*,"43,5545288","-6,4423522"
33790,33041,601101,Puerto de Vega,Puerto de Vega,"43,5623717","-6,6397611"
33791,33034,1401099,Albarde,*Diseminado*,"43,5207487","-6,5730004"
33792,33034,1002901,Artosa (La),Artosa (La),"43,5329599","-6,6103778"
33793,33041,801999,Bao Y Barayo,*Diseminado*,"43,5457746","-6,6370893"
33794,33017,201599,Barres,*Diseminado*,"43,5266434","-6,9584922"
33795,33018,201599,Carbon,*Diseminado*,"43,5178045","-6,7467229"
33796,33018,603201,Porto,Porto,"43,4846038","-6,7815237"
33797,33018,503301,Pumarin,Pumarin,"43,4852158","-6,7306673"
33798,33007,704601,Miñagon,Miñagon,"43,4519996","-6,7654595"
33799,33007,101601,Armal,Armal,"43,4488145","-6,8190224"
33800,33011,1001401,Cangas del Narcea,Cangas del Narcea,"43,1784595","-6,5489836"
33810,33028,101601,Boiro,Boiro,"42,9914853","-6,8136642"
33811,33011,2201701,Xedré,Xedré,"43,0015606","-6,642433"
33812,33022,101601,Zarréu,Zarréu,"42,9356216","-6,6103778"
33813,33011,101699,L'Altu Santarvás,*Diseminado*,"43,111006","-6,5890166"
33814,33011,201501,Auguera,Auguera,"43,0854759","-6,6958939"
33815,33001,201599,Comba,*Diseminado*,"43,1536914","-6,6851982"
33816,33011,1006601,Carballidas (Las),Carballidas (Las),"43,2340828","-6,4609998"
33817,33011,904499,Murias de Paronche,*Diseminado*,"43,1001923","-6,4396888"
33818,33011,401399,Arbas,*Diseminado*,"43,0385658","-6,5036433"
33819,33011,103701,Vil.lar D'Adralés,Vil.lar D'Adralés,"43,165979","-6,471658"
33820,33026,601199,Barriu Azul (El),*Diseminado*,"43,3841357","-6,0718908"
33825,33026,301499,Vallongu,*Diseminado*,"43,3603335","-5,9991228"
33826,33026,2101899,Bárzana,*Diseminado*,"43,2618627","-6,1314928"
33827,33005,1501901,Vigaña,Vigaña,"43,3230272","-6,1580011"
33828,33010,107401,Aces,Aces,"43,4474244","-6,0785104"
33829,33010,202099,Campillin (El),*Diseminado*,"43,3716894","-6,0573302"
33830,33005,402801,Belmonte/Balmonte,Belmonte/Balmonte,"43,2788107","-6,2190137"
33836,33005,301401,Bixega,Bixega,"43,282111","-6,2907139"
33837,33005,401301,Albariza,Ferrería (La),"43,2901252","-6,2322852"
33838,33005,110799,Bazales (Los),*Diseminado*,"43,3009081","-6,2110521"
33839,33005,901801,L.lamosu,L.lamosu,"43,2277901","-6,2269763"
33840,33068,101601,Aguino,Aguino,"43,0618959","-6,2588369"
33841,33068,201501,Bustariega,Bustariega,"43,1494487","-6,2482149"
33842,33005,202099,Auguasmestas,*Diseminado*,"43,1254579","-6,333242"
33843,33005,201501,Almurfe,Almurfe,"43,1896706","-6,3066585"
33844,33005,101601,Bedul (La),Bedul (La),"43,2254689","-6,2694608"
33845,33005,802401,Beyu,Beyu,"43,3241029","-6,2269763"
33846,33005,501201,Castañéu,Castañéu,"43,3399761","-6,2004383"
33847,33005,1201201,Cutiellos,Cutiellos,"40,463667","-3,74922"
33848,33059,301499,Requejo,*Diseminado*,"40,463667","-3,74922"
33850,33059,701099,Candanonegro,*Diseminado*,"43,4118181","-6,1606526"
33857,33059,901899,Bulse,*Diseminado*,"43,4203052","-6,1367935"
33858,33059,801999,Barrudo,*Diseminado*,"43,3934586","-6,1447455"
33859,33059,601199,Ballota,*Diseminado*,"43,3886244","-6,1898262"
33860,33059,2301699,Mallecin,*Diseminado*,"43,411142","-6,2614927"
33866,33059,1901599,Acevedo,*Diseminado*,"43,480583","-6,2641486"
33867,33059,205499,Peña (La),*Diseminado*,"43,4394339","-6,2269763"
33868,33059,1304799,Otero,*Diseminado*,"43,4061122","-6,2216678"
33869,33059,717699,Vega de Los Peredos,*Diseminado*,"43,3602542","-6,2694608"
33870,33073,4001099,Beisnadas (Las),*Diseminado*,"43,334747","-6,4150569"
33873,33073,1701701,Folgueras de Muñalen,Folgueras de Muñalen,"43,3986977","-6,6103778"
33874,33034,1107101,Mortera (La),Mortera (La),"43,3639583","-6,5463156"
33875,33073,101601,Aguera de Carriles,Aguera de Carriles,"43,2792169","-6,5143087"
33876,33073,301499,Aguera de la Barca,*Diseminado*,"43,2581356","-6,375799"
33877,33073,601101,Brañalonga,Brañalonga,"43,3735979","-6,375799"
33878,33073,501201,Borres,Borres,"43,3038077","-6,5890166"
33879,33073,201501,Baradal,Baradal,"43,3519894","-6,418385"
33880,33001,901899,Caleyo,*Diseminado*,"43,2628351","-6,6317461"
33885,33001,1001499,Beveraso,*Diseminado*,"43,2514936","-6,8243812"
33887,33001,101699,Baldedo,*Diseminado*,"43,1872335","-6,7708138"
33888,33001,301401,Bustantigo,Bustantigo,"43,2963397","-6,7172907"
33889,33001,205499,Noceda,*Diseminado*,"43,2230622","-6,6531216"
33890,33001,601101,Arganzua,Arganzua,"43,2222649","-6,5836774"
33891,33059,201599,Ardesaldo,*Diseminado*,"43,4155686","-6,3119743"
33900,33031,1701,Langreo/Llangréu,Langreo/Llangréu,"43,2868339","-5,6707756"
33909,33031,107499,Campa (La),*Diseminado*,"43,2563884","-5,6773512"
33910,33044,301499,Abedul,*Diseminado*,"43,3309893","-5,7747551"
33919,33044,102199,Molino (El),*Diseminado*,"43,3327299","-5,78793"
33920,33031,1701,Langreo/Llangréu,Langreo/Llangréu,"43,3288228","-5,7220845"
33929,33031,103799,Faeo,*Diseminado*,"43,3237444","-5,7450693"
33930,33031,1701,Langreo/Llangréu,Langreo/Llangréu,"43,3250604","-5,7010293"
33934,33031,1701,Langreo/Llangréu,Langreo/Llangréu,"43,2928412","-5,7194522"
33935,33031,701001,Antuña,Antuña,"43,3208373","-5,6405374"
33936,33066,301401,Cuto (El),Cuto (El),"43,3411265","-5,6195112"
33937,33066,2501401,Bendición,Bendición,"43,3572568","-5,6826122"
33938,33066,2501401,Bendición,Bendición,"43,3613552","-5,6484241"
33939,33031,302999,Talaya (La),*Diseminado*,"43,3192774","-5,6720907"
33940,33060,324601,Entregu (L')/Entrego (El),Entregu (L')/Entrego (El),"43,2856735","-5,6333088"
33945,33060,315101,Carrocera,Carrocera,"43,2955138","-5,6168834"
33946,33060,201599,Argustin (L'),*Diseminado*,"43,2940065","-5,5984925"
33947,33060,301401,Abonion (L'),Abonion (L'),"43,2939612","-5,6484241"
33948,33060,305399,Barreo,*Diseminado*,"43,2800264","-5,6379087"
33950,33060,103799,Biomba,*Diseminado*,"43,2749821","-5,6057168"
33957,33060,501201,Argayaes (Les),Argayaes (Les),"43,2447796","-5,6195112"
33958,33060,401399,Varaosa,*Diseminado*,"43,2853969","-5,5774814"
33959,33060,416301,Armendite (L'),Armendite (L'),"43,2655689","-5,6379087"
33960,33060,101699,Abeyes (Les),*Diseminado*,"43,273978","-5,5892992"
33970,33032,603201,Barreros (Los)/Barredos,Barreros (Los)/Barredos,"43,2590172","-5,5748555"
33979,33032,405201,Iguanzo,Iguanzo,"43,2777986","-5,5354816"
33980,33032,510399,Lloreo,*Diseminado*,"43,2747465","-5,5735426"
33986,33032,701001,Bárgana (La),Bárgana (La),"43,1843665","-5,5722297"
33987,33032,401301,L'Acebal,L'Acebal,"43,2107911","-5,5249863"
33989,33032,101699,Brañueta (La),*Diseminado*,"43,258518","-5,5354816"
33990,33015,301401,Barru (El),Barru (El),"43,2156424","-5,3207069"
33991,33032,406501,Llorío,Llorío,"43,2219565","-5,4935119"
33992,33032,201501,L'Aldea,L'Aldea,"43,2463264","-5,4882679"
33993,33067,102101,Llaíñes/Ladines,Llaíñes/Ladines,"43,1894266","-5,4672962"
33995,33015,101601,Bueres,Bueres,"43,1455862","-5,3730176"
33996,33015,701001,Belerda,Belerda,"43,1586634","-5,2997959"
34001,34120,1701,Palencia,Palencia,"42,0124017","-4,5327917"
34002,34120,1701,Palencia,Palencia,"42,0051897","-4,5276366"
34003,34120,1701,Palencia,Palencia,"42,0356218","-4,5392361"
34004,34120,1701,Palencia,Palencia,"41,9949254","-4,5057333"
34005,34120,1701,Palencia,Palencia,"42,0169974","-4,5727598"
34006,34120,1701,Palencia,Palencia,"41,9576551","-4,5727598"
34100,34157,5601,Saldaña,Saldaña,"42,5363073","-4,7432763"
34110,34129,2201,Pino del Rio,Pino del Rio,"42,6561308","-4,8002333"
34111,34129,1701,Celadilla del Rio,Celadilla del Rio,"42,5966454","-4,8209596"
34112,34169,1701,Santervas de la Vega,Santervas de la Vega,"42,5081612","-4,8313257"
34113,34126,4301,Villarrodrigo de la Vega,Villarrodrigo de la Vega,"42,4204004","-4,8209596"
34114,34143,1701,Portillejo,Portillejo,"42,4852106","-4,6760395"
34115,34157,2201,Membrillar,Membrillar,"42,54396","-4,6760395"
34116,34038,1701,Bustillo de la Vega,Bustillo de la Vega,"42,4426063","-4,7588042"
34117,34157,1701,Carbonera,Carbonera,"42,6000972","-4,7381013"
34118,34903,4301,Villota del Duque,Villota del Duque,"42,4885474","-4,5934"
34120,34047,1701,Carrion de Los Condes,Carrion de Los Condes,"42,3307302","-4,6140481"
34126,34147,1701,Albala de la Vega,Albala de la Vega,"42,4255509","-4,6967189"
34127,34192,1701,Miñanes,Miñanes,"42,3913078","-4,5727598"
34128,34112,1701,Nogal de Las Huertas,Nogal de Las Huertas,"42,4272353","-4,6553679"
34129,34039,1701,Bustillo Paramo Carrion,Bustillo Paramo Carrion,"42,3461799","-4,7174062"
34131,34047,2201,Torre de Los Molinos,Torre de Los Molinos,"42,2520599","-4,6140481"
34132,34233,1701,Villasarracino,Villasarracino,"42,4133827","-4,5108862"
34159,34010,5601,Monte la Torre,Monte la Torre,"41,9320171","-4,7174062"
34160,34010,2201,Dehesilla,Dehesilla,"41,8700246","-4,7795149"
34170,34102,1701,Mazariegos,Mazariegos,"42,0016914","-4,7070616"
34190,34225,1701,Calabazanos,Calabazanos,"41,947822","-4,5148734"
34191,34010,1701,Ampudia,Ampudia,"41,9191212","-4,7898731"
34192,34079,1701,Grijota,Grijota,"42,0857364","-4,5830789"
34200,34023,1701,Baños de Cerrato,Baños de Cerrato,"41,9169572","-4,474826"
34208,34023,2201,Cementos Hontoria,Cementos Hontoria,"41,9648778","-4,387352"
34209,34086,1701,Hontoria de Cerrato,Hontoria de Cerrato,"41,904682","-4,4079213"
34210,34069,1701,Dueñas,Dueñas,"41,873196","-4,5439151"
34218,34057,1701,Cevico de la Torre,Cevico de la Torre,"41,8547298","-4,4182089"
34219,34006,1701,Alba de Cerrato,Alba de Cerrato,"41,8181793","-4,3359635"
34220,34098,1701,Magaz de Pisuerga,Magaz de Pisuerga,"41,9822947","-4,4490836"
34230,34182,1701,Torquemada,Torquemada,"42,0573601","-4,2948884"
34239,34189,1701,Valdeolmillos,Valdeolmillos,"40,463667","-3,74922"
34240,34022,1701,Baltanas,Baltanas,"41,941705","-4,2128337"
34246,34050,1701,Castrillo de Don Juan,Castrillo de Don Juan,"41,8168947","-4,100217"
34247,34058,1701,Cevico Navero,Cevico Navero,"41,8242451","-4,1718542"
34248,34012,1701,Antiguedad,Antiguedad,"41,9394665","-3,9980485"
34249,34022,2201,Valdecañas de Cerrato,Valdecañas de Cerrato,"41,9900607","-4,2435893"
34250,34141,2201,Quintana del Puente,Quintana del Puente,"42,095152","-4,2077095"
34257,34121,1701,Palenzuela,Palenzuela,"42,0633679","-4,1309067"
34259,34063,1701,Cordovilla la Real,Cordovilla la Real,"42,0888963","-4,2435893"
34260,9316,1701,Revilla Vallejera,Revilla Vallejera,"42,1715701","-4,1411406"
34300,34123,1701,Paredes de Nava,Paredes de Nava,"42,1596433","-4,7070616"
34304,34031,1701,Belmonte de Campos,Belmonte de Campos,"41,9611187","-4,9662608"
34305,34024,1701,Baquerin de Campos,Baquerin de Campos,"41,9965361","-4,8313257"
34306,34048,1701,Castil de Vela,Castil de Vela,"42,1544851","-4,8313257"
34307,34902,1701,Abastas,Abastas,"42,2350207","-4,7898731"
34309,34046,1701,Cardeñosa de Volpejera,Cardeñosa de Volpejera,"42,3137037","-4,7898731"
34310,34029,1701,Becerril de Campos,Becerril de Campos,"42,125145","-4,6271362"
34320,34059,1701,Cisneros,Cisneros,"42,2024357","-4,8624355"
34337,34076,1701,Fuentes de Nava,Fuentes de Nava,"42,0884658","-4,7588042"
34338,34001,1701,Abarca de Campos,Abarca de Campos,"42,0850034","-4,8416936"
34340,34206,2201,Villada,Villada,"42,2579449","-4,9454803"
34347,34091,1701,Lagartos,Lagartos,"42,3102141","-4,8728093"
34348,34204,1701,Villacidaler,Villacidaler,"40,463667","-3,74922"
34349,34035,1701,Boadilla de Rioseco,Boadilla de Rioseco,"42,1885934","-4,9558696"
34350,34232,1701,Villarramiel,Villarramiel,"42,0428696","-4,9039424"
34400,34083,1701,Herrera de Pisuerga,Herrera de Pisuerga,"42,59683","-4,3256918"
34404,34067,1701,Colmenares de Ojeda,Colmenares de Ojeda,"40,463667","-3,74922"
34405,34071,1701,Espinosa de Villagonzalo,Espinosa de Villagonzalo,"42,4997189","-4,3051542"
34406,34028,1701,Bascones de Ojeda,Bascones de Ojeda,"42,64567","-4,4542311"
34407,34041,1701,Calahorra de Boedo,Calahorra de Boedo,"42,5921131","-4,4490836"
34408,34222,4301,Villameriel,Villameriel,"42,5326061","-4,4696765"
34409,34222,3801,Santa Cruz del Monte,Santa Cruz del Monte,"42,4989303","-4,4542311"
34410,34108,1701,Monzon de Campos,Monzon de Campos,"42,1190078","-4,4902774"
34419,34011,2201,Valdespina,Valdespina,"42,0803287","-4,4696765"
34420,34011,1701,Amusco,Amusco,"42,1695222","-4,4593791"
34429,34009,1701,Amayuelas de Arriba,Amayuelas de Arriba,"42,2159663","-4,5315029"
34430,34130,1701,Piña de Campos,Piña de Campos,"42,2144619","-4,4439365"
34439,34180,1701,Tamara de Campos,Tamara de Campos,"42,2010727","-4,4079213"
34440,34074,1701,Fromista,Fromista,"42,2601538","-4,4079213"
34447,34152,1701,Revenga de Campos,Revenga de Campos,"42,2561571","-4,5108862"
34449,34015,1701,Arconada,Arconada,"42,3159791","-4,4902774"
34450,34017,1701,Astudillo,Astudillo,"42,1347985","-4,3359635"
34460,34901,1701,Cabañas de Castilla (Las),Cabañas de Castilla (Las),"42,4197326","-4,3462373"
34465,34186,1701,S Cebrian de Buena Madre,S Cebrian de Buena Madre,"42,1488654","-4,2230836"
34466,34241,1701,Villodre,Villodre,"42,2119949","-4,248717"
34467,34104,1701,Melgar de Yuso,Melgar de Yuso,"42,2458945","-4,264103"
34468,34034,1701,Boadilla del Camino,Boadilla del Camino,"42,3041693","-4,2846246"
34469,34101,1701,Marcilla de Campos,Marcilla de Campos,"42,3679028","-4,4182089"
34470,34037,2201,Barriosuso,Barriosuso,"42,6637705","-4,6140481"
34473,34020,1701,Ayuela,Ayuela,"42,6043205","-4,6347041"
34475,34202,1701,Villabasta de Valdavia,Villabasta de Valdavia,"42,5481217","-4,5727598"
34477,34025,1701,Barcena de Campos,Barcena de Campos,"42,4808019","-4,5418141"
34478,34052,1701,Castrillo de Villavega,Castrillo de Villavega,"42,4542275","-4,4696765"
34480,34005,1701,Alar del Rey,Alar del Rey,"42,6605488","-4,3205566"
34484,34067,2201,Dehesa de Montejo,Dehesa de Montejo,"42,8238643","-4,5108862"
34485,34093,1701,Vid de Ojeda (La),Vid de Ojeda (La),"42,7085279","-4,4696765"
34486,34004,8101,Cozuelos de Ojeda,Cozuelos de Ojeda,"42,7218544","-4,3770704"
34487,34005,2201,Becerril del Carpio,Becerril del Carpio,"42,7148193","-4,3051542"
34490,34017,2201,Palacios del Alcor,Palacios del Alcor,"42,2223441","-4,3667907"
34491,34003,1701,Abia de Las Torres,Abia de Las Torres,"42,4872013","-4,3770704"
34492,9306,1701,Albacastro,Albacastro,"42,6889663","-4,2128337"
34570,35020,8104,San Nicolas de Tolentino,San Nicolas de Tolentino,"40,463667","-3,74922"
34800,34004,1701,Aguilar de Campoo,Aguilar de Campoo,"42,7943499","-4,264103"
34810,34004,1799,Aguilar de Campoo,*Diseminado*,"42,8013976","-4,3359635"
34811,34004,4301,Cabria,Cabria,"42,8413775","-4,1769749"
34813,34004,19201,Puentetoma,Puentetoma,"42,7786249","-4,1616143"
34814,34032,3801,Cuillas del Valle,Cuillas del Valle,"40,463667","-3,74922"
34815,34004,10801,Gama,Gama,"42,7546013","-4,2846246"
34820,34027,1701,Barruelo de Santullan,Barruelo de Santullan,"42,9146438","-4,3000211"
34828,34027,2201,Bustillo de Santullan,Bustillo de Santullan,"42,8893746","-4,3256918"
34829,34027,3801,Cillamayor,Cillamayor,"42,9305617","-4,264103"
34830,34158,2201,Renedo de Zalima,Renedo de Zalima,"42,8438455","-4,3719303"
34839,34056,2201,Barcenilla de Pisuerga,Barcenilla de Pisuerga,"42,8862435","-4,4079213"
34840,34056,4301,Cervera de Pisuerga,Cervera de Pisuerga,"42,8619755","-4,5315029"
34844,34056,12001,Rebanal de Las Llantas,Rebanal de Las Llantas,"42,908539","-4,5830789"
34846,34056,1701,Arbejal,Arbejal,"42,9118069","-4,5005808"
34847,34904,3801,Campo (El),Campo (El),"42,9599694","-4,5108862"
34848,34904,6901,Lores,Lores,"42,9963385","-4,5727598"
34849,34904,1701,Areños,Areños,"43,0012052","-4,4490836"
34850,34049,2201,Castrejon de la Peña,Castrejon de la Peña,"42,7862997","-4,5985613"
34858,34049,5601,Pison de Castrejon,Pison de Castrejon,"42,779974","-4,6347041"
34859,34049,1701,Cantoral de la Peña,Cantoral de la Peña,"42,7824605","-4,5727598"
34869,34171,1701,Aviñante de la Peña,Aviñante de la Peña,"42,8358692","-4,6967189"
34870,34151,4301,Respenda de la Peña,Respenda de la Peña,"42,8197821","-4,7329268"
34874,34151,7501,Vega de Riacos,Vega de Riacos,"40,463667","-3,74922"
34878,34062,2201,Cornoncillo,Cornoncillo,"42,7087887","-4,7070616"
34879,34080,2201,Intorcisa,Intorcisa,"42,7884957","-4,7695355"
34880,34080,1701,Guardo,Guardo,"42,7900236","-4,8624355"
34882,34062,1701,Congosto de Valdavia,Congosto de Valdavia,"42,7028121","-4,6140481"
34884,34171,7501,Velilla de la Peña,Velilla de la Peña,"40,463667","-3,74922"
34886,34199,6901,Velilla del Rio Carrion,Velilla del Rio Carrion,"42,8484186","-4,8624355"
34888,34199,1701,Alba de Los Cardaños,Alba de Los Cardaños,"42,9018087","-4,7484518"
34889,34073,1701,Fresno del Rio,Fresno del Rio,"42,7036216","-4,8313257"
35000,35006,2202,Arucas,Arucas,"40,463667","-3,74922"
35001,35016,24901,Palmas Gran Canaria (Las),Palmas Gran Canaria (Las),"28,0996337","-15,4141296"
35002,35016,24901,Palmas Gran Canaria (Las),Palmas Gran Canaria (Las),"28,1050045","-15,4170583"
35003,35016,24901,Palmas Gran Canaria (Las),Palmas Gran Canaria (Las),"28,110375","-15,4199871"
35004,35016,24901,Palmas Gran Canaria (Las),Palmas Gran Canaria (Las),"28,975612","-13,5610451"
35005,35016,24901,Palmas Gran Canaria (Las),Palmas Gran Canaria (Las),"28,1236316","-15,4287738"
35006,35016,24901,Palmas Gran Canaria (Las),Palmas Gran Canaria (Las),"28,1318534","-15,4317028"
35007,35016,24901,Palmas Gran Canaria (Las),Palmas Gran Canaria (Las),"28,1375585","-15,4317028"
35008,35016,24901,Palmas Gran Canaria (Las),Palmas Gran Canaria (Las),"28,1550953","-15,4155939"
35009,35016,24901,Palmas Gran Canaria (Las),Palmas Gran Canaria (Las),"28,165832","-15,4214515"
35010,35016,12003,Giles (Los),Cañada Honda,"28,1328796","-15,4393074"
35011,35016,24901,Palmas Gran Canaria (Las),Palmas Gran Canaria (Las),"28,1169178","-15,4375609"
35012,35016,24901,Palmas Gran Canaria (Las),Palmas Gran Canaria (Las),"28,1105397","-15,4434192"
35013,35016,24901,Palmas Gran Canaria (Las),Palmas Gran Canaria (Las),"28,0987919","-15,4463485"
35014,35016,24901,Palmas Gran Canaria (Las),Palmas Gran Canaria (Las),"28,0953529","-15,4390254"
35015,35016,24901,Palmas Gran Canaria (Las),Palmas Gran Canaria (Las),"28,0846121","-15,4331673"
35016,35016,19201,Marzagan,Cuesta Ramon,"28,0745411","-15,4214515"
35017,35016,1703,Almatriche,Dragonal Alto,"28,0515443","-15,4478131"
35018,35016,1701,Almatriche,Almatriche Alto,"28,0753654","-15,488828"
35019,35016,24901,Palmas Gran Canaria (Las),Palmas Gran Canaria (Las),"28,1038249","-15,4522071"
35100,35019,9401,Castillo del Romeral,Castillo del Romeral,"27,7626351","-15,5767493"
35106,35019,20699,Maspalomas,*Diseminado*,"27,8015814","-15,6353878"
35107,35019,2299,Aldea Blanca,*Diseminado*,"27,8187664","-15,5357139"
35108,35019,4399,Arteara,*Diseminado*,"27,8617681","-15,5591615"
35109,35019,6901,Ayagaures,Ayagaures,"27,8271338","-15,6119301"
35110,35022,1701,Cruce de Sardina,Balos I,"27,856054","-15,4595306"
35118,35002,2201,Playa de Arinaga,Playa de Arinaga,"27,8728276","-15,4126652"
35119,35002,23402,Poligono de Arinaga,Espinales (Los),"27,8326828","-15,4390254"
35120,35012,3801,Arguineguin,Arguineguin,"27,765083","-15,6793792"
35128,35019,11501,Cercados de Espinos,Cercados de Espino,"27,825386","-15,6764461"
35130,35012,2201,Aquamarina,Aquamarina,"27,7909201","-15,7028457"
35138,35012,3801,Arguineguin,Arguineguin,"27,8034934","-15,7175138"
35139,35012,34701,Playa del Cura (La),Playa del Cura (La),"27,8240652","-15,7615252"
35140,35012,1701,Almacigos (Los),Almacigos (Los),"27,8802186","-15,7204476"
35149,35012,1701,Almacigos (Los),Almacigos (Los),"27,8857041","-15,7468535"
35188,35009,12001,Hoya de Pineda,Buenavista Y Los Silos,"40,463667","-3,74922"
35200,35026,3802,Calero (El),Calero Bajo (El),"28,001003","-15,4155939"
35210,35026,24901,Lomo de la Herradura,Lomo de la Herradura,"27,9983227","-15,4390254"
35211,35026,2201,Breña (La),Breña (La),"27,9689391","-15,471249"
35212,35026,3801,Calero (El),Calero Alto (El),"28,0043471","-15,386309"
35213,35026,34701,Pardilla (La),Pardilla (La),"28,00872","-15,3980224"
35214,35026,6901,Casas Nuevas,Casas Nuevas,"27,9935946","-15,3804526"
35215,35026,3801,Calero (El),Calero Alto (El),"27,9743043","-15,4243804"
35216,35031,2201,Casillas (Las),Casillas (Las),"27,9786574","-15,5357139"
35217,35031,6901,Helechal (El),Helechal (El),"28,0018476","-15,4829681"
35218,35026,7501,Caserones (Los),Caserones Altos,"28,0159537","-15,4595306"
35220,35016,19202,Marzagan,Jinamar,"28,0295484","-15,4155939"
35229,35016,19201,Marzagan,Cuesta Ramon,"28,0412192","-15,4258448"
35240,35011,1701,Carrizal,Carrizal,"27,9109635","-15,4038793"
35250,35011,2201,Ingenio,Ingenio,"27,9259397","-15,4478131"
35259,35011,1702,Carrizal,Majoreras (Las),"27,9299542","-15,4126652"
35260,35002,1701,Aguimes,Aguimes,"27,8889893","-15,471249"
35269,35002,3801,Banda (La),Banda (La),"27,8956803","-15,4126652"
35270,35002,8101,Temisas,Temisas,"27,9155326","-15,488828"
35280,35019,8101,Casas Blancas,Casas Blancas,"27,9101494","-15,5357139"
35290,35019,15499,Hoya Garcia,*Diseminado*,"27,9111338","-15,5767493"
35299,35019,1799,Agualatente,*Diseminado*,"27,9248756","-15,6060661"
35300,35021,1701,Angostura (La),Angostura (La),"28,0379368","-15,491758"
35307,35021,2201,Atalaya (La),Arco (El),"28,0292151","-15,4683193"
35308,35021,2201,Atalaya (La),Arco (El),"28,0245003","-15,509339"
35309,35021,1701,Angostura (La),Angostura (La),"28,0416205","-15,509339"
35310,35021,2201,Atalaya (La),Arco (El),"28,0444058","-15,4727138"
35320,35033,6904,Lagunetas (Las),Lagunetas (Las),"28,0119818","-15,5313178"
35328,35033,1701,Ariñez,Ariñez,"28,0152265","-15,5650239"
35329,35033,2201,Bodeguilla (La),Bodeguilla (La),"27,9809858","-15,5650239"
35330,35027,1701,Alamo (El),Alamo (El),"28,062226","-15,5532993"
35333,35027,2201,Arbejales,Corrales (Los),"28,0475036","-15,551101"
35338,35027,1701,Alamo (El),Alamo (El),"28,050331","-15,5327831"
35339,35027,1701,Alamo (El),Alamo (El),"28,0788576","-15,5327831"
35340,35032,5601,Lanzarote,Lanzarote,"28,0239271","-15,5884754"
35349,35032,1799,Barranco,*Diseminado*,"28,0595145","-15,5767493"
35350,35005,1701,Acusa Verde,Acusa Verde,"28,0280967","-15,6999122"
35360,35025,3899,Culata (La),*Diseminado*,"27,994517","-15,6207263"
35368,35025,1799,Carrizal (El),*Diseminado*,"27,9623743","-15,6764461"
35369,35003,4301,Triquivijate,Triquivijate,"27,9769212","-15,6002024"
35400,35006,2201,Arucas,Angostillo (El),"28,1244909","-15,5327831"
35404,35006,2202,Arucas,Arucas,"40,463667","-3,74922"
35411,35006,8102,Juan XXIII,Juan XXIII,"28,1043811","-15,509339"
35412,35006,6901,Castillos (Los),Altabacales (Los),"28,099162","-15,5298525"
35413,35006,14101,Trapiche,Lomo de Quintanilla,"28,1372518","-15,5210607"
35414,35006,3801,Bañaderos,Bañaderos,"28,1421084","-15,5899413"
35415,35006,5601,Cardones,Cardones,"28,1326708","-15,502663"
35418,35006,14102,Trapiche,Palmita (La),"40,463667","-3,74922"
35420,35009,13603,Quintanas Y Piso Firme,Quintanas Los,"28,1093719","-15,5833452"
35421,35013,1799,Barranco del Laurel,*Diseminado*,"28,0682068","-15,6002024"
35422,35013,3801,Cabo Verde,Cabo Verde,"28,1304688","-15,5796808"
35423,35013,4301,Carreteria,Carreteria,"28,1204222","-15,5679552"
35430,35008,1799,Barranco de Las Madres,*Diseminado*,"28,1055867","-15,5606271"
35431,35008,2201,Buenlugar,Buenlugar,"28,0875578","-15,5562304"
35432,35008,1799,Barranco de Las Madres,*Diseminado*,"28,1053475","-15,5503683"
35435,35008,3899,Caldera (La),*Diseminado*,"40,463667","-3,74922"
35450,35023,13601,Santa Maria de Guia,Anzo,"28,1528456","-15,6324554"
35457,35023,1701,Barranco del Pinar,Marente,"28,0882984","-15,6236585"
35458,35023,2299,Barranquillo Frio,*Diseminado*,"28,1238752","-15,6119301"
35460,35009,2201,Fagajesto,Fagajesto,"28,1507963","-15,6500504"
35468,35009,1701,Caideros,Caideros,"28,1019952","-15,652983"
35469,35009,6901,Puerto de Sardina,Puerto de Sardina,"28,1498826","-15,6823124"
35470,35020,1701,Albercon,Albercon,"27,9762895","-15,7894045"
35478,35020,2201,Artejevez,Artejevez,"27,9258651","-15,7938069"
35479,35020,1701,Albercon,Albercon,"28,0006982","-15,7879371"
35480,35001,1701,Agaete,Agaete,"28,1054172","-15,6969788"
35488,35009,6901,Puerto de Sardina,Puerto de Sardina,"28,1298187","-15,6588485"
35489,35001,1701,Agaete,Agaete,"28,0686998","-15,6940454"
35500,35004,3801,Arrecife,Arrecife,"28,975612","-13,5610451"
35507,35024,1799,Cabreras (Las),*Diseminado*,"29,0110485","-13,5494757"
35508,35024,5601,Costa Teguise,Costa Teguise,"29,0208892","-13,5089907"
35509,35018,2201,Guime,Guime,"28,9580818","-13,5928664"
35510,35028,7501,Puerto del Carmen,Puerto del Carmen,"28,9241885","-13,6449543"
35520,35010,4301,Haria,Haria,"29,1444652","-13,5003169"
35530,35024,2201,Caleta de Famara,Caleta de Famara,"29,059697","-13,5611348"
35539,35024,9401,Mojon (El),Mojon (El),"29,0893793","-13,5089907"
35540,35023,13614,Santa Maria de Guia,Santa Maria de Guia,"29,2490715","-13,5089907"
35541,35010,3801,Guinate,Guinate,"29,1853744","-13,4627375"
35542,35010,1701,Arrieta,Arrieta,"29,132268","-13,4800805"
35543,35010,2201,Charco del Palo,Charco del Palo,"29,0972394","-13,4598473"
35544,35024,6901,Guatiza,Guatiza,"29,0637912","-13,4800805"
35550,35018,3801,Islote (El),Islote (El),"28,9937063","-13,6073332"
35558,35024,2201,Caleta de Famara,Caleta de Famara,"29,0798997","-13,6015463"
35560,35029,1701,Cuchillo (El),Cuchillo (El),"29,0451329","-13,7173325"
35561,35024,10801,Mozaga,Mozaga,"29,0366023","-13,6243711"
35570,35034,1701,Breñas (Las),Breñas (Las),"28,9568368","-13,7984428"
35571,35028,1701,Asomada (La),Asomada (La),"28,9397009","-13,6883765"
35572,35028,1799,Asomada (La),*Diseminado*,"28,9610015","-13,6478486"
35579,35020,1702,Albercon,Cuermeja,"40,463667","-3,74922"
35580,35034,4301,Playa Blanca,Castillo del Aguila,"28,8669999","-13,8390162"
35600,35017,1701,Ampuyenta (La),Ampuyenta (La),"28,4976273","-13,8738031"
35610,35003,6901,Castillo (El),Caleta de Fuste,"28,4175136","-13,8738031"
35611,35017,3801,Casillas del Angel,Casillas del Angel,"28,5213393","-14,0304535"
35612,35017,5601,Guisguey,Guisguey,"28,5509115","-13,8564085"
35613,35017,2201,Asomada (La),Asomada (La),"28,5412694","-13,9492051"
35620,35030,3801,Giniginamar,Giniginamar,"28,2148","-14,0202948"
35625,35015,4301,Morro Jable,Morro Jable,"28,0711126","-14,3384616"
35626,35015,9401,Esquinzo,Esquinzo,"28,11305","-14,3210095"
35627,35015,1799,Cardon,*Diseminado*,"28,196505","-14,1814686"
35628,35015,5601,Pajara,Pajara,"28,3387678","-14,1349852"
35629,35030,3802,Giniginamar,Urbanizacion Giniginamar,"28,2671573","-14,053676"
35630,35003,2201,Antigua,Antigua,"28,4259329","-14,0130391"
35637,35007,1701,Betancuria,Betancuria,"28,4249655","-14,0769024"
35638,35003,1701,Agua de Bueyes,Agua de Bueyes,"28,3738295","-14,0188436"
35639,35003,4301,Triquivijate,Triquivijate,"28,3834898","-13,9260001"
35640,35009,1701,Caideros,Caideros,"28,6399903","-13,8796018"
35649,35014,1701,Caldereta,Caldereta,"28,6176657","-13,98402"
35650,35014,3801,Cotillo El,Cotillo El,"28,6988746","-13,9724141"
35660,35014,2201,Corralejo,Corralejo Playa,"28,7085692","-13,8796018"
36001,36038,1701,Pontevedra,Pontevedra,"42,4297279","-8,6442463"
36002,36038,1701,Pontevedra,Pontevedra,"42,4339446","-8,6449337"
36003,36038,1701,Pontevedra,Pontevedra,"42,1200897","-8,8523562"
36004,36038,1701,Pontevedra,Pontevedra,"42,3239213","-8,7591311"
36005,36038,1701,Pontevedra,Pontevedra,"42,4423768","-8,6463086"
36110,36007,101601,Alagoa,Alagoa,"42,5401886","-8,544636"
36116,36011,102101,Castro Docabo,Castro Docabo,"42,5694425","-8,4129396"
36117,36007,401399,Fornelos,*Diseminado*,"42,5617397","-8,4513272"
36118,36007,301499,Cerdeiras,*Diseminado*,"42,5146024","-8,5611142"
36119,36007,103799,Chacente,*Diseminado*,"42,5568459","-8,5171802"
36120,36012,1101301,Barro,Barro,"42,4614005","-8,555621"
36121,36012,901801,Barbeitos,Barbeitos,"42,4983986","-8,5171802"
36130,36011,207301,Cerdedo,Cerdedo,"42,5081418","-8,385532"
36139,36011,201599,Abelaindo,*Diseminado*,"42,5394206","-8,4239055"
36140,36058,101699,Amproa,*Diseminado*,"42,3775294","-8,6325611"
36141,36058,301499,Areeiros,*Diseminado*,"42,3571595","-8,6435589"
36142,36058,201599,Cardiña,*Diseminado*,"42,3306421","-8,6710603"
36143,36038,1701,Pontevedra,Pontevedra,"42,3953952","-8,6545583"
36150,36038,701001,Couso (O),Couso (O),"42,4615705","-8,5858382"
36151,36038,201501,Abelleira (A),Abelleira (A),"42,4918081","-8,6050736"
36152,36038,602699,Castrado (O),*Diseminado*,"42,4758099","-8,6394346"
36153,36038,1701,Pontevedra,Pontevedra,"42,4012565","-8,673811"
36154,36038,301499,Cara,*Diseminado*,"42,4336281","-8,5844644"
36155,36038,902301,Casaldarado E As Cernadas,Casaldarado E As Cernadas,"40,463667","-3,74922"
36156,36038,901801,Arco (O),Arco (O),"42,4556093","-8,6325611"
36157,36038,101601,Devesa (A),Devesa (A),"42,483194","-8,6545583"
36158,36038,1701,Pontevedra,Pontevedra,"42,4084833","-8,6105703"
36160,36038,1701,Pontevedra,Pontevedra,"42,4184743","-8,6559333"
36161,36038,1701,Pontevedra,Pontevedra,"42,4309367","-8,6201905"
36162,36038,1701,Pontevedra,Pontevedra,"42,442717","-8,6256883"
36163,36041,305301,Encoirados,Encoirados,"42,4336006","-8,6655592"
36164,36038,1203399,Carabelos,*Diseminado*,"42,4385891","-8,5995773"
36190,36002,101601,Casas (Os),Casas (Os),"42,5319076","-8,6545583"
36191,36002,201599,Barro,*Diseminado*,"42,5538773","-8,6215649"
36192,36028,101601,Busto (O),Busto (O),"42,4667362","-8,7426101"
36193,36002,601199,Castro (O),*Diseminado*,"42,5513804","-8,6545583"
36194,36002,402899,Balixe,*Diseminado*,"42,5246652","-8,6215649"
36201,36057,2201,Vigo,Vigo,"42,2381225","-8,713707"
36202,36057,2201,Vigo,Vigo,"42,2370719","-8,727469"
36203,36057,2201,Vigo,Vigo,"42,2312671","-8,7233402"
36204,36057,2201,Vigo,Vigo,"42,2281199","-8,7164592"
36205,36057,2201,Vigo,Vigo,"42,229169","-8,7026991"
36206,36057,2201,Vigo,Vigo,"42,2378424","-8,7013233"
36207,36057,2201,Vigo,Vigo,"42,2476334","-8,7013233"
36208,36057,2201,Vigo,Vigo,"42,2231462","-8,7494934"
36209,36057,2201,Vigo,Vigo,"42,2160112","-8,74674"
36210,36057,2201,Vigo,Vigo,"42,214405","-8,7357274"
36211,36057,2201,Vigo,Vigo,"42,2246206","-8,7302217"
36212,36057,1799,Cies,*Diseminado*,"42,210966","-8,7646388"
36213,36057,2201,Vigo,Vigo,"42,2028572","-8,7426101"
36214,36057,205499,Coutada,*Diseminado*,"42,2160155","-8,6985716"
36215,36057,2201,Vigo,Vigo,"42,2390986","-8,6848147"
36216,36057,2201,Vigo,Vigo,"42,2537845","-8,6848147"
36300,36003,301401,Covaterreña,Barrio la Anunciada,"42,1181721","-8,8555736"
36307,36003,501201,Estivada,Estivada,"42,069409","-8,8197381"
36308,36003,101601,Burgo (O),Burgo (O),"40,463667","-3,74922"
36309,36003,201599,Agro,*Diseminado*,"42,0363372","-8,8734163"
36310,36057,1016401,Gandara,Gandara,"42,1580443","-8,6875659"
36311,36033,101699,Arufe,*Diseminado*,"40,463667","-3,74922"
36312,36057,201501,Babio,Babio,"42,1866194","-8,6985716"
36313,36057,202001,Balde,Balde,"42,1980934","-8,6765618"
36314,36057,207301,Gandara,Gandara,"42,1777997","-8,7178353"
36315,36057,901801,Casas,Casas,"42,1832582","-8,7426101"
36316,36021,1001499,Arcos (Os),*Diseminado*,"42,1252599","-8,7315981"
36317,36057,2201,Vigo,Vigo,"42,2456652","-8,6628089"
36318,36057,305301,Mosteiro,Mosteiro,"42,219358","-8,6545583"
36320,36045,401301,Angoren,Angoren,"42,2648265","-8,6683097"
36330,36057,901801,Casas,Casas,"42,1807247","-8,7756556"
36331,36057,1003501,Breadouro,Breadouro,"42,197239","-8,7839191"
36340,36035,401301,Area-Alta,Area-Alta,"42,1501574","-8,8224941"
36350,36035,301401,Angustia,Angustia,"42,1398107","-8,7976937"
36360,36035,101699,Rotea (A),*Diseminado*,"42,1521586","-8,7646388"
36370,36035,712301,Ramallosa (A),Ramallosa (A),"42,1175252","-8,8004489"
36378,36021,101699,Aciquelo,*Diseminado*,"42,0978968","-8,8004489"
36379,36035,501299,Carrasca (A),*Diseminado*,"42,1316962","-8,7756556"
36380,36021,501299,Abelar,*Diseminado*,"42,1110974","-8,7563773"
36388,36021,401399,Abrollido,*Diseminado*,"42,0826226","-8,7756556"
36389,36021,202099,Bastida,*Diseminado*,"42,0966561","-8,7205877"
36390,36057,1011201,Cotarelo,Cotarelo,"42,1812678","-8,8004489"
36391,36035,201501,Iglesia,Iglesia,"42,1567604","-8,8004489"
36392,36057,1001401,Abad,Abad,"42,1706166","-8,8114707"
36393,36003,601101,Area,Area,"42,106012","-8,8224941"
36400,36039,701099,Aviseiro,*Diseminado*,"42,1638716","-8,6105703"
36410,36039,801999,Casal de Vello,*Diseminado*,"42,1515735","-8,6435589"
36411,36039,301499,Adroza,*Diseminado*,"42,1199758","-8,6559333"
36412,36039,601101,Abelenda (A),Abelenda (A),"42,1406415","-8,6421841"
36413,36039,501299,Barbeito,*Diseminado*,"42,1297071","-8,6408093"
36414,36039,401399,Abas (As),*Diseminado*,"42,1196385","-8,6765618"
36415,36033,401399,Arrufana,*Diseminado*,"42,2145387","-8,5885858"
36416,36033,701099,Balteiro,*Diseminado*,"42,1907941","-8,6435589"
36417,36033,201599,Castros,*Diseminado*,"42,2120552","-8,6215649"
36418,36033,801999,Agueiro,*Diseminado*,"42,1397623","-8,6050736"
36419,36033,601101,Campo de Eiro,Florida (A),"42,1703549","-8,6545583"
36420,36014,401399,Abelan,*Diseminado*,"42,1634896","-8,2158297"
36428,36014,301499,Carreira,*Diseminado*,"42,1748711","-8,193961"
36429,36014,101699,Boavista,*Diseminado*,"42,1513132","-8,2486449"
36430,36001,101699,Aduana,*Diseminado*,"42,1171041","-8,3143192"
36435,36001,201599,Aldea,*Diseminado*,"42,0936087","-8,3334851"
36436,36001,301499,Adega,*Diseminado*,"42,1245299","-8,3471781"
36437,36001,501299,Abelenda del Cuarto,*Diseminado*,"42,1375369","-8,3033694"
36438,36001,401301,Cequelinos,Cequelinos,"42,1300987","-8,2705298"
36439,36001,137899,Souto,*Diseminado*,"40,463667","-3,74922"
36440,36034,502701,Bruñeiras,Bruñeiras,"42,0796155","-8,4239055"
36446,36034,601199,Alburiño,*Diseminado*,"42,0926621","-8,3800516"
36447,36034,301401,Aldea,Aldea,"42,1364494","-8,385532"
36448,36034,101601,Abelleira,Abelleira,"42,1491576","-8,4129396"
36449,36034,401399,Cruz,*Diseminado*,"42,0984545","-8,434873"
36450,36050,1401001,Alto Da Fonte (O),Alto Da Fonte (O),"42,0935787","-8,5007116"
36455,36050,601101,Abelan,Abelan,"42,133667","-8,4897345"
36456,36050,1204801,Chan Da Iglesia,Chan Da Iglesia,"42,1140343","-8,4897345"
36457,36050,401399,Burguete,*Diseminado*,"42,1164741","-8,4568128"
36458,36050,101601,Aldea,Aldea,"42,0911248","-8,5336525"
36459,36050,801999,Alcazar,*Diseminado*,"42,155103","-8,432131"
36460,36049,701099,Agro,*Diseminado*,"42,0763626","-8,5995773"
36470,36049,601101,Altamira,Altamira,"42,1091226","-8,555621"
36471,36049,201599,Aldegode,*Diseminado*,"42,0796605","-8,555621"
36472,36049,301401,Agro,Agro,"42,097657","-8,577596"
36473,36049,501201,Bouzavedra,Bouzavedra,"40,463667","-3,74922"
36474,36049,401301,Arrotea,Arrotea,"42,1354983","-8,5638609"
36475,36039,201599,Arrotea,*Diseminado*,"42,1005016","-8,6050736"
36490,36014,501299,Agro,*Diseminado*,"42,2291996","-8,1884949"
36491,36014,801999,Cotado,*Diseminado*,"42,1955701","-8,2130958"
36492,36014,701001,Borbote,Borbote,"42,1518102","-8,2076282"
36493,36014,901899,Alboredos,*Diseminado*,"42,1408153","-8,2240321"
36494,36001,601101,Eidos de Abajo,Eidos de Abajo,"42,104089","-8,3581344"
36500,36024,1501901,Cello,Cello,"42,6597075","-8,1065516"
36510,36024,2401501,Bailas,Bailas,"42,6843966","-8,101092"
36511,36024,201501,Alemparte,Alemparte,"42,6083408","-7,9374948"
36512,36024,401399,Agrazan,*Diseminado*,"42,6991611","-8,1666344"
36514,36020,1301199,Esperante,*Diseminado*,"42,7308152","-8,0628862"
36515,36024,1401099,Antuin,*Diseminado*,"42,6200254","-8,1174721"
36516,36016,401301,Amedo,Amedo,"42,6306787","-8,0356087"
36517,36024,701001,Bermes,Bermes,"42,7217042","-8,1229329"
36518,36016,101699,Carballo,*Diseminado*,"42,5886676","-8,0792577"
36519,36024,301499,Alen,*Diseminado*,"42,5898402","-8,1994276"
36520,36020,1401001,Costa,Costa,"42,7533052","-8,0192471"
36524,36020,901899,Casal,*Diseminado*,"42,783037","-8,0792577"
36525,36020,401399,Cacharenzo,*Diseminado*,"42,7936472","-7,9974374"
36526,36020,101601,Abaixo,Abaixo,"42,8352006","-8,0956328"
36527,36020,601199,Outeiro de Reis,*Diseminado*,"42,8279659","-7,991986"
36528,36020,201501,Artoño,Artoño,"42,8055143","-8,0356087"
36529,36020,1501901,Gurgueiro,Gurgueiro,"42,7309437","-7,991986"
36530,36047,1701799,Cavada,*Diseminado*,"42,6532358","-7,956562"
36537,36047,701001,Barrio,Barrio,"42,6592593","-7,90482"
36538,36047,401399,Arean,*Diseminado*,"42,6951257","-7,9483898"
36539,36047,501299,Aboldron,*Diseminado*,"42,7175831","-7,90482"
36540,36052,1401001,Barravaite,Barravaite,"42,6981227","-8,2486449"
36543,36052,2501499,Aldea de Abaixo,*Diseminado*,"42,6881486","-8,2185637"
36544,36052,1501901,Forcas,Forcas,"42,6211455","-8,2377049"
36545,36052,801999,Barral,*Diseminado*,"42,6608322","-8,2267665"
36546,36052,201599,Ansemil,*Diseminado*,"42,7317137","-8,2541155"
36547,36052,1101399,Balantiga,*Diseminado*,"42,6949514","-8,2924213"
36548,36052,1701799,Costela,*Diseminado*,"42,6702642","-8,2978951"
36549,36018,103701,Filloi,Filloi,"42,6807135","-8,2717136"
36550,36018,406501,Forcarei,Forcarei,"42,5907017","-8,3553951"
36555,36018,1301199,Fontenla,*Diseminado*,"42,556394","-8,3252705"
36556,36018,101699,Andon,*Diseminado*,"42,5729928","-8,2978951"
36557,36018,601199,Barrio,*Diseminado*,"42,6476323","-8,3417006"
36558,36011,401399,Cachofes,*Diseminado*,"42,5539934","-8,3581344"
36559,36017,1504599,Bouzas (As),*Diseminado*,"42,6119232","-8,2978951"
36560,36018,507001,Soutelo,Soutelo,"42,5317961","-8,2951581"
36567,36018,501299,Ameixeiras,*Diseminado*,"42,5464101","-8,2951581"
36569,36018,801999,Fixo,*Diseminado*,"42,5052765","-8,3581344"
36570,36052,901899,Cornado,*Diseminado*,"42,7337908","-8,2924213"
36579,36052,601199,Alfonsiños,*Diseminado*,"42,7306002","-8,3362235"
36580,36059,401301,Aldea E Fondevila,Aldea E Fondevila,"42,7741895","-8,2705298"
36581,36059,2601399,Barral,*Diseminado*,"42,7789263","-8,2048946"
36582,36059,901801,Abealla,Abealla,"42,7967465","-8,2267665"
36583,36024,3012899,Porto Do Carrio,*Diseminado*,"42,7654239","-8,2240321"
36584,36017,601101,Valboa,Valboa,"42,7653949","-8,3910127"
36585,36059,101601,Añobre,Añobre,"42,8194796","-8,3143192"
36586,36059,2301699,Amosa,*Diseminado*,"42,8040706","-8,2595866"
36587,36052,701099,Altamira,*Diseminado*,"42,7799076","-8,3252705"
36588,36017,2501401,Carballas (As),Carballas (As),"42,738703","-8,3581344"
36589,36052,101601,Abades,Abades,"42,7629012","-8,2924213"
36590,36059,1001401,Vila de Cruces,Vila de Cruces,"42,7935969","-8,1693666"
36596,36024,1101301,Camposancos,Camposancos,"42,760534","-8,1229329"
36597,36059,2801101,Barrio,Barrio,"42,7940974","-8,1283942"
36598,36024,3001599,Alle,*Diseminado*,"42,7610939","-8,1830291"
36599,36059,201599,Barrio,*Diseminado*,"42,8349877","-8,1666344"
36600,36060,103799,Pena (A),*Diseminado*,"42,593848","-8,7673929"
36610,36060,301499,Anxeles (Os),*Diseminado*,"42,6088563","-8,7618849"
36611,36060,801999,Feal (O),*Diseminado*,"42,5802075","-8,7866738"
36612,36010,101699,Busto,*Diseminado*,"42,6586006","-8,7150831"
36613,36060,101601,Bocas (As),Bocas (As),"42,5959727","-8,754747"
36614,36061,201599,Abelleira (A),*Diseminado*,"42,5658194","-8,7205877"
36615,36005,701099,Calcote,*Diseminado*,"42,5861181","-8,7095789"
36616,36028,801999,Carregal,*Diseminado*,"42,5471949","-8,7095789"
36617,36060,401301,Aldea de Arriba (A),Aldea de Arriba (A),"42,604728","-8,7205877"
36618,36060,201599,Amproa (A),*Diseminado*,"42,6216416","-8,7536237"
36619,36060,501201,Cornazo de Abaixo,Cornazo de Abaixo,"42,5730198","-8,7536237"
36620,36061,312701,Vilamaior,Vilamaior,"42,5701476","-8,8224941"
36626,36901,101699,Aceñas (As),*Diseminado*,"42,5521338","-8,8666032"
36627,36061,401399,Cardalda,*Diseminado*,"42,5413806","-8,8169822"
36628,36061,101699,Casas (Os),*Diseminado*,"42,5518662","-8,7756556"
36629,36060,910901,Praga,Praga,"42,5612702","-8,8114707"
36630,36006,101601,Cambados,Cambados,"42,5125969","-8,8114707"
36633,36006,501201,Bouciña (A),Bouciña (A),"42,5154312","-8,7924216"
36634,36006,301401,Cabana (A),Cabana (A),"42,5324971","-8,8059596"
36635,36006,401399,"Abelleira, A",*Diseminado*,"42,535777","-8,7315981"
36636,36046,101601,Caponiñas,Caponiñas,"42,5137683","-8,7646388"
36637,36028,201599,Arosa,*Diseminado*,"42,5029514","-8,7150831"
36638,36027,101601,Aldea de Abaixo (A),Aldea de Abaixo (A),"42,4619749","-8,7729012"
36639,36006,201501,Adro (O),Adro (O),"42,4811476","-8,8087151"
36640,36044,107401,Portarraxoi,Portarraxoi,"42,715638","-8,6353104"
36645,36056,201599,Balleas,*Diseminado*,"42,6899842","-8,6215649"
36646,36056,301499,Bronllo,*Diseminado*,"42,6688982","-8,6435589"
36647,36056,101699,Coto (O),*Diseminado*,"42,6946857","-8,6875659"
36649,36044,101699,"Cagaxol, O",*Diseminado*,"42,7142439","-8,669685"
36650,36005,301401,Caldas de Reis,Caldas de Reis,"42,6041696","-8,6421182"
36653,36005,502799,Aguiuncho,*Diseminado*,"42,6122524","-8,6215649"
36654,36005,501201,Aboy,Aboy,"42,6414155","-8,6215649"
36655,36005,101699,Ameal,*Diseminado*,"42,5822419","-8,6325611"
36656,36005,801999,Arreten,*Diseminado*,"42,6072469","-8,6875659"
36657,36040,201599,Aldeanova,*Diseminado*,"42,568338","-8,6875659"
36658,36017,3601901,Aldea Grande (A),Aldea Grande (A),"42,5708458","-8,6545583"
36659,36005,401399,Campo,*Diseminado*,"42,6291988","-8,6545583"
36660,36032,903901,Corrigatos,Corrigatos,"42,5873711","-8,5968293"
36668,36032,201501,Cosoirado,Cosoirado,"42,5872112","-8,5666077"
36669,36032,101601,"Apedrado, O","Apedrado, O","42,5458004","-8,5995773"
36670,36015,405201,Cuntis,Cuntis,"42,633611","-8,5638609"
36675,36015,406501,Fontecova,Fontecova,"42,6139114","-8,5995773"
36676,36017,4701399,Calvelo,*Diseminado*,"42,7063014","-8,5336525"
36677,36015,101601,Anllada (A),Anllada (A),"42,6666347","-8,544636"
36678,36015,201599,Agro Do Monte,*Diseminado*,"42,6330328","-8,539144"
36679,36015,401301,Calvos,Calvos,"42,6536198","-8,5885858"
36680,36017,1902001,Estrada (A),Estrada (A),"42,6901583","-8,4897345"
36681,36017,1903601,Figueroa de Abaixo,Figueroa de Abaixo,"42,6786298","-8,4815027"
36682,36017,701099,Cerdeiral (O),*Diseminado*,"42,7370563","-8,5116903"
36683,36017,901899,Bumio,*Diseminado*,"42,7268562","-8,5830907"
36684,36017,501299,Abeleira (A),*Diseminado*,"42,6095838","-8,4622987"
36685,36017,101601,Gonxar,Gonxar,"42,7415452","-8,385532"
36686,36017,301499,Barro (O),*Diseminado*,"42,6832926","-8,385532"
36687,36017,1401099,Constenla,*Diseminado*,"42,6658937","-8,4239055"
36688,36017,1101301,Berres,Berres,"42,7338673","-8,4239055"
36689,36017,2601301,Brea (A),Brea (A),"42,738692","-8,4897345"
36690,36038,501201,Cacheiro,Cacheiro,"42,3604796","-8,5995773"
36691,36053,201599,Alxan,*Diseminado*,"42,3336359","-8,5666077"
36692,36002,302901,Bretoña,Bretoña,"42,5063041","-8,6710603"
36693,36045,301401,Carballiño,Carballiño,"42,3036458","-8,6078219"
36700,36055,1201201,Tui,Tui,"42,0511469","-8,6408093"
36710,36055,1101399,Barreiro,*Diseminado*,"42,1016749","-8,6545583"
36711,36055,101699,Anta,*Diseminado*,"42,0402325","-8,6875659"
36712,36055,1001499,Arroyo,*Diseminado*,"42,0722135","-8,6545583"
36713,36055,901899,Abelleira,*Diseminado*,"42,0688728","-8,6985716"
36714,36055,501299,Cruz,*Diseminado*,"42,0514703","-8,7013233"
36715,36055,701099,Angel,*Diseminado*,"42,059725","-8,6573084"
36720,36055,401301,Albelos,Albelos,"42,0747066","-8,6215649"
36729,36055,601199,Campos,*Diseminado*,"42,0591874","-8,5666077"
36730,36054,101601,Arrotea,Arrotea,"41,9893931","-8,7095789"
36739,36054,901899,Bouzada,*Diseminado*,"42,0188971","-8,7095789"
36740,36054,1401099,Arrotea,*Diseminado*,"41,9958658","-8,7536237"
36746,36054,1301101,Carballal (O),Carballal (O),"42,0458635","-8,7426101"
36747,36054,1501999,Arrotea,*Diseminado*,"42,0262069","-8,7426101"
36748,36054,1201299,Bouzafria,*Diseminado*,"42,0252214","-8,7233402"
36749,36054,201501,Cristelos,Cristelos,"42,0478212","-8,7811645"
36750,36054,701001,Avenida Brasil,Avenida Brasil,"41,9458222","-8,7646388"
36760,36048,101601,Carril,Carril,"41,9227429","-8,8087151"
36770,36048,201501,Cachada,Cachada,"41,9443776","-8,8473024"
36778,36048,220401,Parada,Parada,"40,463667","-3,74922"
36779,36036,103701,Campo,Campo,"42,0051097","-8,8252502"
36780,36023,201501,Guarda (A),Guarda (A),"41,9041915","-8,8734975"
36788,36023,101601,Bouza Da Fonte,Bouza Da Fonte,"41,8889312","-8,8638457"
36789,36023,301401,Aloqueiro,Aloqueiro,"41,9094883","-8,8528164"
36790,36054,1001401,Aldea,Aldea,"42,0195755","-8,6683097"
36791,36054,301499,Barral,*Diseminado*,"42,0035721","-8,6848147"
36792,36054,501299,Centinela,*Diseminado*,"41,9646624","-8,7756556"
36794,36036,401399,Abellariza,*Diseminado*,"41,9873726","-8,8638457"
36800,36045,801901,Redondela,Redondela,"42,2787726","-8,6133188"
36810,36045,1301199,Nogueira (A),*Diseminado*,"42,3213813","-8,5995773"
36811,36045,1001401,Cabanas,Cabanas,"42,2660774","-8,6518083"
36812,36045,202099,Cruceiro (O),*Diseminado*,"42,2797665","-8,6325611"
36813,36045,101699,Igrexa (A),*Diseminado*,"42,2530577","-8,6298119"
36814,36045,501299,Fixon,*Diseminado*,"42,2587827","-8,6188161"
36815,36045,1201299,Igrexa (A),*Diseminado*,"42,2414411","-8,6215649"
36816,36045,901899,Casal Do Monte,*Diseminado*,"42,2502352","-8,6023254"
36817,36037,301499,Alen,*Diseminado*,"42,2651565","-8,5666077"
36818,36045,201599,Aldea (A),*Diseminado*,"42,2981701","-8,5830907"
36820,36043,709701,Pontecaldelas,Pontecaldelas,"42,4024765","-8,4952228"
36826,36043,201501,Barbudo,Barbudo,"42,3617676","-8,5171802"
36827,36043,601101,Aluncia,Aluncia,"42,3824956","-8,5666077"
36828,36043,702501,Cuñas,Cuñas,"42,4134356","-8,544636"
36829,36043,101601,Anceu,Anceu,"42,3703256","-8,4677851"
36830,36025,901899,Arcos,*Diseminado*,"42,4012558","-8,4458421"
36835,36025,1001499,Cabalar,*Diseminado*,"42,4264328","-8,3690922"
36836,36025,801999,Aredo,*Diseminado*,"42,3926545","-8,3636131"
36837,36025,201501,Barcia,Barcia,"42,4557118","-8,3690922"
36838,36025,401399,Barbeira,*Diseminado*,"42,4392827","-8,4266472"
36839,36025,203601,Cambeses,Cambeses,"42,4329733","-8,4129396"
36840,36037,101699,Cabalo (O),*Diseminado*,"42,295339","-8,555621"
36841,36037,401301,Ermida (A),Ermida (A),"42,2978017","-8,5226706"
36842,36037,201599,Cuartos de Borben,*Diseminado*,"42,2676226","-8,5336525"
36843,36037,501201,Fraga Do Rei,Fraga Do Rei,"42,3190017","-8,5007116"
36844,36037,801999,Cabo Da Raña (O),*Diseminado*,"42,2994376","-8,5007116"
36845,36019,101601,Alen,Alen,"42,3385585","-8,5007116"
36846,36019,501201,Oitaven,Oitaven,"42,3326532","-8,4815027"
36847,36019,301401,Fondo Da Vila,Fondo de Vila,"42,3418165","-8,4568128"
36848,36019,701001,Ventin A Berducido,Ventin A Berducido,"42,3140999","-8,434873"
36849,36019,602601,Pardalongas,Pardalongas,"42,3018826","-8,4677851"
36850,36025,301499,Cabadiña,*Diseminado*,"40,463667","-3,74922"
36851,36019,201599,Bustelos,*Diseminado*,"42,3263049","-8,4019754"
36852,36019,401399,Airoa,*Diseminado*,"42,3535649","-8,3636131"
36853,36025,101699,Abelaido,*Diseminado*,"42,3833401","-8,4239055"
36854,36012,101699,Agualta,*Diseminado*,"42,43868","-8,4677851"
36855,36012,103701,Boliñas,Boliñas,"42,4598183","-8,4458421"
36856,36012,401399,Berberote,*Diseminado*,"42,4890751","-8,4458421"
36857,36012,803099,Lourenzos (Os),*Diseminado*,"42,4663179","-8,4897345"
36858,36012,202001,Cachopeiras,Cachopeiras,"42,439886","-8,5171802"
36859,36012,201501,Arrotea,Arrotea,"42,43519","-8,5473821"
36860,36042,2301601,Ponteareas,Ponteareas,"42,1792459","-8,5034561"
36861,36042,301499,Agualevada,*Diseminado*,"42,077548","-8,4165376"
36862,36042,1701799,Capela (A)-Alcazar (O),*Diseminado*,"42,1510435","-8,4869905"
36863,36042,701099,Outeiro (O),*Diseminado*,"42,1342836","-8,5144352"
36864,36042,1601899,Camba (A),*Diseminado*,"42,1829091","-8,45407"
36865,36042,201599,Veasque,*Diseminado*,"42,1745389","-8,4677851"
36866,36042,1001499,Borraxeiros,*Diseminado*,"42,2231428","-8,539144"
36867,36042,101601,Abelleira (A),Abelleira (A),"42,1649431","-8,4979672"
36868,36042,1201299,Carballede,*Diseminado*,"42,1769721","-8,434873"
36869,36042,501299,Camondes,*Diseminado*,"42,1947689","-8,4924786"
36870,36030,505199,Merouces,*Diseminado*,"42,2323226","-8,4485846"
36872,36013,403499,Barreiras,*Diseminado*,"42,2377235","-8,3417006"
36873,36013,201599,Barcia,*Diseminado*,"42,2948762","-8,3636131"
36874,36030,101699,Aboal,*Diseminado*,"42,2611039","-8,4897345"
36875,36019,601101,Freaza,Freaza,"42,2529404","-8,4677851"
36876,36013,112999,Vilanova,*Diseminado*,"42,2390129","-8,3910127"
36877,36013,1101399,Condes,*Diseminado*,"42,1953113","-8,385532"
36878,36013,101699,Alen,*Diseminado*,"42,2704664","-8,4293891"
36879,36030,502799,Escobeiro,*Diseminado*,"42,2145664","-8,4568128"
36880,36009,203601,Cañiza (A),Cañiza (A),"42,2183941","-8,2705298"
36883,36009,901899,Abelan,*Diseminado*,"42,1595468","-8,2705298"
36884,36009,801999,Abelenda,*Diseminado*,"42,2409117","-8,2978951"
36885,36009,601199,Arans,*Diseminado*,"42,2199751","-8,2486449"
36886,36009,302999,Aldea,*Diseminado*,"42,1807505","-8,2486449"
36887,36009,501299,Abelleira,*Diseminado*,"42,1805004","-8,3197946"
36888,36009,101699,Achas,*Diseminado*,"42,2070051","-8,2924213"
36889,36009,401399,Cebreiro,*Diseminado*,"42,1727996","-8,3581344"
36890,36031,101601,Mondariz-Balneario,Mondariz-Balneario,"42,2209004","-8,4705284"
36891,36042,1101399,Balsadas (As),*Diseminado*,"42,1867859","-8,5666077"
36892,36042,401399,Covelo (O),*Diseminado*,"42,1714769","-8,5418899"
36893,36042,801999,Areal de Fontes (O),*Diseminado*,"42,1931199","-8,4485846"
36895,36042,2101899,Costeliña (A),*Diseminado*,"42,2121258","-8,4897345"
36900,36026,302999,Arealonga,*Diseminado*,"42,3890189","-8,7039807"
36910,36038,1701,Pontevedra,Pontevedra,"42,3990952","-8,6861903"
36911,36026,501299,Baguin,*Diseminado*,"42,3832586","-8,7178353"
36912,36026,101699,Cabodevila,*Diseminado*,"42,3496194","-8,7426101"
36913,36026,701001,Aguete,Aguete,"42,3673472","-8,734351"
36914,36026,106899,Pastoriza,*Diseminado*,"42,3529937","-8,7053967"
36915,36026,301499,Grela (A),*Diseminado*,"42,3733581","-8,6875659"
36920,36026,401301,Marin,Marin,"42,3955355","-8,7088909"
36930,36004,201599,Canceliña (A),*Diseminado*,"42,3255768","-8,7852965"
36937,36004,102199,Bon de Abaixo,*Diseminado*,"42,3249943","-8,8087151"
36938,36004,208999,Meiro,*Diseminado*,"42,3194558","-8,7536237"
36939,36004,101601,Achadiza (A),Achadiza (A),"42,3177648","-8,7756556"
36940,36008,201501,Cangas,Cangas,"42,2648755","-8,7797872"
36945,36008,101601,Espiñeira (A),Espiñeira (A),"42,2735456","-8,8417888"
36946,36008,102199,Gandon,*Diseminado*,"42,2965137","-8,7976937"
36947,36008,301499,Agualevada,*Diseminado*,"42,2786466","-8,7756556"
36948,36008,501201,Donon,Donon,"40,463667","-3,74922"
36950,36029,406501,Praia (A),Praia,"42,2760463","-8,7377922"
36954,36029,301401,Abelendo,Abelendo,"42,2901197","-8,7536237"
36955,36029,201599,Couso,*Diseminado*,"42,3006126","-8,7123309"
36957,36029,101699,Calvar (O),*Diseminado*,"42,304944","-8,6875659"
36958,36029,502799,Igrexario (O),*Diseminado*,"42,2732104","-8,7508702"
36959,36029,303599,Broullon,*Diseminado*,"42,3091309","-8,7288454"
36960,36051,810001,Sanxenxo,Sanxenxo,"42,4018026","-8,8100929"
36966,36051,301401,Areas,Areas,"42,4034467","-8,7729012"
36967,36027,201599,Abuin,*Diseminado*,"42,4421527","-8,8087151"
36968,36027,401301,Agros (Os),Agros (Os),"42,4607034","-8,7894287"
36969,36027,301401,Freixeiro,Freixeiro,"42,4243432","-8,7866738"
36970,36051,112901,Portonovo,Portonovo,"42,3932049","-8,8266283"
36979,36051,101601,Baltar,Baltar,"42,4111841","-8,8307626"
36980,36022,104299,Cantodorxo,*Diseminado*,"42,4923908","-8,867982"
36988,36022,201599,Balea,*Diseminado*,"42,4743034","-8,8969427"
36989,36022,101601,Ardia,Ardia,"42,4835443","-8,8721186"
36990,36051,501299,Bouza (A),*Diseminado*,"42,4342919","-8,8473024"
36991,36022,114001,Toxa (Illa Da),Toxa (Illa Da),"42,4890178","-8,8486809"
36992,36041,409099,Serpe,*Diseminado*,"42,4277263","-8,7426101"
36993,36041,101699,Armada,*Diseminado*,"42,4369374","-8,7178353"
36995,36041,201501,Albar,Albar,"42,451437","-8,6875659"
37001,37274,2201,Salamanca,Salamanca,"40,9649575","-5,6602562"
37002,37274,2201,Salamanca,Salamanca,"40,9672153","-5,6655157"
37003,37274,2201,Salamanca,Salamanca,"40,9645368","-5,6431662"
37004,37274,2201,Salamanca,Salamanca,"40,9796311","-5,6431662"
37005,37274,2201,Salamanca,Salamanca,"40,9838888","-5,6589414"
37006,37274,2201,Salamanca,Salamanca,"40,9778242","-5,6799816"
37007,37274,2201,Salamanca,Salamanca,"40,9669835","-5,6957667"
37008,37085,5601,Montalvo (El),Poligono Montalvo,"40,9550519","-5,6826122"
37100,37170,2299,Casar (El),*Diseminado*,"41,0750105","-5,9938339"
37110,37019,1701,Aldearrodrigo,Aldearrodrigo,"41,1438892","-5,8248352"
37111,37030,1701,Añover de Tormes,Añover de Tormes,"41,1607281","-5,8881542"
37114,37120,1701,Encina de San Silvestre,Encina S Silvestre,"41,0577275","-6,1314928"
37115,37027,1701,Almenara de Tormes,Almenara de Tormes,"41,0826067","-5,8459341"
37116,37170,1799,Aldeagutierrez,*Diseminado*,"41,1330129","-6,0361574"
37117,37117,2201,Doñinos de Salamanca,Doñinos Salamanca,"40,9619873","-5,7457805"
37120,37087,2299,Cabrasmalas,*Diseminado*,"40,9614621","-5,7563151"
37129,37087,1799,Barregas,*Diseminado*,"40,9852974","-5,7826597"
37130,37079,4301,Quejigal,Quejigal,"40,9331654","-6,014992"
37139,37116,3899,Dehesitas (Las),*Diseminado*,"40,9792689","-5,9991228"
37140,37370,2201,Campo de Ledesma,Campo de Ledesma,"41,1285422","-6,1208926"
37147,37360,1799,Sahelicejos,*Diseminado*,"41,022474","-6,2269763"
37148,37126,1799,Becerril,*Diseminado*,"41,0637939","-6,2057449"
37149,37170,4399,Cuadrilleros,*Diseminado*,"41,1241989","-6,1553498"
37150,37370,7501,Gejo de Los Reyes,Gejo de Los Reyes,"41,1652477","-6,1845209"
37159,37262,1701,Cerezal de Puertas,Cerezal Puertas,"41,1205524","-6,2694608"
37160,37364,2201,Villarino de Los Aires,Villarino,"41,2525796","-6,418385"
37169,37364,2201,Villarino de Los Aires,Villarino,"40,7369333","-5,4487288"
37170,37087,16799,Porteros,*Diseminado*,"41,0307696","-5,8775964"
37171,37180,1701,Manzano (El),Manzano (El),"41,1818507","-6,2482149"
37172,37301,1701,Sardon de Los Frailes,Sardon de Los Frailes,"41,220756","-6,2694608"
37173,37004,1701,Ahigal de Villarino,Ahigal Villarino,"41,2149161","-6,375799"
37174,37364,1701,Cabeza de Framontanos,Cabeza de Framontanos,"41,1913342","-6,4396888"
37175,37250,1701,Pereña,Pereña,"41,2265749","-6,5249759"
37176,37028,1701,Almendra,Almendra,"41,2372841","-6,333242"
37181,37069,1701,Amatos,Amatos,"40,9564153","-5,551228"
37183,37023,6999,Sanchoviejo,*Diseminado*,"40,8272756","-5,7194522"
37184,37362,2201,Poligono Industrial Los V,Poligono Industrial Villa,"40,9978783","-5,6300233"
37185,37116,4399,Gudino,*Diseminado*,"41,0037968","-5,7141879"
37186,37023,3899,Otero Vaciadores,*Diseminado*,"40,8798441","-5,7773898"
37187,37023,1701,Aldeatejada,Aldeatejada,"40,8888105","-5,6983979"
37188,37032,5699,Pinilla (La),*Diseminado*,"40,9342658","-5,6548519"
37189,37362,1701,Aldeaseca de Armuña,Aldeaseca de Armuña,"41,0183147","-5,6747209"
37190,37322,6901,Urbanizacion El Encinar,Urbanizacion Encinar,"40,8806693","-5,5814204"
37191,37070,1701,Calvarrasa de Arriba,Calvarrasa Arriba,"40,8959834","-5,551228"
37192,37023,2299,Montalvo Primero,*Diseminado*,"40,9299264","-5,7326149"
37193,37067,1701,Aldehuela de Los Guzmanes,Aldehuela de Los Guzmanes,"40,9787819","-5,6090009"
37194,37294,2201,Santa Marta de Tormes,Sta Marta Tormes,"40,938008","-5,6195112"
37197,37209,3899,Ariseos,*Diseminado*,"40,844742","-5,6720907"
37198,37085,2299,Carpihuelo,*Diseminado*,"40,9406935","-5,6418517"
37200,37135,2201,Fuente de S Esteban (La),Estacion Ferrocarril,"40,8040374","-6,2641486"
37207,37135,2201,Fuente de S Esteban (La),Estacion Ferrocarril,"40,463667","-3,74922"
37208,37135,1701,Boadilla,Boadilla,"40,7853802","-6,1420947"
37209,37059,2201,Buenamadre,Buenamadre,"40,8603435","-6,2482149"
37210,37376,2201,Vitigudino,Vitigudino,"41,0066518","-6,4237102"
37214,37065,1701,Cabeza del Caballo,Cabeza del Caballo,"41,1570847","-6,5143087"
37216,37106,1799,Castillejo de Evans,*Diseminado*,"40,9658416","-6,3438785"
37217,37042,1701,Barceino,Barceino,"41,0934733","-6,3970884"
37219,37067,7599,Casablanca,*Diseminado*,"40,9669914","-6,5036433"
37220,37132,1701,Fregeneda (La),Fregeneda (La),"41,0048937","-6,8887202"
37230,37160,1701,Hinojosa de Duero,Hinojosa de Duero,"40,9817517","-6,7708138"
37240,37173,1701,Lumbrales,Lumbrales,"40,9465472","-6,6851982"
37246,37311,1701,Sobradillo,Sobradillo,"40,9094835","-6,8029489"
37247,37266,1701,Redonda (La),Redonda (La),"40,9079158","-6,7440467"
37248,37003,1701,Ahigal de Los Aceiteros,Ahigal de Los Aceiteros,"40,8717513","-6,7601057"
37250,37014,1701,Aldeadavila de la Ribera,Aldeadavila Ribera,"41,2004544","-6,6317461"
37251,37014,2201,Corporario,Corporario,"41,2029086","-6,5890166"
37253,37014,3801,Salto de Aldeadavila,Salto Aldeadavila,"41,1603982","-6,6317461"
37254,37190,1701,Mieza,Mieza,"41,1566845","-6,6958939"
37255,37044,1701,Barruecopardo,Barruecopardo,"41,0589001","-6,6531216"
37256,37123,1701,Encinasola Comendadores,Encinasola Comendadores,"41,0342985","-6,5569882"
37257,37302,1701,Salto de Saucelle,Salto de Saucelle,"41,0539244","-6,7386946"
37258,37208,2201,Moronta,Moronta,"41,1047037","-6,7279918"
37259,37275,1701,Saldeana,Saldeana,"41,0199771","-6,6317461"
37260,37373,1701,Villavieja de Yeltes,Villavieja Yeltes,"40,8687651","-6,4609998"
37267,37363,1701,Pedro Alvaro,Pedro Alvaro,"40,8723285","-6,3970884"
37270,37285,1701,S Felices de Los Gallegos,S Felices Gallegos,"40,8352169","-6,6958939"
37271,37039,1701,Bañobarez,Bañobarez,"40,8187723","-6,6317461"
37273,37101,2299,Cerralbo,*Diseminado*,"40,9278586","-6,5730004"
37281,37113,2299,Cuarto del Pino,*Diseminado*,"40,8853389","-6,3438785"
37290,37052,1701,Boada,Boada,"40,8355517","-6,333242"
37291,37049,1701,Bermellar,Bermellar,"40,940808","-6,6103778"
37292,37223,1701,Olmedo de Camaces,Olmedo de Camaces,"40,8260685","-6,5036433"
37300,37246,1701,Peñaranda de Bracamonte,Peñaranda Bracamonte,"40,8923891","-5,1953554"
37310,37174,1701,Macotera,Macotera,"40,8473021","-5,2997959"
37311,37296,1799,Campillo Y Melardos,*Diseminado*,"40,7876959","-5,2788926"
37312,37007,1701,Alaraz,Alaraz,"40,7261116","-5,2997959"
37313,37178,1701,Malpartida,Malpartida,"40,7641071","-5,24233"
37314,37276,1701,Salmoral,Salmoral,"40,8107379","-5,2162283"
37315,37179,1701,Mancera de Abajo,Mancera de Abajo,"40,8371474","-5,1901384"
37316,37057,1701,Boveda del Rio Almar,Boveda Rio Almar,"40,8660024","-5,2214477"
37317,37022,1701,Aldeaseca de la Frontera,Aldeaseca Frontera,"40,9710988","-5,2371087"
37318,37232,1701,Paradinas de San Juan,Paradinas S Juan,"40,9748564","-5,1536327"
37319,37083,1701,Cantaracillo,Cantaracillo,"40,9144189","-5,1536327"
37320,37358,1701,Pedrezuela de San Bricio,Pedrezuela S Bricio,"40,948099","-5,2997959"
37329,37012,1701,Alconada,Alconada,"40,9250554","-5,3625516"
37330,37038,1701,Babilafuente,Babilafuente,"40,9873168","-5,4306141"
37337,37110,1701,Cordovilla,Cordovilla,"40,9432469","-5,4044268"
37338,37164,2201,Huerta,Huerta,"41,0089131","-5,3991907"
37339,37374,1701,Villoria,Villoria,"40,9854686","-5,3625516"
37340,37020,1701,Aldearrubia,Aldearrubia,"40,9996802","-5,4882679"
37350,37016,1701,Aldealengua,Aldealengua,"40,9918902","-5,5459787"
37400,37081,1701,Cantalapiedra,Cantalapiedra,"41,1338375","-5,1953554"
37405,37082,1701,Cantalpino,Cantalpino,"41,0573247","-5,3311652"
37406,37228,1701,Palaciosrubios,Palaciosrubios,"41,0611586","-5,2475518"
37408,37382,1799,Aldehuela de Las Flores,*Diseminado*,"41,0132415","-5,1953554"
37409,37317,1701,Tarazona de Guareña,Tarazona de Guareña,"41,1711394","-5,2579968"
37410,37239,2201,Pedroso de la Armuña (El),Pedroso Armuña (El),"41,0840603","-5,4044268"
37418,37031,1701,Arabayona de Mogica,Arabayona de Mogica,"41,0448428","-5,3834854"
37419,37128,1701,Espino de la Orbada,Espino de la Orbada,"41,1433181","-5,4253757"
37420,37152,1701,Gomecello,Gomecello,"41,0379002","-5,5302337"
37427,37224,1701,Orbada (La),Orbada (La),"41,0713049","-5,5669786"
37428,37224,1701,Orbada (La),Orbada (La),"41,1001881","-5,4882679"
37429,37017,1701,Aldeanueva de Figueroa,Aldeanueva Figueroa,"41,1679276","-5,5407299"
37430,37207,1799,Estacion (La),*Diseminado*,"41,0004309","-5,5774814"
37439,37092,1701,Castellanos de Moriscos,Castellanos Moriscos,"41,0348619","-5,593239"
37440,37040,1701,Barbadillo,Barbadillo,"40,8792836","-5,8881542"
37447,37271,1701,Rollan,Rollan,"40,9576737","-5,9304039"
37448,37072,1701,Calzada de Don Diego,Calzada D. Diego,"40,9174109","-5,9304039"
37449,37087,17399,Rodillo,*Diseminado*,"40,9524572","-5,8353837"
37450,37187,1799,Campo del Hospicio,*Diseminado*,"40,7975357","-5,9092754"
37451,37087,5699,Cubito,*Diseminado*,"40,7693138","-5,9673967"
37452,37211,1701,Castroverde,Castroverde,"40,7380394","-5,8881542"
37453,37187,3899,Carrascal Sanchiricones,*Diseminado*,"40,8220057","-5,8248352"
37454,37346,4399,Huerta (La),*Diseminado*,"40,7157258","-5,8301092"
37458,37237,5699,Dueña de Abajo (La),*Diseminado*,"40,5015928","-6,655794"
37460,37025,1701,Aldehuela de la Boveda,Aldehuela Boveda,"40,8682928","-6,0996978"
37465,37273,1799,Anaya de Huebra,*Diseminado*,"40,7483722","-6,0785104"
37466,37025,4399,Cuarto del Pilar,*Diseminado*,"40,7559197","-6,0308654"
37467,37283,7599,Villagarcia,*Diseminado*,"40,463667","-3,74922"
37468,37106,2299,Ciperez,*Diseminado*,"40,96784","-6,1208926"
37470,37279,6901,Sancti-Spiritus,Sancti-Spiritus,"40,719281","-6,429036"
37478,37009,1701,Alba de Yeltes,Alba de Yeltes,"40,6538471","-6,333242"
37479,37096,4301,Paradinas de Abajo,Paradinas Abajo,"40,7453854","-6,5036433"
37480,37140,1701,Colonia de la Estacion,Colonia Estacion,"40,5676927","-6,7815237"
37481,37140,2201,Fuentes de Oñoro,Fuentes de Oñoro,"40,5982048","-6,8217017"
37488,37015,1701,Aldea del Obispo,Aldea del Obispo,"40,7426096","-6,7279918"
37490,37062,1701,Cabezabellosa la Calzada,Cabezabellosa Calzada,"41,0619943","-5,4463322"
37491,37079,3899,Navas de Quejigal,*Diseminado*,"40,8982011","-6,0097018"
37492,37270,4399,San Fernando,*Diseminado*,"40,8560683","-5,9964783"
37493,37059,1799,Aldeavila de Revilla,*Diseminado*,"40,8436213","-6,1845209"
37494,37097,1701,Castraz,Castraz,"40,7381579","-6,2694608"
37495,37267,1799,Balneario de Retortillo,*Diseminado*,"40,8118674","-6,3970884"
37496,37183,3899,Collado de Yeltes,*Diseminado*,"40,7346753","-6,333242"
37497,37005,1701,Alameda de Gardon (La),Alameda Gardon (La),"40,5834303","-6,6851982"
37500,37107,3801,Ciudad Rodrigo,Ciudad Rodrigo,"40,6336605","-6,5143087"
37510,37002,1701,Agallas,Agallas,"40,4334694","-6,471658"
37515,37119,1701,Encina (La),Encina (La),"40,516355","-6,5303102"
37516,37157,2201,Herguijuela Ciudad-Rodrig,Herguijuela Ciudad-Rodrig,"40,4555317","-6,5303102"
37520,37054,1799,Aldealba de Hortaces,*Diseminado*,"40,4978213","-6,5890166"
37521,37269,1701,Robleda,Robleda,"40,3748626","-6,6103778"
37522,37371,1701,Villasrubias,Villasrubias,"40,3330035","-6,6317461"
37523,37245,1799,Dehesa de Perosin,*Diseminado*,"40,310215","-6,6745042"
37524,37234,2201,Payo (El),Payo (El),"40,2969485","-6,7279918"
37530,37307,1701,Serradilla del Llano,Serradilla Llano,"40,4811295","-6,3438785"
37531,37306,2201,Serradilla del Arroyo,Serradilla del Arroyo,"40,5323934","-6,333242"
37532,37199,1701,Monsagro,Monsagro,"40,4964813","-6,2482149"
37540,37136,1701,Fuenteguinaldo,Fuenteguinaldo,"40,4213129","-6,6851982"
37541,37091,1701,Casillas de Flores,Casillas de Flores,"40,366202","-6,7601057"
37542,37221,1701,Navasfrias,Navasfrias,"40,2919312","-6,8136642"
37550,37074,1701,Campillo de Azaba,Campillo de Azaba,"40,5334355","-6,6745042"
37551,37166,1799,Dueña de Abajo,*Diseminado*,"40,4875366","-6,679851"
37552,37258,1701,Castillejo de Azaba,Castillejo de Azaba,"40,465403","-6,7119409"
37553,37258,2201,Puebla de Azaba,Puebla de Azaba,"40,4324847","-6,7547522"
37554,37006,1701,Alamedilla (La),Alamedilla (La),"40,4638831","-6,8243812"
37555,37011,1701,Albergueria de Argañan (L,Albergueria de Argañan (L,"40,4245847","-6,8029489"
37590,37107,3899,Ciudad Rodrigo,*Diseminado*,"40,5954762","-6,2907139"
37591,37023,11599,Soto (El),*Diseminado*,"40,5265085","-6,4396888"
37592,37096,1799,Aldeanueva de Portanovis,*Diseminado*,"40,7001581","-6,5890166"
37593,37107,2201,Bocacara,Bocacara,"40,6753022","-6,4024118"
37594,37107,1701,Agueda del Caudillo,Agueda del Caudillo,"40,5610248","-6,5463156"
37595,37107,6901,Pedro Toro,Pedro Toro,"40,6009555","-6,4663286"
37600,37316,5699,Monte-Llen,*Diseminado*,"40,6450735","-6,1208926"
37606,37260,1701,Puebla de Yeltes,Puebla de Yeltes,"40,6203124","-6,2057449"
37607,37041,1799,Alcazaren,*Diseminado*,"40,6315036","-5,9938339"
37608,37316,6999,Pedraza,*Diseminado*,"40,673984","-6,0520363"
37609,37050,1701,Berrocal de Huebra,Berrocal Huebra,"40,7134921","-5,9726832"
37610,37194,1701,Mogarraz,Mogarraz,"40,5012959","-6,0626246"
37617,37158,2201,Rebollosa,Rebollosa,"40,416047","-6,0917517"
37618,37196,1701,Monforte de la Sierra,Monforte Sierra,"40,4786143","-6,0599773"
37619,37158,1701,Herguijuela de la Sierra,Herguijuela Sierra,"40,444663","-6,0785104"
37621,37018,1701,Aldeanueva de la Sierra,Aldeanueva Sierra,"40,575907","-6,0891032"
37624,37010,1701,Alberca (La),Alberca (La),"40,4830125","-6,1208926"
37630,37068,1701,Cabrillas,Cabrillas,"40,7427407","-6,1845209"
37638,37162,7501,Valverde de Gonzaliañez,Tomillar (El),"40,702339","-6,1845209"
37639,37026,1701,Aldehuela de Yeltes,Aldehuela de Yeltes,"40,6584799","-6,2482149"
37640,37001,1701,Abusejo,Abusejo,"40,704604","-6,1420947"
37650,37305,1701,Sequeros,Sequeros,"40,5107002","-6,0282195"
37656,37098,1701,Cepeda,Cepeda,"40,4623812","-6,0308654"
37657,37313,1701,Sotoserrano,Sotoserrano,"40,375235","-6,0467429"
37658,37147,1701,Garcibuey,Garcibuey,"40,5046091","-5,9991228"
37659,37036,1701,San Miguel del Robledo,S Miguel Robledo,"40,5246906","-6,0996978"
37660,37193,1701,Miranda del Castañar,Miranda del Castañar,"40,4693806","-5,9938339"
37670,37298,1799,Casillas de Las Erias,*Diseminado*,"40,4892215","-5,9039944"
37671,37284,1701,San Esteban de la Sierra,S Esteban Sierra,"40,5164584","-5,8670405"
37680,37331,1701,Valdefuentes de Sangusin,Valdefuentes Sangusin,"40,4780177","-5,8248352"
37682,37298,3801,Santa Maria de Los Llanos,Santa Maria de Los Llanos,"40,4779955","-5,9251211"
37683,37195,1701,Molinillo,Molinillo,"40,4742381","-5,9488975"
37684,37112,1701,Cristobal,Cristobal,"40,469468","-5,8934338"
37690,37135,4301,Santa Olalla de Yeltes,Sta Olalla Yeltes,"40,760648","-6,2269763"
37694,37036,1701,San Miguel del Robledo,S Miguel Robledo,"40,463667","-3,74922"
37700,37046,1701,Bejar,Bejar,"40,3785731","-5,7826597"
37710,37078,1701,Candelario,Candelario,"40,3399975","-5,7405139"
37711,37109,1701,Colmenar de Montemayor,Colmenar Montemayor,"40,4106525","-5,9515399"
37712,37161,1701,Horcajo de Montemayor,Horcajo Montemayor,"40,4331311","-5,9092754"
37713,37332,1701,Valdehijaderos,Valdehijaderos,"40,4208501","-5,85121"
37714,37071,1701,Calzada de Bejar (La),Calzada Bejar (La),"40,4122889","-5,8195616"
37716,37080,1701,Cantagallo,Cantagallo,"40,3972205","-5,7141879"
37717,37046,7501,Valdesangil,Valdesangil,"40,4164998","-5,7352478"
37718,37013,1701,Aldeacipreste,Aldeacipreste,"40,3721754","-5,9092754"
37720,37102,1701,Cerro (El),Cerro (El),"40,3266868","-5,9039944"
37724,37102,2201,Valdelamatanza,Valdelamatanza,"40,3282478","-5,9726832"
37726,37102,1799,Cerro (El),*Diseminado*,"40,463667","-3,74922"
37727,37201,1701,Montemayor del Rio,Montemayor Rio,"40,3481038","-5,8828751"
37729,37263,1701,Puerto de Bejar,Puerto de Bejar,"40,463667","-3,74922"
37730,37171,1701,Ledrada,Ledrada,"40,4779434","-5,7247169"
37740,37297,1799,Parador (El),*Diseminado*,"40,4894508","-5,593239"
37748,37261,2201,Puente del Congosto,Puente Congosto,"40,4924805","-5,5302337"
37749,37218,1701,Navamorales,Navamorales,"40,4741795","-5,4882679"
37750,37103,1701,Cespedosa de Tormes,Cespedosa de Tormes,"40,5320527","-5,551228"
37751,37146,1701,Gallegos de Solmiron,Gallegos Solmiron,"40,5360513","-5,4672962"
37752,37315,1701,Tala (La),Tala (La),"40,5938731","-5,5302337"
37753,37035,3801,Navahombela,Navahombela,"40,5905585","-5,4935119"
37754,37035,1701,Armenteros,Armenteros,"40,5893922","-5,4646753"
37755,37035,1701,Armenteros,Armenteros,"40,5929365","-5,448193"
37756,37035,5601,Revalvos,Revalvos,"40,6036608","-5,4306141"
37760,37172,1701,Linares de Riofrio,Linares Riofrio,"40,5751153","-5,9092754"
37762,37125,1701,Escurial de la Sierra,Escurial Sierra,"40,6134495","-5,9515399"
37763,37287,1701,San Miguel de Valero,S Miguel de Valero,"40,548975","-5,9251211"
37764,37339,1701,Valero,Valero,"40,5324151","-5,9515399"
37765,37124,1701,Casas de Monleon,Casas de Monleon,"40,5783369","-5,8459341"
37766,37124,2201,Endrinal,Endrinal,"40,6720886","-5,7932008"
37767,37089,1799,Aldeanueva de Campomojado,*Diseminado*,"40,5924813","-5,7607118"
37768,37138,1701,Fuenterroble Salvatierra,Fuenterroble Salvatierra,"40,540987","-5,7826597"
37770,37156,5601,Guijuelo,Guijuelo,"40,5462067","-5,6773512"
37774,37155,1701,Guijo de Avila,Guijo de Avila,"40,5231725","-5,6300233"
37775,37133,1701,Fresnedoso,Fresnedoso,"40,4378563","-5,7141879"
37776,37213,1701,Nava de Bejar,Nava de Bejar,"40,4800199","-5,6826122"
37777,37063,1701,Cabeza de Bejar (La),Cabeza Bejar (La),"40,4447477","-5,6773512"
37778,37156,3801,Campillo de Salvatierra,Campillo Salvatierra,"40,5707676","-5,6931356"
37779,37024,1701,Aldeavieja de Tormes,Aldeavieja Tormes,"40,5908417","-5,593239"
37780,37188,1701,Maya (La),Maya (La),"40,688381","-5,6168834"
37785,37143,2201,Galinduste,Galinduste,"40,6493126","-5,5354816"
37786,37143,1799,Andarromero,*Diseminado*,"40,6758627","-5,509247"
37787,37242,1799,Cañal,*Diseminado*,"40,6930715","-5,5722297"
37788,37203,2299,Hernancobo,*Diseminado*,"40,7103686","-5,7352478"
37789,37047,1701,Beleña,Beleña,"40,7506566","-5,6352801"
37790,37139,1701,Fuentes de Bejar,Fuentes de Bejar,"40,5046089","-5,6983979"
37791,37251,1701,Peromingo,Peromingo,"40,5014778","-5,761583"
37792,37237,1799,Amatos de Salvatierra,*Diseminado*,"40,6879534","-5,6773512"
37793,37032,7501,Ventorro (El),Ventorro (El),"40,4149286","-5,7668515"
37794,37217,1701,Navalmoral de Bejar,Navalmoral Bejar,"40,4405828","-5,761583"
37795,37051,1701,Berrocal de Salvatierra,Berrocal Salvatierra,"40,6272471","-5,6773512"
37796,37032,1701,Arapiles,Arapiles,"40,8919099","-5,6352801"
37797,37073,1701,Calzada de Valdunciel,Calzada Valdunciel,"41,0523529","-5,6948141"
37798,37185,1701,Mata de Armuña (La),Mata Armuña (La),"41,0719801","-5,6563119"
37799,37130,1701,Forfoleda,Forfoleda,"41,1808143","-5,6878736"
37800,37008,1701,Alba de Tormes,Alba de Tormes,"40,8173188","-5,509247"
37810,37148,3899,Cida (La),*Diseminado*,"40,8563541","-5,4306141"
37820,37247,1701,Peñarandilla,Peñarandilla,"40,8779957","-5,3991907"
37830,37108,1701,Coca de Alba,Coca de Alba,"40,8799463","-5,3573194"
37840,37324,1701,Tordillos,Tordillos,"40,8444048","-5,3625516"
37850,37215,1799,Arauzo,*Diseminado*,"40,8982022","-5,2893433"
37860,37162,1701,Horcajo-Medianero,Horcajo-Medianero,"40,6393504","-5,4253757"
37861,37114,1701,Chagarcia-Medianero,Chagarcia-Medianero,"40,6764874","-5,38872"
37862,37162,7599,Valverde de Gonzaliañez,*Diseminado*,"40,6778552","-5,4672962"
37863,37029,1701,Anaya de Alba,Anaya de Alba,"40,7173127","-5,4882679"
37864,37029,3801,Herrezuelo,Herrezuelo,"40,7529336","-5,4830243"
37865,37169,1799,Carabias,*Diseminado*,"40,7202832","-5,4253757"
37870,37021,1701,Aldeaseca de Alba,Aldeaseca de Alba,"40,8203034","-5,4463322"
37871,37236,1701,Pedrosillo de Alba,Pedrosillo Alba,"40,8169809","-5,4096633"
37872,37141,2201,Galleguillos,Galleguillos,"40,463667","-3,74922"
37873,37141,4399,Valeros,*Diseminado*,"40,7961001","-5,3704009"
37874,37121,1701,Cilloruelo,Cilloruelo,"40,8798311","-5,4672962"
37881,37330,1701,Valdecarros,Valdecarros,"40,7607071","-5,4253757"
37882,37216,1701,Navales,Navales,"40,8546481","-5,5722297"
37890,37008,2201,Amatos de Alba,Amatos de Alba,"40,853877","-5,4830243"
37891,37118,1701,Ejeme,Ejeme,"40,7930942","-5,593239"
37892,37008,4301,Torrejon de Alba,Torrejon de Alba,"40,7537158","-5,5722297"
37893,37008,3801,Palomares de Alba,Palomares de Alba,"40,8778365","-5,509247"
37900,37294,2201,Santa Marta de Tormes,Sta Marta Tormes,"40,9554983","-5,622139"
38001,38038,25201,Santa Cruz de Tenerife,Santa Cruz de Tenerife,"28,4762948","-16,2478014"
38002,38038,25201,Santa Cruz de Tenerife,Santa Cruz de Tenerife,"28,4696373","-16,2500078"
38003,38038,25201,Santa Cruz de Tenerife,Santa Cruz de Tenerife,"28,4589002","-16,2507433"
38004,38038,25201,Santa Cruz de Tenerife,Santa Cruz de Tenerife,"28,4780555","-16,2566273"
38005,38038,25201,Santa Cruz de Tenerife,Santa Cruz de Tenerife,"28,4606614","-16,2595694"
38006,38038,25201,Santa Cruz de Tenerife,Santa Cruz de Tenerife,"28,4744973","-16,2625114"
38007,38038,25201,Santa Cruz de Tenerife,Santa Cruz de Tenerife,"28,4640211","-16,2669247"
38008,38038,25201,Santa Cruz de Tenerife,Santa Cruz de Tenerife,"28,4702191","-16,2742802"
38009,38038,25201,Santa Cruz de Tenerife,Santa Cruz de Tenerife,"28,451945","-16,2728091"
38010,38038,25201,Santa Cruz de Tenerife,Santa Cruz de Tenerife,"28,454584","-16,2860497"
38107,38038,3801,Barranco Grande,Barranco Grande,"28,4365802","-16,3287199"
38108,38023,1701,"Andenes, Los",Los Andenes,"28,4540218","-16,3022339"
38109,38032,7501,Radazul,Bocacangrejo,"28,4113886","-16,3257768"
38110,38038,25201,Santa Cruz de Tenerife,Santa Cruz de Tenerife,"28,4391484","-16,2845785"
38111,38038,26501,Santa Maria del Mar,Santa Maria del Mar,"28,4256303","-16,3022339"
38120,38038,23401,San Andres,Ladera de San Andres,"28,5304626","-16,2110311"
38129,38038,1701,Almaciga,Almaciga,"28,5688261","-16,1757379"
38130,38038,30401,Taganana,Azanos,"28,5534925","-16,2316216"
38139,38038,7599,Afur,*Diseminado*,"28,5474159","-16,2580983"
38140,38038,14101,Igueste de San Andres,Igueste de San Andres,"28,536195","-16,1639749"
38150,38038,37901,Valleseco,Cardonera (La),"28,5059228","-16,2492724"
38160,38038,25201,Santa Cruz de Tenerife,Santa Cruz de Tenerife,"28,5119188","-16,2698669"
38170,38038,6901,Campitos (Los),Campitos (Los),"28,4867324","-16,2669247"
38180,38038,10801,Cueva Bermeja,Cueva Bermeja,"28,5162358","-16,2345633"
38190,38032,6901,Machado,Machado,"28,4124232","-16,3404925"
38201,38023,17301,San Cristobal,San Cristobal,"28,4907183","-16,3154764"
38202,38023,17301,San Cristobal,San Cristobal,"28,4920341","-16,322098"
38203,38023,17301,San Cristobal,San Cristobal,"28,4843195","-16,3213623"
38204,38023,17301,San Cristobal,San Cristobal,"28,4856612","-16,3162122"
38205,38023,6901,Finca España,Finca España,"28,4868465","-16,3007626"
38206,38023,16702,"Rodeos, Los",Rodeos (Los),"28,4894267","-16,3375493"
38207,38023,17301,San Cristobal,San Cristobal,"28,4832865","-16,306648"
38208,38023,17301,San Cristobal,San Cristobal,"28,4988714","-16,3184193"
38240,38023,15402,Punta del Hidalgo,Punta del Hidalgo,"28,5540226","-16,3198908"
38250,38023,2201,Bajamar,Bajamar,"28,5511261","-16,3434358"
38260,38023,20603,Tejina,Tejina,"28,5344037","-16,3640398"
38270,38023,21304,Valle de Guerra,Valle de Guerra,"28,5275727","-16,3964218"
38280,38046,15401,Tegueste Centro,Baldio (El),"28,5227549","-16,3434358"
38289,38046,16701,Toscas (Las),Gomero (El),"40,463667","-3,74922"
38290,38032,2201,Barreras (Las),Barreras (Las),"28,4499976","-16,3581527"
38291,38023,3801,"Baldios, Los",Los Baldios,"28,4610446","-16,3375493"
38292,38046,9401,Pedro Alvarez,Barriales (Los),"28,5174981","-16,3169479"
38293,38023,11501,Jardina,Jardina,"28,5122339","-16,2904635"
38294,38023,13602,"Montañas, Las",Las Montañas,"28,5494857","-16,287521"
38296,38023,7501,Geneto,Geneto,"28,4632121","-16,3198908"
38297,38023,14103,"Ortigal, El",El Ortigal,"28,4776551","-16,3640398"
38300,38026,7501,Cañadas del Teide (Las),Portillo de la Villa,"28,261901","-16,5937658"
38310,38026,1701,Aguamansa,Aguamansa,"28,382196","-16,493598"
38311,38026,9401,Dehesa Alta,Dehesa Alta,"28,4009671","-16,5024344"
38312,38026,2201,Arenas (Las),Vera (La),"28,3901736","-16,543676"
38313,38026,4301,Benijos,Benijos,"28,3617959","-16,543676"
38314,38026,10801,Dehesa Baja,Dehesa Baja,"28,4051814","-16,5142169"
38315,38026,20602,Perdoma (La),Perdoma (La),"28,3748872","-16,5525145"
38320,38023,4302,"Cuesta, la",La Cuesta,"28,4668189","-16,2904635"
38330,38023,10802,Guamasa,Guamasa,"28,5127301","-16,3787583"
38340,38043,4301,Campo de Golf,Campo de Golf,"28,4836305","-16,3846459"
38350,38043,16701,Tacoronte,Tacoronte,"28,4799986","-16,4140868"
38355,38043,2201,Agua Garcia,Agua Garcia,"28,4619519","-16,3993658"
38356,38043,15401,San Jeronimo Perales,San Jeronimo Perales,"28,4972392","-16,4008379"
38357,38043,1701,Adelantado,Adelantado,"28,4821786","-16,3964218"
38358,38043,7501,Guayonje,Guayonje,"28,5019685","-16,4199755"
38359,38041,1706,Ravelo,Ravelo Alto,"28,4590455","-16,4229199"
38360,38041,2208,Sauzal,Sauzal,"28,4714136","-16,4376425"
38370,38025,1701,Matanza de Acentejo (La),Matanza de Acentejo (La),"28,4538052","-16,4538386"
38379,38025,1704,Matanza de Acentejo (La),Cruz del Camino,"28,4447844","-16,4464766"
38380,38051,2201,Bajos Y Tagoro,Bajos Y Tagoro,"28,4329924","-16,4729811"
38389,38051,1701,Altos - Arroyos (Los),Altos - Arroyos (Los),"28,4107295","-16,4464766"
38390,38039,3801,Cuesta de la Villa,Barrio Antonio Afonso,"28,4251285","-16,4906526"
38398,38039,4399,El Farrobillo,*Diseminado*,"28,4209126","-16,4788714"
38399,38039,1701,El Cantillo,El Cantillo,"28,3964646","-16,470036"
38400,38028,4301,Puerto de la Cruz,Arenas (Las),"28,4089363","-16,5525145"
38410,38031,29002,Realejos (Los),Realejo Alto,"28,3732586","-16,5827156"
38412,38031,29003,Realejos (Los),Realejo Bajo,"28,3883131","-16,5871356"
38413,38031,4301,Cruz Santa,Cartaya (La),"28,3393675","-16,5642998"
38414,38031,7501,Icod El Alto,Icod El Alto,"28,3463197","-16,5996595"
38415,38031,28702,Palo Blanco-Llanadas,Llanadas (Las),"28,3519307","-16,5815223"
38416,38031,29006,Realejos (Los),San Vicente,"28,3778989","-16,5967126"
38417,38031,26502,Longuera-Toscal,Toscal (El),"28,3994604","-16,5716659"
38418,38031,26501,Longuera-Toscal,Longuera (La),"28,3971245","-16,5790323"
38419,38031,27101,Montaña-Zamora,Higuerita (La),"28,3854482","-16,5837835"
38420,38034,12001,San Juan de la Rambla,San Juan de la Rambla,"28,3937766","-16,6342882"
38428,38034,10801,Rosas (Las),Lomo Guanche,"28,3759551","-16,635025"
38429,38034,1701,Aguas (Las),Aguas (Las),"28,3956919","-16,6416567"
38430,38022,7501,Icod de Los Vinos,Icod de Los Vinos,"28,3737548","-16,7205154"
38434,38022,2201,Buen Paso,Buen Paso,"28,3212028","-16,6645007"
38435,38042,3801,Erjos,Erjos,"28,3290961","-16,7824429"
38438,38022,1799,El Amparo,*Diseminado*,"28,3217108","-16,7057733"
38439,38022,6901,Fuente de la Vega,Abiertas (Las),"28,3300991","-16,7293611"
38440,38018,3801,Guancha (La),Guancha (La),"28,3762124","-16,6556575"
38441,38018,1799,Convento (El),*Diseminado*,"28,3917552","-16,6674484"
38449,38018,4399,Hoya Los Pablos,*Diseminado*,"28,3517861","-16,6468148"
38450,38015,3801,Garachico,Garachico,"28,3705377","-16,7573749"
38458,38015,5601,Guincho (El),Guincho (El),"28,3723931","-16,7426303"
38459,38015,4301,Genoves,Genoves,"28,3271351","-16,7529514"
38460,38015,1701,Caleta de Interian (La),Caleta de Interian (La),"28,3712606","-16,7853922"
38470,38042,10801,Casco (El),Casco (El),"28,3659335","-16,8163628"
38479,38010,2201,Canteras (Las),Canteras (Las),"28,3522431","-16,8237374"
38480,38010,1701,Buenavista del Norte,Buenavista del Norte (Nuc,"28,3605987","-16,8473377"
38489,38010,3801,Carrizales (Los),Carrizales (Los),"28,3201589","-16,8532381"
38500,38020,6901,Güimar,Chacaica,"28,3079186","-16,4052541"
38508,38020,10801,Puertito de Güimar,Puertito de Güimar,"28,3058529","-16,3758145"
38509,38004,3803,Hidalga (La),Playa de Lima,"28,373595","-16,40231"
38510,38011,2201,Barranco Hondo,Barranco Hondo,"28,4061772","-16,356681"
38520,38011,6901,Igueste,Igueste,"28,3952802","-16,3875898"
38530,38011,3801,Caletillas (Las),Caletillas (Las),"28,3949745","-16,3669834"
38540,38011,1701,Araya,Araya,"28,3714195","-16,4199755"
38550,38004,1701,Arafo,Arafo,"28,3554092","-16,4346979"
38560,38020,8101,Medida (La),Medida (La),"28,2787901","-16,4111425"
38570,38012,1799,Cruz del Roque,*Diseminado*,"28,2601788","-16,470036"
38579,38012,5699,Sabina Alta,*Diseminado*,"28,2406579","-16,4670909"
38580,38005,2201,Villa de Arico,Villa de Arico,"28,1673135","-16,5031708"
38588,38005,15401,Poris de Abona,Abriguitos (Los),"28,134125","-16,4553111"
38589,38005,1701,Arico Nuevo,Arico El Nuevo,"28,2025047","-16,5230542"
38590,38020,7501,Lomo de Mena,Lomo de Mena,"28,2700597","-16,4243921"
38591,38020,1701,Aguerche,Aguerche,"28,2744435","-16,4464766"
38592,38005,12002,Icor,Aguelillas (Las),"28,2345486","-16,493598"
38593,38005,16701,Rio (El),Rio (El),"28,1818176","-16,5525145"
38594,38017,9401,Chimiche,Chimiche,"28,1279026","-16,528946"
38595,38017,8101,Charco del Pino,Charco del Pino,"28,1159524","-16,6026064"
38600,38017,12002,Granadilla de Abona,La Cantera,"28,1188718","-16,5790323"
38611,38017,17301,San Isidro,Atogo,"28,0780645","-16,5642998"
38612,38017,14101,Medano (El),Arenas del Mar,"28,0596844","-16,528946"
38613,38052,4301,Vilaflor,Vilaflor,"28,1715833","-16,635025"
38614,38052,1701,Escalona (La),Escalona (La),"28,1217371","-16,6703963"
38615,38001,10899,Ifonche Y Benitez,*Diseminado*,"28,1459282","-16,6586052"
38616,38017,3801,Blanquitos (Los),Los Blanquitos,"28,1483005","-16,5937658"
38617,38017,8102,Charco del Pino,Los Llanos,"28,1018219","-16,5790323"
38618,38017,1701,Abrigos (Los),Los Abrigos,"28,0553246","-16,5642998"
38620,38035,5601,San Miguel,San Miguel,"28,0949665","-16,6114474"
38626,38006,3802,Cabo Blanco,Morro de Los Gatos,"28,092321","-16,6556575"
38627,38006,2201,Buzanada,Barranco Oscuro,"28,0663826","-16,6586052"
38628,38035,1701,Aldea Blanca,Aldea Blanca,"28,0707717","-16,6232359"
38629,38035,2201,Fronton (El),Fronton (El),"28,1147718","-16,635025"
38630,38006,13601,Costa del Silencio,Costa del Silencio,"28,0198981","-16,6438673"
38631,38006,8103,Galletas(Las),Galletas(Las),"28,0209124","-16,6586052"
38632,38006,6901,Cho,Cho,"28,0407187","-16,682188"
38639,38006,7501,Fraile (El),Estrella del Sur (La),"28,0252969","-16,6232359"
38640,38006,1701,Arona,Arona,"28,106433","-16,67924"
38649,38006,1702,Arona,Casas(Las),"28,089388","-16,67924"
38650,38006,5601,Cristianos(Los),Cristianos(Los),"28,0573061","-16,7087216"
38652,38006,14101,Chayofa,Chayofa,"28,0701396","-16,6969285"
38660,38001,4399,Caldera (La),*Diseminado*,"28,0817717","-16,7175669"
38670,38001,1701,Adeje,Adeje Casco,"28,1257438","-16,7293611"
38677,38001,1706,Adeje,Moraditas (Las),"28,1563514","-16,71167"
38678,38001,2201,Armeñime,Armeñime,"28,1326752","-16,7647475"
38679,38001,9401,Fañabe,Fañabe,"28,1015497","-16,7411559"
38680,38019,8104,Guia de Isora,Guia de Isora,"28,1756311","-16,7617984"
38683,38040,4301,Puerto de Santiago,Puerto de Santiago,"28,2340972","-16,8384873"
38684,38040,7501,Tamaimo,Tamaimo,"28,2614898","-16,8237374"
38685,38019,8108,Guia de Isora,Tejina,"28,1862461","-16,7676967"
38686,38019,2201,Alcala,Alcala,"28,2019668","-16,8288997"
38687,38019,2202,Alcala,Cueva del Polvo,"28,1850107","-16,8001396"
38688,38019,5601,Chio,Chiguergue,"28,2215354","-16,7352584"
38689,38019,5602,Chio,Chio,"28,2442323","-16,8030892"
38690,38040,1701,Arguayo,Arguayo,"28,2886436","-16,7883416"
38700,38037,16799,Morro (El),*Diseminado*,"28,6887569","-17,7651015"
38710,38008,2299,Breña,*Diseminado*,"28,6537497","-17,8050772"
38711,38009,6901,Polvacera (La),Polvacera (La),"28,6392029","-17,766582"
38712,38008,6999,Ledas (Las),*Diseminado*,"28,6303668","-17,7902707"
38713,38008,1799,Botazo,*Diseminado*,"28,7165795","-17,7991545"
38714,38030,1701,Galga (La),Cercado Peñon-El Posito,"28,7487723","-17,7695429"
38715,38030,2206,Granel (El),Toscas (Las),"28,7278198","-17,7576992"
38720,38033,15499,San Pedro,*Diseminado*,"28,8017223","-17,7791664"
38726,38007,1701,Barlovento,Barlovento,"28,8341317","-17,8050772"
38727,38007,2201,Cabezadas (Las),Camino Real,"28,8083795","-17,8287691"
38728,38016,10801,Roque del Faro,Roque del Faro,"28,8164125","-17,893932"
38729,38033,1799,Bermudez,*Diseminado*,"28,7842218","-17,7991545"
38730,38053,10801,Pueblo (El),Pueblo (El),"28,6053917","-17,7976738"
38738,38053,1799,Callejones,*Diseminado*,"28,5812128","-17,7991545"
38739,38053,2299,Lodero,*Diseminado*,"28,6198832","-17,7843483"
38740,38014,2201,Canarios (Los),Canarios (Los),"28,479676","-17,8406158"
38749,38014,1701,Caletas (Las),Caletas (Las),"28,5102962","-17,8228459"
38750,38027,5601,Paso (El),Calvario (El),"28,6634566","-17,879121"
38758,38027,1701,Barrial (El),Barrial de Abajo,"28,7069441","-17,8702347"
38759,38024,6901,Manchas (Las),Cuatro Caminos,"28,5941703","-17,8702347"
38760,38024,5601,Llanos de Aridane (Los),Llanos de Aridane,"28,6602362","-17,9131874"
38767,38024,12001,Triana,Malpais de Triana,"28,6481558","-17,9087438"
38768,38024,2201,Barros (Los),Barros (Los),"28,6626498","-17,9265189"
38769,38024,8102,Puerto Naos,Puerto Naos,"28,6183515","-17,8998566"
38770,38045,7501,Tazacorte,Tazacorte,"28,6429167","-17,9368882"
38779,38045,1799,Cardon,*Diseminado*,"28,6239916","-17,9205937"
38780,38047,1799,Aguatavar,*Diseminado*,"28,719808","-17,9413323"
38787,38016,2201,Don Pedro,Don Pedro,"28,8228033","-17,9502207"
38788,38016,1701,Cueva del Agua,Cueva del Agua,"28,787412","-17,9413323"
38789,38029,1799,Fagundo,*Diseminado*,"28,7664628","-17,9709613"
38800,38036,5699,El Cabrito,*Diseminado*,"28,0934632","-17,1137454"
38801,38036,1799,El Atajo,*Diseminado*,"28,1252736","-17,1366365"
38810,38003,7501,Playa de Santiago,Playa de Santiago,"28,0274083","-17,2031068"
38811,38003,5699,Barranco de Santiago O Gu,*Diseminado*,"28,0738361","-17,1839024"
38812,38003,1701,Alajero,Alajero,"28,0647108","-17,2548183"
38813,38003,3899,Antoncojo,*Diseminado*,"28,0422675","-17,2179635"
38820,38021,3899,Callejon de Ordaiz,*Diseminado*,"28,1611751","-17,1661766"
38829,38021,2299,Cabezadas (Las),*Diseminado*,"28,1324142","-17,2134482"
38830,38002,1701,Agulo,Agulo,"28,1877058","-17,1912885"
38840,38050,23401,Vallehermoso,Vallehermoso,"28,1756389","-17,2518631"
38849,38050,3801,Banda de Las Rosas,Banda de Las Rosas,"28,1587952","-17,2725505"
38850,38050,2201,Arguamul,Arguamul,"28,1976974","-17,2784615"
38852,38049,13699,Taguluche,*Diseminado*,"28,1640015","-17,3198424"
38860,38050,17301,Rajita (La),Rajita (La),"28,0545433","-17,300629"
38869,38021,18999,Santa Catalina,*Diseminado*,"28,1070171","-17,2784615"
38870,38049,2201,Calera (La),Calera (La),"28,0912436","-17,3346229"
38879,38049,3801,Casa de la Seda,Cañada de la Rosa,"28,114682","-17,3287106"
38890,38002,3899,Palmita (La),*Diseminado*,"28,1649038","-17,2252675"
38891,38050,19201,Tamargada,Tamargada,"28,1934042","-17,2459527"
38892,38049,1701,Arure,Acardece,"28,1330646","-17,2961953"
38900,38048,22801,Valverde,Valverde,"27,8028591","-17,9117062"
38910,38048,2201,Caleta,Caleta,"27,7705172","-17,9205937"
38911,38013,9401,Golfo (El),Frontera,"27,7691167","-17,9946667"
38912,38013,6901,Sabinosa,Sabinosa,"27,7451285","-18,1310083"
38913,38013,9402,Golfo (El),Llanillos (Los),"27,7401064","-18,042083"
38914,38901,1701,Pinar (El),Casas (Las),"27,7124719","-17,9946667"
38915,38048,9401,Isora,Isora,"27,7512148","-17,9591094"
38916,38048,5601,Echedo,Echedo,"27,8127265","-17,9650353"
38917,38901,1702,Pinar (El),Restinga (La),"27,6963821","-18,0302282"
39001,39075,5601,Santander,Santander,"43,4650019","-3,8082965"
39002,39075,5601,Santander,Santander,"43,4608153","-3,8076609"
39003,39075,5601,Santander,Santander,"43,4646329","-3,8013056"
39004,39075,5601,Santander,Santander,"43,4655919","-3,7905035"
39005,39075,5601,Santander,Santander,"43,4717283","-3,7866915"
39006,39075,5601,Santander,Santander,"43,4680283","-3,8076609"
39007,39075,5601,Santander,Santander,"43,4627542","-3,8216453"
39008,39075,5601,Santander,Santander,"43,4574499","-3,8184667"
39009,39075,5601,Santander,Santander,"43,4527251","-3,8159239"
39010,39075,5601,Santander,Santander,"43,4590202","-3,8254599"
39011,39075,3801,Peñacastillo,Peñacastillo,"43,4527789","-3,8502617"
39012,39075,1701,Cueto,Cueto,"43,4734588","-3,8347864"
39100,39073,6901,Santa Cruz de Bezana,Santa Cruz de Bezana,"43,4487386","-3,8986279"
39108,39073,1701,Azoños,Azoños,"43,4314671","-3,9113634"
39109,39073,3801,Mompia,Mompia,"40,463667","-3,74922"
39110,39073,5601,Sancibrian,Sancibrian,"43,461367","-3,8808034"
39120,39052,5601,Liencres,Liencres,"43,4496615","-3,9419415"
39130,39040,2201,Elechas,Elechas,"43,426617","-3,768906"
39140,39061,6901,Somo,Somo,"43,4468615","-3,7384311"
39146,39061,4301,Langre,Langre,"40,463667","-3,74922"
39150,39061,1701,Carriazo,Carriazo,"43,4485058","-3,6876803"
39160,39061,3801,Galizano,Galizano,"43,4677447","-3,6876803"
39170,39011,1701,Ajo,Ajo,"43,4749747","-3,6116494"
39180,39047,9401,Noja,Noja,"43,4731555","-3,5155086"
39190,39011,2201,Bareyo,Bareyo,"40,463667","-3,74922"
39191,39011,3801,Guemes,Guemes,"43,4504472","-3,6268464"
39192,39043,1701,San Bartolome de Meruelo,San Bartolome de Meruelo,"43,4371294","-3,5913939"
39193,39006,2201,Castillo,Castillo,"43,4529817","-3,5458489"
39195,39006,1701,Arnuero,Arnuero,"43,4762439","-3,5711466"
39197,39005,1701,Ancillo,Ancillo,"43,4545347","-3,495292"
39200,39027,11501,Matamorosa,Matamorosa,"42,9983712","-4,1360234"
39211,39032,1701,Abiada,Abiada,"40,463667","-3,74922"
39212,39027,2201,Aradillos,Aradillos,"43,0313999","-4,1616143"
39213,39027,3801,Bolmir,Bolmir,"42,9761191","-4,0797673"
39220,39094,2201,Arantiones,Arantiones,"42,8197802","-3,962337"
39229,39094,52101,Quintanasolmo,Quintanasolmo,"40,463667","-3,74922"
39230,39094,18901,Poblacion de Abajo,Poblacion de Abajo,"42,8594274","-3,9419415"
39232,9011,5601,Linares de Bricia,Linares de Bricia,"42,8188961","-3,8451731"
39248,39093,6901,Candenosa,Candenosa,"40,463667","-3,74922"
39250,34032,1701,Bascones de Ebro,Bascones de Ebro,"42,7837276","-4,0184661"
39290,39017,5601,Monegro,Monegro,"40,463667","-3,74922"
39291,39017,6901,Orzales,Orzales,"40,463667","-3,74922"
39292,39017,1701,Bustamante,Bustamante,"43,0163882","-4,0388918"
39293,39017,4301,Lanchares,Lanchares,"40,463667","-3,74922"
39294,39017,2201,Corconte,Corconte,"43,039337","-3,9368439"
39300,39087,1701,Barreda,Barreda,"43,3451802","-4,0388918"
39310,39044,3801,Cudon,Cudon,"43,4243738","-3,9776389"
39311,39018,1701,Barquera (La),Barquera (La),"43,3294539","-4,0746561"
39312,39044,1701,Barcena de Cudon,Barcena de Cudon,"43,3963868","-4,0210189"
39313,39054,1701,Barrio Obrero,Barrio Obrero,"43,3701684","-4,013361"
39314,39076,5601,Queveda,Queveda,"43,3780014","-4,0644352"
39315,39087,10802,Viernoles,Viernoles,"43,318035","-4,0567709"
39316,39087,7501,Tanos,Tanos,"40,463667","-3,74922"
39317,39087,5601,Montaña (La),Montaña (La),"40,463667","-3,74922"
39318,39044,2201,Cuchia,Cuchia,"43,4090473","-4,0031521"
39320,39001,3801,Cobreces,Cobreces,"43,3724525","-4,2179584"
39329,39001,7501,Toñanes,Toñanes,"43,3949667","-4,1949013"
39330,39076,6901,Santillana,Santillana,"43,3933053","-4,1078877"
39340,39085,5601,Suances,Suances,"43,4265015","-4,0542163"
39350,39085,1701,Cortiguera,Cortiguera,"43,3976242","-4,0542163"
39360,39076,1701,Arroyo,Arroyo,"43,4150575","-4,1053307"
39390,39076,2201,Camplengo,Camplengo,"40,463667","-3,74922"
39400,39025,4301,Corrales (Los),Corrales (Los),"43,2611887","-4,0951038"
39407,39021,1701,Collado,Collado,"43,2257323","-4,1411406"
39408,39025,1707,Barros,Barros,"43,2731641","-4,0976604"
39409,39069,1701,Barcena (La),Barcena (La),"43,2687285","-4,0184661"
39410,39092,11501,Mataporquera,Mataporquera,"42,870944","-4,166734"
39416,39065,1701,Aguilera (La),Aguilera (La),"40,463667","-3,74922"
39417,39065,4301,Bustasur,Bustasur,"42,9340351","-4,0337846"
39418,39092,1701,Barriopalacio,Barriopalacio,"42,9141448","-4,1820961"
39419,39093,1701,Aldea de Ebro,Aldea de Ebro,"42,8897472","-4,0491077"
39420,39010,1701,Barcena de Pie de Concha,Barcena de Pie de Concha,"43,1118671","-4,0797673"
39430,39046,3801,Molledo,Arca,"43,1516771","-4,043274"
39438,39046,4301,San Martin de Quevedo,Casares,"43,1341089","-3,9980485"
39439,39046,2201,Helguera,Helguera,"40,463667","-3,74922"
39450,39004,1702,Arenas de Iguña,Arenas de Iguña,"43,169204","-4,100217"
39451,39003,1701,Barriopalacio,Barriopalacio,"43,1921536","-3,9980485"
39460,39018,4301,Corral,Corral,"43,3094382","-4,0951038"
39470,39052,10801,Renedo,Renedo,"43,3487314","-3,9368439"
39477,39052,2201,Barcenilla,Barcenilla,"43,3865695","-3,9572374"
39478,39052,1701,Arce,Arce,"43,4257827","-3,9368439"
39479,39052,4301,Carandia,Carandia,"43,3516096","-3,9929453"
39490,39077,1701,Lantueno,Lantueno,"43,0500428","-4,0820891"
39491,39027,4301,Cañeda,Cañeda,"43,0752838","-4,0184661"
39500,39012,2201,Cabezon de la Sal,Cabezon de la Sal,"43,2984512","-4,264103"
39506,39012,7501,Ontoria,Ontoria,"40,463667","-3,74922"
39507,39012,1701,Bustablado,Bustablado,"43,3377822","-4,2435893"
39509,39012,3801,Cabrojo,Cabrojo,"43,2821776","-4,1820961"
39510,39014,5601,Sopeña,Sopeña,"43,2390065","-4,3051542"
39511,39014,3801,Renedo,Renedo,"43,2080922","-4,2923223"
39513,39066,3801,Ruente,Gismana,"43,2312645","-4,2538452"
39517,39086,4301,Saja,Saja,"43,1473723","-4,3000211"
39518,39014,2201,Fresneda,Fresneda,"43,1554473","-4,2128337"
39520,39024,1701,Comillas,Comillas,"43,3865438","-4,2923223"
39525,39001,5601,Oreña,Barcena,"43,3943304","-4,1462582"
39526,39001,2201,Cigüenza,Cigüenza,"43,373954","-4,1769749"
39527,39068,1701,Casasola,Casasola,"43,3763218","-4,2435893"
39528,39024,1701,Comillas,Comillas,"43,3694018","-4,3000211"
39530,39060,6901,Puente San Miguel,Puente San Miguel,"43,3605062","-4,082323"
39538,39060,5601,Helguera,Helguera,"43,3379996","-4,1053307"
39539,39001,6901,Rudagüera,Fresnedo,"43,3661754","-4,1257905"
39540,39080,8101,S Vicente de la Barquera,S Vicente de la Barquera,"43,3847589","-4,4027782"
39547,39080,6901,Llaos (Los),Llaos (Los),"43,376703","-4,3616516"
39548,39080,9401,Santillan,Santillan,"43,3827697","-4,4542311"
39549,39033,7501,Puente del Arrudo,Puente del Arrudo,"43,3500571","-4,4284985"
39550,39033,1701,Bielva,Bielva,"43,2218393","-4,5005808"
39551,39033,2201,Cabanzon,Cabanzon,"43,3099039","-4,4696765"
39553,39063,1701,Arenas,Arenas,"43,2875905","-4,4233534"
39554,39063,3801,Cabrojo,Cabrojo,"43,1956628","-4,4284985"
39555,39089,1701,Lastra (La),Lastra (La),"43,1593579","-4,3667907"
39556,39053,4301,Puente Pumar,Puente Pumar,"43,1005075","-4,387352"
39557,39053,1701,Belmonte,Belmonte,"43,0834812","-4,3256918"
39558,39014,1701,Carmona,Carmona,"43,2602225","-4,3822109"
39559,39063,6901,Cosio,Cosio,"43,2219905","-4,3719303"
39560,39095,14101,Unquera,Unquera,"43,3878746","-4,5083097"
39569,39095,3801,Helgueras,Helgueras,"43,3514564","-4,5160396"
39570,39055,1701,Potes,Potes,"43,1542966","-4,6192114"
39571,39013,1701,Aniezo,Aniezo,"43,1428821","-4,5418141"
39572,39050,1701,Avellanedo,Avellanedo,"43,055335","-4,5521274"
39573,39013,2201,Buyezo,Buyezo,"43,1096249","-4,526348"
39574,39013,6901,Frama,Frama,"43,0771518","-4,4902774"
39575,39096,1701,Barago,Barago,"43,062132","-4,6243751"
39577,39096,2201,Barrio,Barrio,"43,0890924","-4,6760395"
39580,39022,2201,Bejes,Bejes,"43,2571893","-4,5830789"
39582,39015,1701,Areños,Areños,"43,1252592","-4,7381013"
39583,39022,4301,Castro,Castro,"43,1698384","-4,5934"
39584,39022,1701,Armaño,Armaño,"43,2084959","-4,5934"
39585,39022,203601,Ojedo,Ojedo,"40,463667","-3,74922"
39586,39015,2201,Arguebanes,Arguebanes,"43,1673374","-4,6553679"
39587,39015,4301,Baro,Baro,"43,1748923","-4,7070616"
39588,39015,13601,Espinama,Espinama,"43,1226729","-4,8002333"
39589,39015,27101,Sebrango,Sebrango,"40,463667","-3,74922"
39590,39001,1701,Busta (La),Busta (La),"43,3469035","-4,1257905"
39591,39012,5601,Casar,Casar,"43,3375399","-4,1846569"
39592,39041,1701,Cos,Cos,"43,2969161","-4,3051542"
39593,39091,1701,Caviedes,Caviedes,"43,3146533","-4,3462373"
39594,39033,4301,Camijanes,Camijanes,"43,352671","-4,4851265"
39600,39016,6901,Maliaño,Maliaño,"43,4242539","-3,8400851"
39608,39016,1701,Cacicedo,Cacicedo,"43,434998","-3,8782576"
39609,39016,2201,Camargo,Camargo,"43,4032832","-3,8909881"
39610,39008,1701,Astillero,Astillero,"43,4031882","-3,822281"
39611,39008,3801,Guarnizo,Guarnizo,"43,3978634","-3,8375413"
39612,39052,8101,Parbayon,Parbayon,"43,3740425","-3,9011747"
39613,39008,3801,Guarnizo,Guarnizo,"43,4073221","-3,8426291"
39618,39040,7501,Pontejos,Pontejos,"43,406693","-3,7892328"
39619,39042,5601,San Salvador,San Salvador,"43,3874318","-3,7892328"
39620,39074,3801,Encina (La),Encina (La),"43,3250734","-3,8528061"
39626,39074,1701,Abadilla (La),Abadilla (La),"43,3075785","-3,8752859"
39627,39048,1701,Arenal,Arenal,"43,3335821","-3,8146526"
39630,39100,2201,Penilla,Penilla,"43,2571771","-3,8629852"
39638,39100,1701,Escobedo,Escobedo,"43,2729539","-3,8960811"
39639,39081,1701,Llerana,Llerana,"43,2570563","-3,7943157"
39640,39098,8101,Villacarriedo,Villacarriedo,"43,2330747","-3,7892328"
39649,39098,2201,Aloños,Aloños,"43,2163749","-3,8553507"
39650,39019,1701,Cueva (La),Cueva (La),"43,3238699","-3,8884417"
39660,39019,2201,Pomaluengo,Pomaluengo,"43,3101611","-3,9368439"
39670,39056,1701,Aes,Aes,"43,2894563","-3,9776389"
39679,39056,3801,Presillas (Las),Presillas (Las),"43,3230427","-3,9827405"
39680,39026,1701,Alceda,Alceda,"43,201785","-3,9291984"
39682,39026,10801,Sel del Tojo,Sel del Tojo,"43,1695006","-3,8833494"
39683,39071,1799,Aldano,*Diseminado*,"43,1311353","-3,8731663"
39685,39097,1701,Candolias,Candolias,"43,1423699","-3,7536663"
39686,39071,2299,Bustaleguin,*Diseminado*,"43,1203153","-3,8349976"
39687,39039,1701,Bollacin,Bollacin,"43,136925","-3,9164585"
39688,39039,2201,Bustasur,Bustasur,"43,120417","-3,9037217"
39689,39078,2201,Barcena,Barcena,"43,1956644","-3,8960811"
39690,39099,1701,Concha (La),Concha (La),"43,3561497","-3,8604402"
39691,39078,3801,Iruz,Iruz,"43,2765627","-3,9317468"
39692,39099,2201,Liaño,Liaño,"43,3764463","-3,8299106"
39694,39074,1701,Abadilla (La),Abadilla (La),"43,2943177","-3,8349976"
39696,39082,1799,Bustantegua,*Diseminado*,"43,1997485","-3,7739869"
39697,39026,4301,Corvera,Corvera,"43,1749309","-3,9368439"
39698,39078,1701,Acereda,Acereda,"43,2382858","-3,9215541"
39699,39026,2201,Borleña,Borleña,"43,2129031","-3,9572374"
39700,39020,3801,Castro Urdiales,Castro Urdiales,"43,370311","-3,2483058"
39706,39020,2201,Baltezana,Baltezana,"43,3480389","-3,1829868"
39707,39020,10801,Otañes,Otañes,"43,3141341","-3,1880083"
39708,39020,7501,Mioño,Mioño,"40,463667","-3,74922"
39709,39020,11501,Samano,Samano,"43,3545012","-3,2106111"
39710,39042,9401,Solares,Solares,"43,3864433","-3,7460481"
39715,39028,2201,Entrambasaguas,Entrambasaguas,"43,3628133","-3,6572542"
39716,39028,1701,Bosque (El),Bosque (El),"43,3904175","-3,6978264"
39717,39084,1799,Collada (La),*Diseminado*,"40,463667","-3,74922"
39718,39037,2201,Pamanes,Bucarrero,"43,3542099","-3,7739869"
39719,39028,6901,Puente Aguero,Puente Aguero,"43,413341","-3,7333537"
39720,39064,3801,Barrio de Arriba,Barrio de Arriba,"43,3375741","-3,6927531"
39722,39037,1704,Lierganes,Lierganes,"43,3417466","-3,7498571"
39723,39045,3801,Carcoba (La),Carcoba (La),"43,2983327","-3,7130493"
39724,39042,2201,Ceceñas,Ceceñas,"43,3701623","-3,7282769"
39725,39045,2201,Cantolla (La),Cantolla (La),"40,463667","-3,74922"
39726,39072,2201,Merilla,Merilla,"40,463667","-3,74922"
39727,39037,1701,Lierganes,Calgar,"43,3163064","-3,7536663"
39728,39045,1701,Ajanedo,Ajanedo,"40,463667","-3,74922"
39730,39031,1710,Beranga,Beranga,"43,4125862","-3,6065848"
39738,39031,2209,Hazas de Cesto,Hazas de Cesto,"43,3793509","-3,5913939"
39739,39031,3804,Praves,Praves,"40,463667","-3,74922"
39740,39079,3801,Santoña,Santoña,"43,4529732","-3,4675075"
39749,39079,1701,Dueso,Dueso,"43,4560637","-3,4447863"
39750,39023,1701,Colindres,Colindres,"43,386335","-3,4422624"
39760,39009,1701,Adal,Coz de Monte,"43,3877534","-3,4750836"
39761,39009,1703,Adal,Primosto,"43,3775036","-3,495292"
39762,39102,3801,Carasa,Carasa,"43,3690913","-3,4548833"
39764,39102,1701,Badames,Badames,"43,3619626","-3,5306765"
39766,39102,2201,Bueras,Bueras,"43,3240123","-3,5104537"
39770,39035,2201,Callejo (El),Callejo (El),"43,4082361","-3,4346913"
39776,39036,1701,Hazas,Hazas,"43,386099","-3,3691241"
39777,39035,1701,Arenosa (La),Arenosa (La),"43,4019903","-3,4018969"
39778,39030,20601,Rioseco,Rioseco,"43,3993301","-3,4169994"
39780,39020,9401,Oriñon,Oriñon,"40,463667","-3,74922"
39786,39030,4301,Balbacienta,Balbacienta,"40,463667","-3,74922"
39787,39030,4301,Balbacienta,Balbacienta,"40,463667","-3,74922"
39788,39030,1701,Adino,Adino,"43,3487195","-3,3288183"
39790,39009,3801,Barcena de Cicero,Bodega (La),"43,4163417","-3,4851867"
39791,39009,2201,Ambrosero,Casuso,"43,4005042","-3,5306765"
39792,39040,3801,Gajano,Gajano,"43,3977336","-3,768906"
39793,39062,2201,Cubas,Cubas,"43,4199594","-3,6775362"
39794,39062,1701,Anero,Anero,"43,3966969","-3,6521849"
39795,39029,2201,Baranda,Baranda,"43,4349794","-3,5053993"
39796,39009,4303,Cicero,Ermita (La),"40,463667","-3,74922"
39798,39020,1701,Allendelagua,Allendelagua,"43,3931117","-3,2935778"
39800,39057,10801,Ramales de la Victoria,Ramales de la Victoria,"43,263262","-3,4447863"
39805,39057,10808,Ramales de la Victoria,Pared (La),"43,1762584","-3,4447863"
39806,39083,1701,Aja,Aja,"43,1775454","-3,561026"
39807,39083,14101,Regules,Regules,"40,463667","-3,74922"
39808,39083,9401,Incedo,Incedo,"43,1937688","-3,5053993"
39809,39057,4303,Gibaja,Estacion (La),"43,2752581","-3,4473104"
39811,39057,10810,Ramales de la Victoria,Sierra Alcomba,"40,463667","-3,74922"
39812,39067,2299,Matienzo,*Diseminado*,"43,302841","-3,5711466"
39813,39007,1799,Alisas,*Diseminado*,"43,2623163","-3,6319131"
39815,39057,4302,Gibaja,Barcena,"43,2648537","-3,5509074"
39820,39038,1707,Limpias,Limpias,"43,3678162","-3,4170301"
39840,39002,3801,Ampuero,Ampuero,"43,3449566","-3,4157688"
39849,39002,1799,Ahedo,*Diseminado*,"43,3469478","-3,3892894"
39850,39002,7599,Bulco,*Diseminado*,"43,3109237","-3,4649824"
39860,39058,1701,Casavieja,Casavieja,"43,3032437","-3,4297921"
39880,39030,2201,Agüera,Agüera,"43,3112949","-3,2885455"
40001,40194,6901,Segovia,Segovia,"40,9496361","-4,1193959"
40002,40194,6901,Segovia,Segovia,"40,9439422","-4,1200354"
40003,40194,6901,Segovia,Segovia,"40,9503023","-4,1360234"
40004,40194,6901,Segovia,Segovia,"40,9392473","-4,0925474"
40005,40194,6901,Segovia,Segovia,"40,939265","-4,1098056"
40006,40194,6901,Segovia,Segovia,"40,9288003","-4,1027738"
40100,40181,2201,San Ildefonso O la Granja,San Ildefonso O la Granja,"40,828648","-4,0082563"
40109,40181,3801,Valsain,Valsain,"40,8780778","-4,0388918"
40120,40094,1701,Garcillan,Garcillan,"40,9909927","-4,264103"
40121,40017,1701,Anaya,Anaya,"40,9918615","-4,3086671"
40122,40185,9401,Pascuales,Pascuales,"41,0289796","-4,3256918"
40123,40185,1701,Aragoneses,Aragoneses,"41,007298","-4,3667907"
40130,40119,1701,Martin Miguel,Martin Miguel,"40,948397","-4,3256918"
40131,40105,1701,Juarros de Riomoros,Juarros de Riomoros,"40,463667","-3,74922"
40132,40903,1701,Marazoleja,Marazoleja,"40,463667","-3,74922"
40133,40118,1701,Marazuela,Marazuela,"40,9823137","-4,3616516"
40134,40180,2201,Etreros,Etreros,"40,9469573","-4,4293821"
40135,40185,4301,Jemenuño,Jemenuño,"40,9614695","-4,5108862"
40136,40185,3801,Hoyuelos,Hoyuelos,"41,0033618","-4,4696765"
40140,40216,1701,Valverde del Majano,Valverde del Majano,"40,9521933","-4,2230836"
40141,40001,1701,Abades,Abades,"40,909593","-4,2846246"
40142,40111,1701,Lastras del Pozo,Lastras del Pozo,"40,8669296","-4,3462373"
40144,40028,1701,Bercial,Bercial,"40,9041684","-4,4284985"
40145,40135,1701,Moñibas,Moñibas,"40,901784","-4,4902774"
40146,40107,1701,Labajos,Labajos,"40,8396223","-4,5315029"
40150,40225,1701,Villacastin,Villacastin,"40,7732823","-4,4182089"
40151,40104,1701,Ituero Y Lama,Ituero Y Lama,"40,8003112","-4,3719303"
40152,40233,1701,Zarzuela del Monte,Zarzuela del Monte,"40,8071031","-4,3256918"
40153,40194,1701,Fuentemilanos,Fuentemilanos,"40,870744","-4,2435893"
40154,40194,3801,Madrona,Madrona,"40,913349","-4,1820961"
40156,40079,4301,Fresno de Cantespino,Fresno de Cantespino,"41,1281336","-3,7943157"
40160,40203,1701,Aldehuela,Aldehuela,"40,9803566","-3,9980485"
40161,40139,1701,Navafria,Navafria,"41,026178","-3,8349976"
40162,40007,1701,Ceguilla,Ceguilla,"41,0476581","-3,7943157"
40163,40123,1701,Cañicosa,Cañicosa,"41,0892384","-3,7536663"
40164,40020,1701,Arconcillos,Arconcillos,"41,1106668","-3,7130493"
40165,40162,2201,Pradena,Pradena,"41,1320729","-3,6724649"
40170,40059,1701,Collado Hermoso,Collado Hermoso,"41,0234452","-3,9164585"
40171,40188,1701,Chavida,Chavida,"41,0748051","-3,8858955"
40172,40156,1701,Pedraza,Pedraza,"41,1281336","-3,7943157"
40173,40019,1701,Arahuetes,Arahuetes,"41,126112","-3,8553507"
40174,40220,1701,Berzal,Berzal,"41,1725125","-3,8197381"
40175,40125,1701,Matilla (La),Matilla (La),"41,1932684","-3,7993992"
40176,40150,1701,Arenal (El),Arenal (El),"41,174183","-3,768906"
40180,40026,1701,Basardilla,Basardilla,"41,0213548","-3,9776389"
40181,40208,1701,Aldeasaz,Aldeasaz,"41,0817419","-3,9776389"
40182,40034,1701,Caballar,Caballar,"41,1275161","-3,962337"
40183,40136,1701,Muñoveros,Muñoveros,"41,1720227","-3,9519037"
40184,40019,2201,Pajares de Pedraza,Pajares de Pedraza,"41,2051045","-3,8960811"
40185,40021,1701,Arevalillo de Cega,Arevalillo de Cega,"41,1441561","-3,9164585"
40190,40031,1701,Bernuy de Porreros,Bernuy de Porreros,"41,0014169","-4,1155596"
40191,40022,2201,Carbonero de Ahusin,Carbonero de Ahusin,"40,9976501","-4,0797673"
40192,40002,1701,Adrada de Piron,Adrada de Piron,"41,0796159","-4,0388918"
40194,40155,1701,Palazuelos de Eresma,Palazuelos de Eresma,"40,9400344","-3,9980485"
40195,40194,2201,Hontoria,Hontoria,"40,8961045","-4,100217"
40196,40112,1701,Lastrilla (La),Lastrilla (La),"40,9711919","-4,1155596"
40197,40906,1701,San Cristobal de Segovia,San Cristobal de Segovia,"40,9524826","-4,0746561"
40200,40063,3801,Cuellar,Cuellar,"41,3524592","-4,264103"
40210,40063,7501,Escarabajosa de Cuellar,Escarabajosa de Cuellar,"41,4072887","-4,2692327"
40211,40063,10801,Torregutierrez,Torregutierrez,"41,4086335","-4,3667907"
40212,40177,1701,San Cristobal de Cuellar,San Cristobal de Cuellar,"41,4226511","-4,3924936"
40213,40219,1701,Vallelado,Vallelado,"41,3862809","-4,4284985"
40214,40024,1701,Ayllon,Ayllon,"41,3846917","-4,4696765"
40215,40063,1701,Arroyo de Cuellar,Arroyo de Cuellar,"41,3493927","-4,3462373"
40216,40065,1701,Chañe,Chañe,"41,3454701","-4,4490836"
40217,40078,1701,Fresneda de Cuellar,Fresneda de Cuellar,"41,3102319","-4,4542311"
40218,40084,1701,Fuente El Olmo de Iscar,Fuente El Olmo de Iscar,"41,2886009","-4,4954289"
40219,40228,1701,Villaverde de Iscar,Villaverde de Iscar,"41,3022138","-4,5315029"
40220,40149,2201,Olombrada,Olombrada,"41,4369521","-4,1411406"
40230,40063,5601,Dehesa,Dehesa,"41,3884233","-4,2384621"
40231,40063,9401,Lovingos,Lovingos,"41,4280401","-4,248717"
40232,40063,8101,Fuentes de Cuellar,Fuentes de Cuellar,"41,4339793","-4,2230836"
40233,40149,1701,Moraleja de Cuellar,Moraleja de Cuellar,"41,439912","-4,1974627"
40234,40127,1701,Membibre de la Hoz,Membibre de la Hoz,"41,4583999","-4,100217"
40235,40013,1701,Aldeasoña,Aldeasoña,"41,4746511","-4,0644352"
40236,40108,1701,Laguna de Contreras,Laguna de Contreras,"41,4960574","-4,0235718"
40237,40174,2201,Sacramenia,Sacramenia,"41,5033459","-3,9572374"
40238,40215,1701,Pecharroman,Pecharroman,"41,478905","-3,9419415"
40239,40905,1701,Cuevas de Provanco,Cuevas de Provanco,"41,5432663","-3,9572374"
40240,40095,1701,Gomezserracin,Gomezserracin,"41,2900828","-4,3256918"
40241,40063,4301,Chatun,Chatun,"41,2736979","-4,3616516"
40242,40063,2201,Campo de Cuellar,Campo de Cuellar,"41,303366","-4,3719303"
40250,40134,1701,Mozoncillo,Mozoncillo,"41,134839","-4,1820961"
40260,40086,1701,Fuentepelayo,Fuentepelayo,"41,23523","-4,1820961"
40270,40043,1701,Carbonero El Mayor,Carbonero El Mayor,"41,1422643","-4,2538452"
40280,40141,1701,Navalmanzano,Navalmanzano,"41,2121648","-4,264103"
40290,40173,1701,Roda de Eresma,Roda de Eresma,"41,029421","-4,1769749"
40291,40074,1701,Escarabajosa de Cabezas,Escarabajosa de Cabezas,"41,0987292","-4,2077095"
40292,40012,1701,Aldea Real,Aldea Real,"41,1906319","-4,166734"
40293,40234,1701,Zarzuela del Pinar,Zarzuela del Pinar,"41,260114","-4,1872178"
40294,40160,1701,Pinarnegrillo,Pinarnegrillo,"41,1887711","-4,2179584"
40295,40182,1701,Mudrian,Mudrian,"41,2291636","-4,3462373"
40296,40159,1701,Pinarejos,Pinarejos,"41,2515245","-4,2846246"
40297,40179,1701,Sanchonuño,Sanchonuño,"41,3309135","-4,3051542"
40298,40081,1701,Frumales,Frumales,"41,3747311","-4,2025859"
40300,40195,7501,Sepulveda,Sepulveda,"41,2770563","-3,5306765"
40310,40186,1701,Santa Marta del Cerro,Santa Marta del Cerro,"41,2117881","-3,6927531"
40311,40195,1701,Aldehuelas de Sepulveda,Aldehuelas de Sepulveda,"41,2583925","-3,6471162"
40312,40070,1701,Cortos (Los),Cortos (Los),"41,2713332","-3,7130493"
40313,40202,1701,Torreadrada,Torreadrada,"41,4675275","-3,8349976"
40314,40091,1701,Fuentesoto,Fuentesoto,"41,4654795","-3,8960811"
40315,40047,1701,Castro de Fuentidueña,Castro de Fuentidueña,"41,4075484","-3,8349976"
40316,40051,1701,Castroserracin,Castroserracin,"40,463667","-3,74922"
40317,40195,2201,Castrillo de Sepulveda,Castrillo de Sepulveda,"41,3184685","-3,8044831"
40318,40049,1701,Castroserna de Abajo,Castroserna de Abajo,"41,2104822","-3,7333537"
40320,40040,2201,Cantalejo,Cantalejo,"41,2625164","-3,9776389"
40330,40088,1701,Fuenterrebollo,Fuenterrebollo,"41,3033112","-3,9572374"
40331,40044,1701,Burgomillodo,Burgomillodo,"41,3454575","-3,8960811"
40332,40056,1701,Cobos de Fuentidueña,Cobos de Fuentidueña,"41,3841094","-3,9368439"
40340,40004,1701,Aguilafuente,Aguilafuente,"41,2381686","-4,100217"
40350,40073,1701,Escalona del Prado,Escalona del Prado,"41,1571405","-4,1206748"
40351,40192,1701,Sauquillo de Cabezas,Sauquillo de Cabezas,"41,1994787","-4,0593255"
40352,40110,1701,Lastras de Cuellar,Lastras de Cuellar,"41,2797214","-4,0593255"
40353,40100,1701,Hontalbilla,Hontalbilla,"41,3376526","-4,1206748"
40354,40003,1701,Adrados,Adrados,"41,3776873","-4,1206748"
40355,40089,2201,Fuentesauco Fuentidueña,Fuentesauco Fuentidueña,"41,4398619","-4,0593255"
40356,40037,1701,Calabazas de Fuentidueña,Calabazas de Fuentidueña,"41,4564608","-4,013361"
40357,40092,1701,Fuentidueña,Fuentidueña,"41,3412588","-4,0184661"
40358,40087,1701,Fuentepiñel,Fuentepiñel,"41,4057669","-4,0337846"
40359,40083,1701,Fuente Olmo Fuentidueña,Fuente Olmo Fuentidueña,"41,3812942","-4,0184661"
40360,40041,1701,Cantimpalos,Cantimpalos,"41,0752584","-4,1616143"
40370,40208,5601,Turegano,Turegano,"41,1607438","-4,0184661"
40380,40040,1701,Aldeonsancho,Aldeonsancho,"41,2659849","-3,8757119"
40389,40006,1701,Aldealcorvo,Aldealcorvo,"41,2278965","-3,8146526"
40390,40214,1701,Valseca,Valseca,"40,9995823","-4,166734"
40391,40072,1701,Encinillas,Encinillas,"41,0305278","-4,1462582"
40392,40035,1701,Cabañas de Polendos,Cabañas de Polendos,"41,0573333","-4,100217"
40393,40075,1701,Escobar de Polendos,Escobar de Polendos,"41,1176762","-4,100217"
40394,40205,2201,Otones de Benjumea,Otones de Benjumea,"41,1392213","-4,0593255"
40395,40222,1701,Veganzones,Veganzones,"41,1964217","-4,0031521"
40396,40036,1701,Cabezuela,Cabezuela,"41,2230958","-3,9572374"
40400,40076,2201,Espinar (El),Espinar (El),"40,7299993","-4,2230836"
40408,40146,1701,Navas de San Antonio,Navas de San Antonio,"40,7246629","-4,3667907"
40410,40076,6901,San Rafael,San Rafael,"40,7112462","-4,1820961"
40418,40079,1701,Cascajares,Cascajares,"40,463667","-3,74922"
40419,40076,4301,Gudillos,Gudillos,"40,7175975","-4,1462582"
40420,40113,2201,Losa (La),Losa (La),"40,8542673","-4,1411406"
40421,40901,1701,Ortigosa del Monte,Ortigosa del Monte,"40,8082568","-4,1564951"
40422,40152,1701,Estacion (La),Estacion (La),"40,8116436","-4,2025859"
40423,40211,1701,Guijasalbas,Guijasalbas,"40,8093911","-4,264103"
40424,40076,1701,Angeles de S Rafael (Los),Angeles de S Rafael (Los),"40,7713458","-4,2234597"
40430,40030,1701,Bernardos,Bernardos,"41,1488673","-4,3462373"
40440,40185,11501,Santa Maria la Real de Ni,Santa Maria la Real de Ni,"41,0687307","-4,4053497"
40441,40128,1701,Miguelañez,Miguelañez,"41,1424847","-4,3822109"
40442,40176,2201,Samboal,Samboal,"41,2661397","-4,4284985"
40443,40176,1701,Narros de Cuellar,Narros de Cuellar,"41,3070039","-4,4079213"
40444,40126,1701,Melque de Cercos,Melque de Cercos,"41,0436235","-4,4696765"
40445,40106,1701,Juarros de Voltoya,Juarros de Voltoya,"41,0367882","-4,5160396"
40446,40121,1701,Martin Muñoz Las Posadas,Martin Muñoz Las Posadas,"40,9799998","-4,5521274"
40447,40148,1701,Nieva,Nieva,"41,0846521","-4,4490836"
40448,40185,7501,Ochando,Ochando,"40,463667","-3,74922"
40449,40185,2201,Balisa,Balisa,"41,0049482","-4,4284985"
40450,40138,2201,Nava de la Asuncion,Nava de la Asuncion,"41,1441526","-4,4696765"
40460,40189,1701,Bernuy de Coca,Bernuy de Coca,"41,1601979","-4,5727598"
40461,40138,1701,Moraleja de Coca,Moraleja de Coca,"41,1160178","-4,5469705"
40462,40010,1701,Aldeanueva del Codonal,Aldeanueva del Codonal,"41,0814461","-4,5315029"
40463,40058,1701,Codorniz,Codorniz,"41,0789995","-4,5934"
40464,40058,2201,Montuenga,Montuenga,"41,0186405","-4,5934"
40465,40178,1701,San Cristobal de la Vega,San Cristobal de la Vega,"41,1127351","-4,6295394"
40466,40120,1701,Martin Muñoz de la Dehesa,Martin Muñoz de la Dehesa,"41,0765168","-4,6553679"
40467,40201,1701,Tolocirio,Tolocirio,"41,1328278","-4,6295394"
40468,40129,1701,Montejo de Arevalo,Montejo de Arevalo,"41,1560584","-4,6760395"
40469,40069,1701,Donhierro,Donhierro,"41,1150442","-4,6967189"
40470,40145,1701,Navas de Oro,Navas de Oro,"41,2059722","-4,4284985"
40480,40057,2201,Coca,Coca,"41,222843","-4,5108862"
40490,40101,1701,Estacion (La),Estacion (La),"41,0077944","-4,2179584"
40491,40022,2201,Carbonero de Ahusin,Carbonero de Ahusin,"41,0320257","-4,2435893"
40492,40018,1701,Añe,Añe,"41,0353527","-4,2897563"
40493,40231,1701,San Pedro,San Pedro,"41,0722748","-4,2435893"
40494,40022,1701,Armuña,Armuña,"41,0893416","-4,3256918"
40495,40068,1701,Domingo Garcia,Domingo Garcia,"41,1071209","-4,387352"
40496,40057,1701,Ciruelos de Coca,Ciruelos de Coca,"41,223881","-4,5892444"
40500,40170,9401,Riaza,Riaza,"41,2788955","-3,4700327"
40510,40170,5601,Madriguera,Madriguera,"41,2922056","-3,3590446"
40511,40170,2201,Alquite,Alquite,"40,463667","-3,74922"
40512,40024,4301,Grado del Pico,Grado del Pico,"41,3243058","-3,2885455"
40513,40171,1701,Ribota,Ribota,"41,3408344","-3,4094629"
40514,40024,2201,Estebanvela,Estebanvela,"41,3626363","-3,3489671"
40515,40172,1701,Riofrio de Riaza,Riofrio de Riaza,"41,2399774","-3,4296446"
40516,40079,4301,Fresno de Cantespino,Fresno de Cantespino,"41,368477","-3,4994441"
40517,40170,1701,Aldeanueva del Monte,Aldeanueva del Monte,"41,3565984","-3,5509074"
40518,40079,1701,Cascajares,Cascajares,"41,3384195","-3,4902391"
40520,40024,1701,Ayllon,Ayllon,"41,4220974","-3,3691241"
40529,40005,1701,Alconada de Maderuelo,Alconada de Maderuelo,"41,4384976","-3,4902391"
40530,40016,2201,Olmillo (El),Olmillo (El),"41,3133705","-3,6521849"
40531,40016,1701,Aldeonte,Aldeonte,"41,3721677","-3,6927531"
40532,40009,1701,Aldeanueva la Serrezuela,Aldeanueva la Serrezuela,"41,4302247","-3,7536663"
40533,40014,1701,Aldehorno,Aldehorno,"41,5043323","-3,7790684"
40540,40080,1701,Fresno de la Fuente,Fresno de la Fuente,"41,4521847","-3,6927531"
40541,40099,1701,Honrubia de la Cuesta,Honrubia de la Cuesta,"41,4921499","-3,6927531"
40542,40130,1701,Montejo Vega Serrezuela,Montejo Vega Serrezuela,"41,5237179","-3,642048"
40550,40029,1701,Bercimuel,Bercimuel,"41,4341233","-3,6319131"
40551,40039,1701,Campo de San Pedro,Campo de San Pedro,"41,4360209","-3,5711466"
40552,40039,2201,Fuentemizarra,Fuentemizarra,"41,4608551","-3,5762077"
40553,40039,3801,Valdevarnes,Valdevarnes,"41,4811533","-3,566086"
40554,40115,1701,Maderuelo,Maderuelo,"41,5178165","-3,5104537"
40555,40008,1701,Aldealengua de Sta Maria,Aldealengua de Sta Maria,"41,4790881","-3,4700327"
40556,40109,1701,Languilla,Languilla,"41,4609078","-3,4094629"
40560,40032,2201,Boceguillas,Boceguillas,"41,3152785","-3,5913939"
40561,40142,1701,Navares de Ayuso,Navares de Ayuso,"40,463667","-3,74922"
40567,40154,1701,Pajarejos,Pajarejos,"41,3905374","-3,5863313"
40568,40032,1701,Aldeanueva del Campanario,Aldeanueva del Campanario,"41,3521303","-3,6141819"
40569,40097,1701,Grajera,Grajera,"41,3698889","-3,6065848"
40590,40045,1701,Casla,Casla,"41,1741867","-3,6116494"
40591,40053,1701,Cerezo de Abajo,Cerezo de Abajo,"41,2201621","-3,5863313"
40592,40054,1701,Cerezo de Arriba,Cerezo de Arriba,"41,197395","-3,5104537"
40593,40046,1701,Castillejo de Mesleon,Castillejo de Mesleon,"41,275183","-3,5913939"
40594,40024,6901,Santa Maria de Riaza,Santa Maria de Riaza,"41,4154624","-3,4245984"
41001,41091,2201,Sevilla,Sevilla,"37,3896172","-5,9978005"
41002,41091,2201,Sevilla,Sevilla,"37,3976","-5,9978005"
41003,41091,2201,Sevilla,Sevilla,"37,3942113","-5,9859016"
41004,41091,2201,Sevilla,Sevilla,"37,3846967","-5,9898676"
41005,41091,2201,Sevilla,Sevilla,"37,3793117","-5,9647536"
41006,41091,2201,Sevilla,Sevilla,"37,3747865","-5,9488975"
41007,41091,2201,Sevilla,Sevilla,"37,4089824","-5,956825"
41008,41091,2201,Sevilla,Sevilla,"37,4000675","-5,9753267"
41009,41091,2201,Sevilla,Sevilla,"37,4101751","-5,9859016"
41010,41091,2201,Sevilla,Sevilla,"37,3822261","-6,0123468"
41011,41091,2201,Sevilla,Sevilla,"37,3424297","-6,0097018"
41012,41091,2201,Sevilla,Sevilla,"37,3541523","-5,9885456"
41013,41091,2201,Sevilla,Sevilla,"37,3552204","-5,9673967"
41014,41091,2201,Sevilla,Sevilla,"37,3257942","-5,9700399"
41015,41091,2201,Sevilla,Sevilla,"37,439299","-5,9885456"
41016,41091,2201,Sevilla,Sevilla,"37,3941873","-5,8802357"
41017,41091,2201,Sevilla,Sevilla,"37,3840185","-5,8973938"
41018,41091,2201,Sevilla,Sevilla,"37,3838341","-5,9806139"
41019,41091,2201,Sevilla,Sevilla,"37,4093103","-5,9238005"
41020,41091,2201,Sevilla,Sevilla,"37,4212157","-5,9251211"
41073,41038,1701,Dos Hermanas,Dos Hermanas,"37,7949471","-5,7721204"
41089,41038,1701,Dos Hermanas,Dos Hermanas,"37,3360409","-5,9251211"
41092,41091,2201,Sevilla,Sevilla,"37,403782","-6,0070569"
41100,41034,1799,Carchena,*Diseminado*,"37,239827","-6,0361574"
41110,41016,1701,Bollullos de la Mitacion,Bollullos de la Mitacion,"37,318554","-6,1633042"
41111,41010,1701,Almensilla,Almensilla,"37,305594","-6,1049958"
41120,41044,1701,Gelves,Gelves,"37,328173","-6,0282195"
41130,41079,4301,Puebla del Rio (La),Puebla del Rio (La),"37,1196979","-6,0891032"
41140,41902,1702,Isla Mayor,Isla Mayor,"37,0725704","-6,1739116"
41150,41902,1701,Isla Mayor,Poblado de Alfonso XIII,"37,1652976","-6,1367935"
41200,41005,1701,Alcala del Rio,Alcala del Rio,"37,5187631","-5,9938339"
41209,41005,2201,Esquivel,Esquivel,"37,56125","-5,9938339"
41210,41049,2201,Guillena,Guillena,"37,6306647","-6,0891032"
41218,41049,5601,Torre de la Reina,Torre de la Reina,"37,5221913","-6,0308654"
41219,41049,2299,Guillena,*Diseminado*,"37,5614133","-6,0944003"
41220,41019,1701,Burguillos,Burguillos,"37,6058504","-5,9515399"
41230,41027,1701,Castilblanco Arroyos,Campoamor Urbanizacion,"37,7018287","-5,940971"
41240,41009,1701,Almaden de la Plata,Almaden de la Plata,"37,866891","-6,0255738"
41250,41080,1701,Real de la Jara (El),Real de la Jara (El),"37,9603395","-6,0573302"
41300,41081,4302,Jarilla (La),Gordillo (El),"37,5062883","-5,9251211"
41309,41081,1799,Buitrago,*Diseminado*,"37,4714534","-5,8775964"
41310,41018,1701,Brenes,Brenes,"37,5514222","-5,8723182"
41318,41101,1701,Villaverde del Rio,Villaverde del Rio,"37,6090279","-5,8881542"
41319,41005,4301,Viar (El),Viar (El),"37,5705549","-5,9145568"
41320,41023,1701,Cantillana,Cantillana,"37,6434785","-5,8353837"
41330,41092,1701,Rosales (Los),Rosales (Los),"37,5933064","-5,7220845"
41339,41024,2201,Guadajoz,Guadajoz,"37,5617071","-5,661571"
41340,41092,1701,Rosales (Los),Rosales (Los),"37,6117562","-5,7247169"
41350,41099,9401,Villanueva Rio Y Minas,Villanueva Rio Y Minas,"37,6900375","-5,7510475"
41359,41099,8101,Villanueva del Rio,Villanueva del Rio,"37,6127748","-5,7036608"
41360,41073,1799,Cañadas del Romero,*Diseminado*,"37,7949471","-5,7721204"
41370,41032,1701,Cazalla de la Sierra,Cazalla de la Sierra,"37,959945","-5,8564864"
41380,41002,1701,Alanis,Alanis,"38,0767656","-5,624767"
41388,41088,2201,San Nicolas del Puerto,San Nicolas del Puerto,"38,0034187","-5,6142558"
41389,41088,1701,Cerro del Hierro,Cerro del Hierro,"37,9772751","-5,6090009"
41390,41048,1701,Guadalcanal,Guadalcanal,"38,1107516","-5,7932008"
41400,41039,1799,Aceñuela (La),*Diseminado*,"37,4897553","-5,018246"
41409,41039,3801,Cerro Perea,Astigi Urbanizacion,"37,6341002","-5,1223608"
41410,41024,1701,Carmona,Carmona,"37,4634739","-5,6037465"
41420,41042,1701,Fuentes de Andalucia,Fuentes de Andalucia,"37,4528964","-5,3730176"
41429,41022,1701,Campana (La),Campana (La),"37,536073","-5,4149003"
41430,41056,3801,Luisiana (La),Campillo (El),"37,5556332","-5,2162283"
41439,41042,1702,Fuentes de Andalucia,Monclova (La),"37,5731703","-5,2997959"
41440,41006,1799,Alcolea del Rio,*Diseminado*,"37,6596343","-5,4987565"
41449,41006,1701,Alcolea del Rio,Alcolea del Rio,"37,641583","-5,6563119"
41450,41033,1799,Baltrotas (Las),*Diseminado*,"37,887709","-5,6037465"
41460,41066,1701,Navas de la Concepcion,Navas de la Concepcion,"37,9469688","-5,4672962"
41470,41074,1701,Peñaflor,Peñaflor,"37,7401295","-5,3625516"
41471,41095,6902,Utrera,Utrera,"40,463667","-3,74922"
41479,41078,1701,Puebla de Los Infantes,Puebla de Los Infantes,"37,8109268","-5,435853"
41489,41012,1701,Aznalcazar,Aznalcazar,"40,463667","-3,74922"
41500,41004,1701,Acebuchal (El),Alegria (La),"37,3032002","-5,8353837"
41510,41058,1702,Bencarron,San Blas,"37,3398079","-5,7405139"
41520,41004,5699,Trujillo - Cabeza Sordo,*Diseminado*,"37,3890129","-5,7141879"
41530,41065,4301,Moron de la Frontera,Moron de la Frontera,"37,1300491","-5,435853"
41540,41077,1701,Puebla de Cazalla (La),Puebla de Cazalla (La),"37,1580455","-5,2893433"
41550,41001,1701,Aguadulce,Aguadulce,"37,2514698","-4,9818513"
41560,41041,1799,Alamedilla,*Diseminado*,"37,3040307","-4,8728093"
41563,41039,10801,Isla Redonda la Aceñuela,Isla Redonda la Aceñuela,"37,4551681","-4,8909681"
41564,41054,1701,Lora de Estepa,Lora de Estepa,"37,2741322","-4,8209596"
41565,41046,1701,Gilena,Gilena,"37,2262946","-4,9454803"
41566,41072,1701,Pedrera,Pedrera,"37,2066534","-4,9039424"
41567,41039,1799,Aceñuela (La),*Diseminado*,"37,3791082","-4,8624355"
41568,41084,1701,Rubio (El),Rubio (El),"37,3517314","-5,0078451"
41569,41061,1701,Marinaleda,Marinaleda,"37,3705581","-4,9402863"
41570,41014,1701,Badolatosa,Badolatosa,"37,3004648","-4,6967189"
41580,41026,1701,Casariche,Casariche,"37,2979897","-4,7588042"
41590,41082,3801,Roda de Andalucia (La),Roda de Andalucia (La),"37,2117296","-4,7795149"
41599,41014,3801,Corcoya,Corcoya,"37,229209","-4,7432763"
41600,41011,1701,Arahal,Arahal,"37,1873369","-5,5827334"
41610,41071,1799,Calvario (El),*Diseminado*,"37,2878009","-5,4882679"
41620,41060,5601,Marchena,Marchena,"37,3046946","-5,3520876"
41630,41052,1701,Lantejuela (La),Lantejuela (La),"37,3585002","-5,2214477"
41640,41068,1701,Osuna,Osuna,"37,230367","-5,1015225"
41650,41090,2299,Navarredonda,*Diseminado*,"37,0490488","-5,0911062"
41657,41037,1701,Corrales (Los),Corrales (Los),"37,1167935","-5,0078451"
41658,41062,1799,Cañuelo (El),*Diseminado*,"37,1296695","-4,9558696"
41659,41090,1701,Mezquitilla (La),Mezquitilla (La),"37,0714515","-5,1301772"
41660,41100,1701,Villanueva de San Juan,Villanueva de San Juan,"37,0715225","-5,1901384"
41661,41008,1701,Algamitas,Algamitas,"37,0193594","-5,1588464"
41670,41076,1701,Pruna,Pruna,"36,9998719","-5,2371087"
41700,41038,1799,Dos Hermanas,*Diseminado*,"37,2643732","-5,9726832"
41701,41038,1701,Dos Hermanas,Dos Hermanas,"37,2852881","-5,9277625"
41702,41038,1701,Dos Hermanas,Dos Hermanas,"37,2624842","-5,9039944"
41703,41038,1701,Dos Hermanas,Dos Hermanas,"37,3100775","-5,9647536"
41704,41038,1701,Dos Hermanas,Dos Hermanas,"37,3091385","-5,9304039"
41710,41095,1701,Guadalema de Los Quintero,Guadalema de Los Quintero,"37,093815","-5,7510475"
41719,41095,1701,Guadalema de Los Quintero,Guadalema de Los Quintero,"37,0591699","-5,8037437"
41720,41069,1701,Chapatales (Los),Chapatales (Los),"37,1811384","-5,9304039"
41727,41069,2201,Maribañez,Maribañez,"37,0855164","-5,9198387"
41728,41038,3801,Marisma Puntales Adriano,Marisma Puntales Adriano,"37,1667371","-6,0044121"
41729,41020,3801,Sacramento,Sacramento,"40,463667","-3,74922"
41730,41020,1701,Cabezas de San Juan (Las),Cabezas de San Juan (Las),"36,9956926","-5,9265471"
41740,41053,5601,Lebrija,Lebrija,"36,9507284","-6,0467429"
41749,41903,1701,Cuervo de Sevilla (El),Cuervo de Sevilla (El),"36,8615264","-6,0097018"
41750,41063,1701,Molares (Los),Molares (Los),"37,1721658","-5,6773512"
41760,41036,1701,Coronil (El),Coronil (El),"37,0458883","-5,6352801"
41770,41064,1701,Montellano,Montellano,"37,0182288","-5,5407299"
41780,41035,1701,Coripe,Coripe,"36,9923826","-5,4044268"
41800,41087,1701,Estacion de Benacazon,Huertos de Epifanio,"37,4418159","-6,2482149"
41804,41067,1701,Olivares,Olivares,"37,4686407","-6,1420947"
41805,41015,1701,Benacazon,Benacazon,"37,3376387","-6,2057449"
41806,41094,1701,Umbrete,Umbrete,"37,368891","-6,1577835"
41807,41040,1701,Espartinas,Espartinas,"37,389691","-6,1261925"
41808,41098,1701,Villanueva del Ariscal,Villanueva del Ariscal,"37,3992328","-6,1473964"
41809,41003,1701,Albaida del Aljarafe,Albaida del Aljarafe,"37,4401252","-6,179216"
41810,41030,1701,Castilleja del Campo,Castilleja del Campo,"37,3891431","-6,33856"
41820,41025,1701,Carrion de Los Cespedes,Carrion de Los Cespedes,"37,3684295","-6,3279244"
41830,41051,2201,Huevar,Barriada San Jose,"37,3544473","-6,2907139"
41840,41075,1701,Pilas,Pilas,"37,2894128","-6,3119743"
41849,41012,1701,Aznalcazar,Aznalcazar,"37,1086122","-6,3013432"
41850,41097,1701,Villamanrique de Condesa,Villamanrique de Condesa,"37,2254534","-6,3119743"
41860,41045,1701,Gerena,Gerena,"37,541357","-6,1739116"
41870,41013,1701,Aznalcollar,Aznalcollar,"37,5346278","-6,3013432"
41880,41083,1799,Hoyuelo (El),*Diseminado*,"37,75342","-6,1739116"
41888,41043,1701,Garrobo (El),Garrobo (El),"37,6363095","-6,1845209"
41889,41031,2201,Alisar (El),Alisar (El),"37,6764823","-6,2269763"
41890,41031,5601,Aulaga (La),Aulaga (La),"37,651902","-6,2907139"
41897,41057,4301,Madroño (El),Madroño (El),"37,6403565","-6,5036433"
41898,41031,4301,Arroyo de la Plata,Arroyo de la Plata,"37,6550453","-6,429036"
41899,41031,1701,Alcornocosa (La),Alcornocosa (La),"37,7366582","-6,2907139"
41900,41021,1701,Camas,Camas,"37,4052311","-6,0308654"
41907,41096,1701,Valencina Concepcion,Valencina Concepcion,"37,4293908","-6,0785104"
41908,41028,1701,Castilleja de Guzman,Castilleja de Guzman,"37,4066748","-6,0546832"
41909,41085,2299,Centro de Comarca Norte,*Diseminado*,"37,4719272","-6,0785104"
41910,41021,1701,Camas,Camas,"37,3864711","-6,0335114"
41920,41086,1701,San Juan de Aznalfarache,San Juan de Aznalfarache,"37,3626523","-6,0308654"
41926,41059,5603,Mairena del Aljarafe,Mairena del Aljarafe,"40,463667","-3,74922"
41927,41059,5603,Mairena del Aljarafe,Mairena del Aljarafe,"37,339731","-6,0626246"
41928,41070,1701,Palomares del Rio,Palomares del Rio,"37,318426","-6,0626246"
41929,41059,5603,Mairena del Aljarafe,Mairena del Aljarafe,"40,463667","-3,74922"
41930,41017,1701,Bormujos,Bormujos,"37,3599426","-6,0838065"
41940,41093,1701,Tomares,Tomares,"37,3722185","-6,0520363"
41950,41029,1701,Castilleja de la Cuesta,Castilleja de la Cuesta,"37,3853896","-6,0546832"
41960,41047,1701,Gines,Gines,"37,3843039","-6,0758624"
41970,41089,1701,Santiponce,Santiponce,"37,4340842","-6,0388036"
41980,41007,1701,Algaba (La),Algaba (La),"37,4695909","-6,0202827"
41989,41007,2201,Aral (El),Aral (El),"37,4731902","-6,0017674"
42001,42173,4301,Soria,Soria,"41,7094169","-1,944132"
42002,42173,4301,Soria,Soria,"41,7629176","-2,4641235"
42003,42173,4301,Soria,Soria,"41,7602723","-2,4715422"
42004,42173,4301,Soria,Soria,"41,7601129","-2,4789622"
42005,42173,4301,Soria,Soria,"41,8628593","-2,9175955"
42100,42004,1701,Agreda,Agreda,"41,8540233","-1,9196949"
42107,42004,2201,Aldehuela de Agreda,Aldehuela de Agreda,"41,8895765","-2,1548473"
42108,42004,4301,Valverde,Valverde,"41,9132516","-1,9392435"
42109,42217,1701,Vozmediano,Vozmediano,"40,463667","-3,74922"
42110,42134,2201,Olvega,Olvega,"41,7795976","-1,9844648"
42111,42011,1701,Aldealpozo,Aldealpozo,"41,5110918","-2,6387795"
42112,42100,1701,Hinojosa del Campo,Hinojosa del Campo,"41,760958","-2,1253854"
42113,42057,2201,Castilruiz,Castilruiz,"41,1546107","-2,4406387"
42114,42062,1701,Cigudosa,Cigudosa,"40,463667","-3,74922"
42120,42096,2201,Gomara,Gomara,"41,6294418","-2,2335066"
42124,42050,1701,Cañamaque,Cañamaque,"40,463667","-3,74922"
42125,42076,2201,Deza,Deza,"41,7785561","-2,9126022"
42126,42021,1701,Almazul,Almazul,"41,52311","-2,0469151"
42127,42021,3801,Zarabes,Zarabes,"41,5202167","-2,2039933"
42128,42037,1701,Bliecos,Bliecos,"41,5688129","-2,2728877"
42129,42016,1701,Aliud,Aliud,"41,8506192","-3,0075642"
42130,42022,1701,Almenar de Soria,Almenar de Soria,"41,7196769","-2,2039933"
42131,42022,3801,Castejon del Campo,Castejon del Campo,"41,5276902","-2,3320235"
42132,42132,1701,Noviercas,Noviercas,"41,7232616","-2,0077316"
42133,42006,1701,Alconaba,Alconaba,"40,463667","-3,74922"
42134,42049,1701,Candilichera,Candilichera,"41,7173573","-2,3221622"
42135,42009,1701,Aldealafuente,Aldealafuente,"41,9662505","-2,2925911"
42136,42140,1701,Portillo de Soria,Portillo de Soria,"40,463667","-3,74922"
42137,42051,1701,Carabantes,Carabantes,"40,463667","-3,74922"
42138,42022,2201,Cardejon,Cardejon,"41,642172","-2,086133"
42140,42164,1701,Arganza,Arganza,"41,8490349","-3,0676373"
42141,42080,2201,Guijosa,Guijosa,"41,7383847","-3,1177555"
42142,42080,1701,Espeja de San Marcelino,Espeja de San Marcelino,"41,8145761","-3,238251"
42143,42085,1701,Fuencaliente del Burgo,Fuencaliente del Burgo,"40,463667","-3,74922"
42144,42055,1701,Casarejos,Casarejos,"41,6707119","-2,6387795"
42145,42061,1701,Cidones,Cidones,"41,8289509","-2,6785092"
42146,42001,1701,Abejar,Abejar,"41,7853936","-2,8377656"
42147,42045,1701,Cabrejas del Pinar,Cabrejas del Pinar,"41,8115443","-2,8851484"
42148,42070,1701,Cubilla,Cubilla,"41,7813472","-2,9975593"
42149,42129,1701,Navaleno,Navaleno,"41,8506192","-3,0075642"
42150,42215,3801,Vinuesa,Vinuesa,"41,8967951","-2,7481176"
42151,42215,1701,Quintanarejo (El),Quintanarejo (El),"41,9070843","-2,514842"
42152,42173,2201,Oteruelos,Oteruelos,"41,4223459","-2,9975593"
42153,42160,1701,Derroñadas,Derroñadas,"41,9083539","-2,6785092"
42155,42117,1701,Molinos de Duero,Molinos de Duero,"41,3412031","-3,0375914"
42156,42117,1701,Molinos de Duero,Molinos de Duero,"41,9751383","-2,7879401"
42157,42069,1701,Covaleda,Covaleda,"41,9432071","-2,8776638"
42158,42078,1701,Duruelo de la Sierra,Duruelo de la Sierra,"41,9716723","-2,9275836"
42159,42160,3801,Langosto,Langosto,"41,9363993","-2,5346498"
42160,42019,1701,Almarza,Almarza,"40,463667","-3,74922"
42161,42019,4301,Gallinero,Gallinero,"41,9638329","-2,4109908"
42162,42042,1701,Buitrago,Buitrago,"41,844376","-2,4307539"
42163,42094,1701,Canredondo de la Sierra,Canredondo de la Sierra,"41,9122487","-1,9979411"
42164,42019,3801,Espejo de Tera,Espejo de Tera,"41,8876729","-2,4950428"
42165,42151,1701,Rebollar,Rebollar,"41,959965","-2,5891648"
42166,42174,1701,Aldehuela del Rincon,Aldehuela del Rincon,"41,9228489","-2,5866855"
42167,42019,2201,Cubo de la Sierra,Cubo de la Sierra,"41,9039295","-2,4307539"
42169,42019,1701,Almarza,Almarza,"42,0308228","-2,5197932"
42170,42089,2201,Fuentelsaz de Soria,Fuentelsaz de Soria,"40,463667","-3,74922"
42171,42010,1701,Aldealices,Aldealices,"41,510412","-2,1941598"
42172,42135,1701,Collado (El),Collado (El),"42,1132888","-2,3616203"
42173,42014,1701,Aldehuelas (Las),Aldehuelas (Las),"42,0333589","-2,4011124"
42174,42014,5601,Villaseca Somera,Villaseca Somera,"42,0373007","-2,2039933"
42175,42060,2201,Fuesas (Las),Fuesas (Las),"41,9728402","-2,2089109"
42176,42166,1701,Santa Cruz de Yanguas,Santa Cruz de Yanguas,"41,7453956","-2,1597595"
42177,42209,2201,Camporredondo,Camporredondo,"41,5360862","-2,847737"
42180,42012,1701,Aldealseñor,Aldealseñor,"41,7977249","-2,2827384"
42181,42054,1701,Carrascosa de la Sierra,Carrascosa de la Sierra,"41,919156","-2,1646722"
42182,42013,1701,Aldehuela de Periañez,Aldehuela de Periañez,"41,3255083","-2,4307539"
42189,42128,1701,Narros,Narros,"41,8483683","-2,2335066"
42190,42095,2201,Carbonera de Frentes,Carbonera de Frentes,"41,7919123","-2,5594214"
42191,42071,1701,Almarail,Almarail,"41,6360441","-2,4011124"
42192,42095,3801,Cuenca (La),Cuenca (La),"41,7086972","-2,7182728"
42193,42036,1701,Blacos,Blacos,"41,6649964","-2,8776638"
42194,42158,1701,Rioseco de Soria,Rioseco de Soria,"41,6910323","-3,0275802"
42195,42043,10801,Santiuste,Santiuste,"40,463667","-3,74922"
42196,42043,6901,Lodares de Osma,Lodares de Osma,"41,9689099","-2,1548473"
42200,42020,1701,Almantiga,Almantiga,"41,4835545","-2,5296971"
42210,42030,1701,Barca,Barca,"41,4404271","-2,6685736"
42211,42059,1701,Centenera de Andaluz,Centenera de Andaluz,"41,5110918","-2,6387795"
42212,42020,4301,Cobertelada,Cobertelada,"41,4222256","-2,5891648"
42213,42023,1701,Alpanseque,Alpanseque,"41,2716941","-2,5990835"
42214,42029,3801,Pinilla del Olmo,Pinilla del Olmo,"41,3519092","-2,5990835"
42215,42083,1701,Frechilla de Almazan,Frechilla de Almazan,"41,9461336","-2,7580701"
42216,42003,1701,Adradas,Adradas,"41,3545243","-2,4801989"
42217,42068,3801,Coscurita,Coscurita,"41,8378516","-1,8561639"
42218,42038,1701,Borjabad,Borjabad,"41,5154536","-2,4406387"
42220,42119,1701,Monteagudo Las Vicarias,Monteagudo Las Vicarias,"41,4402297","-2,2039933"
42221,50215,1701,Pozuel de Ariza,Pozuel de Ariza,"40,463667","-3,74922"
42222,42018,3801,Chercoles,Chercoles,"41,3684211","-2,2925911"
42223,42068,4301,Neguillas,Neguillas,"41,4665106","-2,3912362"
42224,42079,1701,Escobosa de Almazan,Escobosa de Almazan,"40,463667","-3,74922"
42225,42015,1701,Alentisque,Alentisque,"41,4379128","-2,3221622"
42230,42113,2201,Azcamellas,Azcamellas,"41,1143731","-2,4406387"
42240,42113,9401,Medinaceli,Centro,"41,1258747","-2,3714901"
42248,42113,3801,Beltejar,Beltejar,"41,2251658","-2,4307539"
42249,42025,7501,Layna,Layna,"40,463667","-3,74922"
42250,42025,2201,Arcos de Jalon,Arcos de Jalon,"41,2082892","-2,2728877"
42257,42025,5601,Jubera,Jubera,"41,1870132","-2,3320235"
42258,42018,1701,Aguaviva de la Vega,Aguaviva de la Vega,"41,2775939","-2,3221622"
42259,42025,1701,Aguilar de Montuenga,Aguilar de Montuenga,"41,1593661","-2,2039933"
42260,42167,1701,Santa Maria de Huerta,Santa Maria de Huerta,"40,463667","-3,74922"
42269,42025,4301,Iruecha,Iruecha,"40,463667","-3,74922"
42290,42071,4301,Lubia,Lubia,"41,6335119","-2,5197932"
42291,42144,1701,Barbolla (La),Barbolla (La),"41,6299343","-2,6785092"
42292,42144,2201,Cuevas de Soria (Las),Cuevas de Soria (Las),"40,463667","-3,74922"
42293,42090,1701,Fuentepinilla,Fuentepinilla,"40,463667","-3,74922"
42294,42090,1701,Fuentepinilla,Fuentepinilla,"41,587209","-2,797901"
42295,42008,1701,Alcubilla de Las Peñas,Alcubilla de Las Peñas,"40,463667","-3,74922"
42296,42115,2201,Conquezuela,Conquezuela,"40,463667","-3,74922"
42300,42043,5601,Burgo de Osma (El),Burgo de Osma (El),"41,5892499","-3,1077277"
42310,42043,9401,Rasa (La),Rasa (La),"41,5247852","-3,0926899"
42311,42043,16701,Navapalos,Navapalos,"41,4602417","-3,0776568"
42312,42043,15401,Vilde,Vilde,"40,463667","-3,74922"
42313,42043,7501,Olmeda (La),Olmeda (La),"41,5422737","-2,9975593"
42314,42152,3801,Nograles,Nograles,"40,463667","-3,74922"
42315,42120,6901,Montejo de Tiermes,Montejo de Tiermes,"41,3412031","-3,0375914"
42316,42155,1701,Cañicera,Cañicera,"40,463667","-3,74922"
42317,42178,2201,Fuentecantales,Fuentecantales,"41,7114647","-3,0075642"
42318,42043,2201,Barcebal,Barcebal,"41,660893","-3,0375914"
42320,42103,1701,Alcozar,Alcozar,"41,6121143","-3,3590446"
42328,42058,1701,Castillejo de Robledo,Castillejo de Robledo,"41,5601718","-3,4296446"
42329,42103,2201,Bocigas de Perales,Bocigas Perales,"41,6622262","-3,3489671"
42330,42162,14101,San Esteban de Gormaz,San Esteban de Gormaz,"41,5865007","-3,2080991"
42339,42086,1701,Cenegro,Cenegro,"40,463667","-3,74922"
42340,42162,5601,Morcuera,Morcuera,"41,4666843","-3,2080991"
42341,42105,1701,Liceras,Liceras,"41,3758091","-3,238251"
42342,42120,2201,Cuevas de Ayllon,Cuevas de Ayllon,"41,4935318","-3,318747"
42343,42120,1701,Carrascosa de Arriba,Carrascosa de Arriba,"40,463667","-3,74922"
42344,42120,8101,Pedro,Pedro,"41,3477176","-3,1679257"
42345,42162,1701,Aldea de San Esteban,Aldea de San Esteban,"41,4980485","-3,1578875"
42351,42007,2201,Alcubilla de Avellaneda,Alcubilla de Avellaneda,"41,6565525","-3,1980527"
42353,42007,1701,Alcoba de la Torre,Alcoba de la Torre,"40,463667","-3,74922"
42360,42035,4301,Berlanga de Duero,Berlanga de Duero,"41,4556534","-2,8676861"
42366,42032,1701,Aguilera,Centro,"41,5151202","-2,8876436"
42367,42035,6901,Ciruela,Ciruela,"41,4273598","-2,797901"
42368,42026,1701,Arenillas,Arenillas,"41,3462887","-2,8377656"
42369,42035,1701,Abanco,Abanco,"40,463667","-3,74922"
42391,42043,1701,Alcubilla del Marques,Alcubilla del Marques,"41,5487973","-3,1277854"
42392,42200,1701,Fuente Tovar,Fuente Tovar,"40,463667","-3,74922"
43001,43148,13601,Tarragona,Tarragona,"41,1145121","1,2493976"
43002,43148,13601,Tarragona,Tarragona,"41,1195195","1,2518029"
43003,43148,13601,Tarragona,Tarragona,"41,1169245","1,2590198"
43004,43148,13601,Tarragona,Tarragona,"41,1051057","1,2463911"
43005,43148,13601,Tarragona,Tarragona,"41,119649","1,2397775"
43006,43148,2201,Campsa,Icomar,"41,1236157","1,2217459"
43007,43148,4301,Ferran,Escorpi,"41,1379271","1,293919"
43008,43148,4301,Ferran,Escorpi,"41,1346649","1,3589807"
43100,43148,1701,Bonavista,Bonavista,"41,1201544","1,1917104"
43110,43907,1701,Canonja (La),Canonja (La),"41,1215235","1,1809029"
43120,43047,1701,Constanti,Constanti,"41,164264","1,1833043"
43130,43148,11501,Sant Salvador,Sant Salvador,"41,1560891","1,2433848"
43140,43109,1701,Pobla de Mafumet (La),Pobla de Mafumet (La),"41,1815398","1,2145354"
43141,43166,1701,Vilallonga del Camp,Vilallonga del Camp,"41,2093608","1,1977158"
43142,43134,1701,Rourell (El),Rourell (El),"41,2216964","1,2193422"
43143,43080,1701,Maso (La),Maso (La),"41,2494482","1,2073261"
43144,43160,1701,Vallmoll,Vallmoll,"41,2489359","1,2554112"
43150,43043,11501,Medol (El),Medol (El),"41,1770284","1,2830851"
43151,43100,3801,Hostalets,Hostalets,"41,1684276","1,2650349"
43152,43103,1701,Perafort,Perafort,"41,1786933","1,2457898"
43153,43066,1701,Garidells (Els),Garidells (Els),"41,2113911","1,2433848"
43154,43144,2201,Gunyoles (Les),Gunyoles (Les),"41,2213884","1,248195"
43155,43103,2201,Puigdelfi,Puigdelfi,"41,1963658","1,2385752"
43201,43123,6901,Reus,Reus,"41,156211","1,1077258"
43202,43123,6901,Reus,Reus,"41,1537645","1,100535"
43203,43123,6901,Reus,Reus,"41,179784","1,1400998"
43204,43123,6901,Reus,Reus,"41,14453","1,1448981"
43205,43090,8101,Urb Atalaya Mediterranea,Urb Atalaya Mediterranea,"41,1424109","1,1041302"
43206,43123,6901,Reus,Reus,"41,1603111","1,0729818"
43300,43092,1799,Miami Platja,*Diseminado*,"41,0858619","0,9533984"
43310,43045,1701,Colldejou,Colldejou,"41,1016097","0,8722801"
43311,43167,2201,Vilanova D'Escornalbou,Vilanova D'Escornalbou,"41,1112332","0,9295234"
43312,43167,1701,Arbocet (L'),Arbocet (L'),"41,1020991","0,9689247"
43320,43118,2201,Pratdip,Pratdip,"41,0561662","0,8865834"
43330,43129,1701,Riudoms,Riudoms,"41,1454395","1,0490374"
43340,43088,1701,Montbrio del Camp,Montbrio del Camp,"41,115938","1,0024554"
43350,43031,1701,Borges del Camp (Les),Borges del Camp (Les),"41,1809453","1,0155385"
43360,43049,1701,Albarca,Albarca,"41,2673434","0,8961217"
43361,43096,1701,Morera de Montsant (La),Morera de Montsant (La),"41,2677728","0,8389252"
43362,43049,2201,Siurana,Siurana,"41,2519393","0,9390718"
43363,43157,1701,Ulldemolins,Ulldemolins,"41,3278445","0,8579818"
43364,43039,1701,Capafonts,Capafonts,"41,2962567","1,0394635"
43365,43009,1701,Alforja,Alforja,"41,2165801","0,9629523"
43370,43099,1701,Palma D'Ebre (La),Palma D'Ebre (La),"41,2688882","0,6678177"
43371,43075,1701,Margalef,Margalef,"41,3083217","0,7818089"
43372,43027,1701,Bisbal de Falset (La),Bisbal de Falset,"41,2886229","0,724773"
43373,43035,1701,Cabaces,Cabaces,"41,24846","0,724773"
43374,43174,1701,Vilella Baixa (La),Vilella Baixa (La),"41,2206335","0,7556575"
43375,43173,1701,Vilella Alta (La),Vilella Alta (La),"41,2330519","0,7770529"
43376,43112,1701,Poboleda,Poboleda,"41,2325847","0,8436885"
43379,43096,2201,Scala-Dei,Scala-Dei,"41,2453972","0,8079772"
43380,43169,1701,Vilaplana,Vilaplana,"41,2461438","1,0298918"
43381,43007,1701,Aleixar (L'),Aleixar (L'),"41,2057804","1,0490374"
43382,43081,1701,Maspujols,Maspujols,"41,1883384","1,0322845"
43390,43128,1701,Irles (Les),Irles (Les),"41,1712986","0,9677301"
43391,43178,1701,Vinyols I Els Arcs,Vinyols I Els Arcs,"41,1000979","1,0538252"
43392,43042,1701,Castellvell del Camp,Castellvell del Camp,"41,187811","1,0897511"
43393,43011,1701,Almoster,Almoster,"41,2002642","1,1017334"
43400,43086,3801,Montblanc,Montblanc,"41,3744208","1,161567"
43410,43086,1701,Guardia Dels Prats,Guardia Dels Prats,"41,4103046","1,1688978"
43411,43029,1701,Blancafort,Blancafort,"41,4505405","1,1496969"
43412,43147,1701,Solivella,Solivella,"41,4652097","1,1833043"
43413,43101,1701,Belltall,Belltall,"41,5001648","1,1881076"
43414,43086,2201,Lilla,Lilla,"41,3397644","1,2073261"
43415,43086,6901,Rojals,Rojals,"41,3456019","1,1257082"
43420,43139,1701,Aguilo,Aguilo,"41,5379995","1,3806902"
43421,8021,1701,Bellprat,Bellprat,"41,4924948","1,4241426"
43422,43021,1701,Barbera de la Conca,Barbera de la Conca,"41,4047502","1,2217459"
43423,43107,1701,Pira,Pira,"41,420122","1,1881076"
43424,43142,1701,Montbrio de la Marca,Montbrio de la Marca,"41,4443832","1,2602228"
43425,43061,1701,Fores,Fores,"41,5248032","1,2217459"
43426,43130,1701,Rocafort de Queralt,Rocafort de Queralt,"41,4792417","1,2746607"
43427,43046,1701,Conesa,Conesa,"41,5342767","1,2698475"
43428,43046,1701,Conesa,Conesa,"41,4835339","1,3372823"
43429,43021,2201,Ollers,Ollers,"41,5575089","1,4193124"
43430,43176,3801,Vimbodí I Poblet,Vimbodí,"41,4015559","1,0533022"
43439,43158,1701,Vallclara,Vallclara,"41,3668795","0,9916274"
43440,43054,1701,Balneari Les Masies,Balneari Les Masies,"41,4259387","1,1065272"
43442,43021,1799,Barbera de la Conca,*Diseminado*,"40,463667","-3,74922"
43448,43176,3802,Vimbodí I Poblet,Poblet,"41,371074","1,0825634"
43449,43146,1701,Senan,Senan,"41,4712897","1,0729818"
43450,43124,1701,Riba (La),Riba (La),"41,3100704","1,1688978"
43459,43086,4301,Pinatell,Pinatell,"41,3131236","1,1137191"
43460,43005,1701,Alcover,Alcover,"41,2649546","1,1640968"
43470,43145,1799,Paret-Delgada,*Diseminado*,"41,2048706","1,1448981"
43479,43003,1701,Albiol (L'),Albiol (L'),"41,2456174","1,0873551"
43480,43171,5601,Vila-Seca,Vila-Seca,"41,1093489","1,1400998"
43481,43171,1701,Pineda (La),Pineda (La),"41,0862809","1,1809029"
43490,43172,1701,Vilaverd,Vilaverd,"41,3301317","1,1688978"
43491,43161,3801,Picamoixons,Picamoixons,"41,3021755","1,2049233"
43500,43155,3801,Campredo,Campredo,"40,8561682","0,5825359"
43510,43155,2201,Bitem,Bitem,"40,8590003","0,5186938"
43511,43149,1701,Tivenys,Tivenys,"40,9068568","0,554149"
43512,43025,1701,Benifallet,Benifallet,"40,9775956","0,5446912"
43513,43121,1701,Rasquera,Rasquera,"40,9772144","0,6204165"
43514,43077,1701,Mas de Barberans,Mas de Barberans,"40,7355853","0,3560076"
43515,43063,1701,Galera (La),Galera (La),"40,6896826","0,4360881"
43516,43068,1701,Godall,Godall,"40,6641501","0,4785495"
43517,43155,17301,Vinallop,Vinallop,"40,7654636","0,4974359"
43519,43104,2202,Perello (El),Perello (El),"40,8959829","0,6962853"
43520,43133,1701,Raval de Cristo,Raval de Cristo,"40,775858","0,4313729"
43527,43155,14101,Reguers (Els),Reguers (Els),"40,8441411","0,4431618"
43528,43008,1701,Alfara de Carles,Alfara de Carles,"40,8469416","0,3654204"
43529,43133,1701,Raval de Cristo,Raval de Cristo,"40,8084916","0,4997973"
43530,43004,1701,Alcanar,Alcanar,"40,543044","0,4768667"
43539,43050,3801,Creixell-Mar,Creixell-Mar,"40,463667","-3,74922"
43540,43136,2201,Sant Carles de la Rapita,Sant Carles de la Rapita,"40,6280724","0,5967369"
43548,43136,1799,Salines de la Trinitat,*Diseminado*,"40,5769717","0,6535914"
43549,43014,11501,Poble Nou del Delta,Poble Nou del Delta,"40,6452989","0,6939122"
43550,43156,3801,Ulldecona,Ulldecona,"40,5968196","0,4695242"
43558,43062,1701,Freginals,Freginals,"40,6639879","0,5163312"
43559,43156,1701,Castell (El),Castell (El),"40,644201","0,3842527"
43560,43044,1701,Senia (La),Senia (La),"40,6545516","0,3183792"
43569,43004,3801,Cases D'Alcanar (Les),Cases D'Alcanar (Les),"40,5509422","0,5246008"
43570,43138,1701,Santa Barbara,Santa Barbara,"40,7250073","0,4785495"
43580,43901,3801,Deltebre,Deltebre,"40,7338056","0,7342734"
43590,43155,1702,Jesus,Jesus,"40,8286925","0,5092444"
43591,43006,1701,Aldover,Aldover,"40,8667581","0,4785495"
43592,43052,1701,Xerta,Xerta,"40,9072705","0,4596721"
43593,43102,1701,Pauls,Pauls,"40,9276886","0,403094"
43594,43106,1701,Pinell de Brai (El),Pinell de Brai (El),"41,0282504","0,4974359"
43595,43117,1701,Prat de Comte,Prat de Comte,"40,9731123","0,4078058"
43596,43071,1701,Horta de Sant Joan,Horta de Sant Joan,"40,9380536","0,3183792"
43597,43018,1701,Arnes,Arnes,"40,8674289","0,2713944"
43700,43163,2299,Barri Marítim Coma-Ruga,*Diseminado*,"41,2207609","1,5111806"
43710,43140,1701,Cami Molins,Cami Molins,"41,2518155","1,5366001"
43711,43020,1701,Banyeres del Penedes,Banyeres del Penedes,"41,2752862","1,5644578"
43712,43074,1702,Llorenç del Penedes,Llorenç del Penedes,"41,2855837","1,5450766"
43713,43137,1701,Carronya (La),Carronya (La),"41,3055218","1,5547661"
43714,43001,4301,Pla de Manlleu,Pla de Manlleu,"41,3763451","1,5063405"
43715,43020,1701,Banyeres del Penedes,Banyeres del Penedes,"41,2683713","1,5184418"
43716,43002,1701,Albinyana,Albinyana,"41,2361441","1,4869856"
43717,43028,1701,Bisbal del Penedes (La),Bisbal del Penedes (La),"41,2797358","1,488597"
43718,43002,2201,Peces (Les),Peces (Les),"41,3213982","1,4918235"
43719,43024,2201,Bellvei,Bellvei,"41,2351212","1,5644578"
43720,43016,1701,Arboç (L'),Arboç (L'),"41,2747544","1,6032464"
43730,43055,1701,Falset,Falset,"41,1674125","0,8198775"
43736,43058,1701,Figuera (La),Figuera (La),"41,1479268","0,724773"
43737,43069,1701,Gratallops,Gratallops,"41,1879171","0,762788"
43738,43023,1701,Bellmunt del Priorat,Bellmunt del Priorat,"41,1628049","0,7580342"
43739,43114,1701,Porrera,Porrera,"41,1923124","0,8532168"
43740,43093,1701,Mora D'Ebre,Mora D'Ebre,"41,108419","0,5920027"
43746,43150,1701,Darmos,Darmos,"40,9968491","0,7152749"
43747,43026,1701,Benissanet,Benissanet,"41,0480647","0,5730713"
43748,43067,1701,Ginestar,Ginestar,"41,0326209","0,634631"
43749,43065,1701,Garcia,Garcia,"41,1382609","0,658333"
43750,43060,1701,Colonia Fabrica,Colonia Fabrica,"41,2593079","0,5825359"
43760,43095,1701,Morell (El),Morell (El),"41,1966209","1,2145354"
43761,43111,1701,Pobla de Montornes (La),Pobla de Montornes (La),"41,1868661","1,4096535"
43762,43126,1701,Ardenya,Ardenya,"41,1674462","1,3517467"
43763,43097,1701,Nou de Gaia (La),Nou de Gaia (La),"41,2025802","1,3565692"
43764,43043,1701,Catllar (El),Catllar (El),"41,1831383","1,2987349"
43765,43144,1701,Argilaga (L'),Argilaga (L'),"41,2085379","1,2746607"
43770,43094,1701,Mora la Nova,Mora la Nova,"41,0878634","0,6678177"
43771,43127,1701,Riudecanyes,Riudecanyes,"41,1311328","0,9581751"
43772,43033,1701,Botarell,Botarell,"41,1457805","1,0107552"
43773,43017,1701,Argentera (L'),Argentera (L'),"41,1515693","0,9199773"
43774,43115,1799,Estacion (La),*Diseminado*,"41,146872","0,8770473"
43775,43076,1799,Comes (Les),*Diseminado*,"41,1267937","0,8028823"
43776,43040,1701,Capçanes,Capçanes,"41,0870188","0,8008388"
43777,43070,1701,Guiamets (Els),Guiamets (Els),"41,1024768","0,7485282"
43780,43064,1701,Gandesa,Gandesa,"41,0587593","0,4313729"
43781,43056,1799,Camposines,*Diseminado*,"41,1694057","0,4596721"
43782,43175,1701,Vilalba Dels Arcs,Vilalba Dels Arcs,"41,1394648","0,3936722"
43783,43110,1701,Pobla de Massaluca (La),Pobla de Massaluca (La),"41,189914","0,3465971"
43784,43048,1701,Corbera D'Ebre,Corbera D'Ebre,"41,0888013","0,4785495"
43785,43032,1701,Bot,Bot,"41,0085102","0,3842527"
43786,43022,1701,Batea,Batea,"41,0995228","0,2807868"
43787,43041,1701,Caseres,Caseres,"41,0491658","0,2713944"
43790,43125,1701,Riba-Roja D'Ebre,Riba-Roja D'Ebre,"41,259824","0,4691097"
43791,43019,1701,Asco,Asco,"41,1790943","0,5446912"
43792,43152,1701,Torre de L'Espanyol (La),Torre de L'Espanyol (La),"41,2088243","0,6298922"
43800,43161,3801,Picamoixons,Picamoixons,"41,284232","1,2409799"
43810,43108,1701,Pla de Santa Maria (El),Pla de Santa Maria (El),"41,3435678","1,3180042"
43811,43036,1701,Cabra del Camp,Cabra del Camp,"41,3642612","1,2602228"
43812,43034,1701,Brafim,Brafim,"41,2626272","1,3758649"
43813,43010,1701,Alio,Alio,"41,3290131","1,2746607"
43814,43170,1701,Vilardida,Vilardida,"41,3027746","1,3758649"
43815,43001,1701,Aiguamurcia,Aiguamurcia,"41,36271","1,3951694"
43816,43120,2201,Esblada,Esblada,"41,4223387","1,4338047"
43817,43113,1701,Pont D'Armentera (El),Planeta (La),"41,4084215","1,3421032"
43820,43037,1701,Bellamar,Bellamar,"41,2047145","1,5838477"
43830,43153,4301,Torredembarra,Torredembarra,"41,1467533","1,3999969"
43839,43050,1701,Creixell,Creixell,"41,1662769","1,448302"
43840,43905,1701,Salou,Cap Salou,"41,0790405","1,1496969"
43850,43038,1708,Ardiaca,Ardiaca,"41,0668154","1,0594201"
43860,43013,3801,Ametlla de Mar (L'),Ametlla de Mar (L'),"40,8955008","0,7722974"
43870,43014,1701,Amposta,Amposta,"40,6837192","0,6298922"
43877,43902,2201,Sant Jaume D'Enveja,Sant Jaume D'Enveja,"40,6826641","0,8008388"
43878,43078,1701,Masdenverge,Masdenverge,"40,7095728","0,5305087"
43879,43014,2201,Balada,Balada,"40,6753586","0,7556575"
43880,43163,1701,Barri Maritim S Salvador,Barri Maritim S Salvador,"41,18552","1,5160212"
43881,43051,1701,Cunit,Cunit,"41,2140888","1,6323607"
43882,43037,4301,Segur de Calafell,Segur de Calafell,"41,1943959","1,6032464"
43883,43131,1701,Roda de Bara,Merymar,"41,1862668","1,4579696"
43884,43030,1701,Bonastre,Bonastre,"41,2215053","1,4531355"
43885,43135,1701,Salomo,Salomo,"41,2375778","1,3710402"
43886,43122,1701,Renau,Renau,"41,2381398","1,3228229"
43887,43098,1799,Bellavista,*Diseminado*,"41,2485111","1,293919"
43890,43162,1701,Hospitalet de L'Infant,Hospitalet de L'Infant,"40,9729398","0,8889678"
43891,43118,1701,Planas del Rey,Planas del Rey,"40,9757672","0,8484524"
43892,43092,1702,Miami Platja,Urb. El Casalot,"41,0255473","0,9342973"
43893,43012,1701,Altafulla,Altafulla,"41,1469855","1,3806902"
43894,43903,1701,Camarles,Camarles,"40,7849717","0,6488505"
43895,43906,1701,Ampolla (L'),Ampolla (L'),"40,805003","0,6867939"
43896,43904,1701,Aldea (L'),Aldea (L'),"40,7446564","0,610943"
43897,43155,3801,Campredo,Campredo,"40,7652062","0,554149"
44001,44216,8101,Teruel,Teruel,"40,3417974","-1,1137191"
44002,44216,8101,Teruel,Teruel,"40,3316848","-1,1041302"
44003,44216,8101,Teruel,Teruel,"40,3519998","-1,1137191"
44100,44009,1701,Albarracin,Albarracin,"40,40776","-1,4435065"
44110,44117,1701,Gea de Albarracin,Gea de Albarracin,"40,3929801","-1,3372823"
44111,44229,1701,Torres de Albarracin,Torres de Albarracin,"40,4313534","-1,5305465"
44112,44235,1701,Tramacastilla,Tramacastilla,"40,4308357","-1,5693045"
44113,44163,1701,Noguera,Noguera,"40,4504036","-1,627507"
44114,44119,1701,Griegos,Griegos,"40,4088251","-1,685788"
44115,44120,1701,Guadalaviar,Guadalaviar,"40,3878698","-1,7246856"
44120,44215,1701,Terriente,Terriente,"40,2888201","-1,5111806"
44121,44009,3801,Casillas de Bezas (Las),Casillas de Bezas (Las),"40,3124414","-1,2409799"
44122,44127,2201,Jabaloyas,Jabaloyas,"40,2388406","-1,4241426"
44123,44009,2201,Cañigral (El),Cañigral (El),"40,2275199","-1,5111806"
44124,44159,1701,Moscardon,Moscardon,"40,3323737","-1,5371648"
44125,44198,1701,Royuela,Royuela,"40,3603825","-1,5015009"
44126,44052,1701,Calomarde,Calomarde,"40,4021397","-1,4241426"
44130,44263,1701,Villastar,Villastar,"40,2723909","-1,1640968"
44131,44264,1799,Campo (El),*Diseminado*,"40,2005493","-1,1929114"
44132,44135,1701,Libros,Libros,"40,1492909","-1,2025207"
44133,44196,1701,Riodeva,Riodeva,"40,1691486","-1,2602228"
44134,44019,1701,Alobras,Alobras,"40,1882988","-1,3758649"
44140,44059,1701,Cantavieja,Cantavieja,"40,5322583","-0,4313729"
44141,44088,1701,Cuba (La),Cuba (La),"40,6035797","-0,3842527"
44142,44126,1701,Iglesuela del Cid (La),Iglesuela del Cid (La),"40,4817185","-0,3277829"
44143,44106,1701,Fortanete,Fortanete,"40,4910823","-0,5446912"
44144,44262,1701,Villarroya de Los Pinares,Villarroya de Los Pinares,"40,5210735","-0,6488505"
44145,44021,1701,Allepuz,Allepuz,"40,480035","-0,705779"
44146,44156,1701,Monteagudo del Castillo,Monteagudo del Castillo,"40,4590542","-0,8008388"
44147,44074,1701,Cedrillas,Cedrillas,"41,0191972","0,0933686"
44150,44017,2201,Aliaga,Aliaga,"40,6680341","-0,7105267"
44155,44001,1701,Ababuj,Ababuj,"40,5302298","-0,810357"
44156,44005,1701,Aguilar del Alfambra,Aguilar del Alfambra,"40,5812595","-0,7818089"
44157,44017,6901,Santa Barbara,Santa Barbara,"40,6829208","-0,762788"
44158,44017,1799,Aldehuela,*Diseminado*,"40,6937049","-0,658333"
44159,44150,1701,Miravete de la Sierra,Miravete de la Sierra,"40,5614189","-0,705779"
44160,44016,1701,Alfambra,Alfambra,"40,5687233","-1,0777723"
44161,44097,1701,Escorihuela,Escorihuela,"40,5697336","-0,9629523"
44162,44094,1701,Cuevas Labradas,Cuevas Labradas,"40,4469775","-1,0394635"
44163,44182,2201,Perales del Alfambra,Perales del Alfambra,"40,6404314","-1,0107552"
44164,44136,1701,Lidon,Lidon,"40,6905632","-1,0777723"
44165,44028,1701,Argente,Argente,"40,6894351","-1,1929114"
44166,44200,1701,Rubielos de la Cerida,Rubielos de la Cerida,"40,7701166","-1,2313618"
44167,44053,1701,Camañas,Camañas,"40,6086264","-1,1544963"
44168,44062,1701,Cañada Vellida,Cañada Vellida,"40,6515983","-0,8865834"
44169,44093,1701,Cuevas de Almuden,Cuevas de Almuden,"40,7229586","-0,8389252"
44190,44216,12001,Villaspesa,Villaspesa,"40,3134284","-1,1448981"
44191,44054,2299,Mas de Navarrete,*Diseminado*,"40,2016742","-1,0777723"
44192,44216,1701,Aldehuela,Aldehuela,"40,2837875","-1,0394635"
44193,44082,2201,Corbalan,Corbalan,"40,3657754","-1,0011902"
44194,44075,1701,Celadas,Celadas,"40,4866167","-1,1544963"
44195,44216,7501,San Blas,San Blas,"40,3538618","-1,1833043"
44200,44050,1701,Calamocha,Calamocha,"40,9208866","-1,3180042"
44210,44050,4301,Cutanda,Cutanda,"40,9223421","-1,1833043"
44211,44050,2201,Collados,Collados,"40,9829194","-1,1833043"
44212,44024,1701,Anadon,Anadon,"41,0047335","-1,0107552"
44213,44125,1701,Huesa del Comun,Huesa del Comun,"41,0056781","-0,8961217"
44220,44035,1701,Barrachina,Barrachina,"40,9025216","-1,1448981"
44221,44222,1701,Godos,Godos,"40,9028948","-1,1065272"
44222,44222,2201,Torrecilla del Rebollar,Torrecilla del Rebollar,"40,9234617","-1,0681918"
44223,44256,1701,Villanueva del Rebollar,Villanueva del Rebollar,"40,9037706","-1,0107552"
44230,44219,1701,Tornos,Tornos,"40,9399471","-1,4144827"
44231,44065,1701,Castejon de Tornos,Castejon de Tornos,"41,0005021","-1,4144827"
44232,44039,1701,Bello,Bello,"40,9287521","-1,5015009"
44233,44168,1701,Odon,Odon,"40,8873082","-1,5789994"
44300,44153,1701,Monreal del Campo,Monreal del Campo,"40,7688305","-1,3469247"
44310,44197,1701,Rodenas,Rodenas,"40,6146814","-1,5111806"
44311,44258,1701,Villar del Salz,Villar del Salz,"40,6758292","-1,4918235"
44312,44169,2201,Sierra Menera,Sierra Menera,"40,463667","-3,74922"
44313,44169,1701,Ojos Negros,Ojos Negros,"40,7273797","-1,4241426"
44314,44042,1701,Blancas,Blancas,"40,8179211","-1,4724751"
44315,44190,1701,Pozuel del Campo,Pozuel del Campo,"40,7771821","-1,4918235"
44320,44033,1701,Baguena,Baguena,"41,0364331","-1,3613923"
44330,44047,1701,Burbaguena,Burbaguena,"41,021591","-1,3372823"
44340,44112,1701,Fuentes Claras,Fuentes Claras,"40,8604632","-1,2987349"
44350,44056,1701,Caminreal,Caminreal,"40,8449096","-1,332462"
44357,44034,1701,Bañon,Bañon,"40,8412743","-1,2025207"
44358,44085,2201,Cosa,Cosa,"40,8422314","-1,1065272"
44359,44056,3801,Villalba de Los Morales,Villalba de Los Morales,"40,889317","-1,4241426"
44360,44209,1701,Santa Eulalia,Santa Eulalia,"40,556077","-1,3180042"
44366,44174,1701,Orihuela del Tremedal,Orihuela del Tremedal,"40,5518719","-1,6469253"
44367,44045,1701,Bronchales,Bronchales,"40,532614","-1,5693045"
44368,44157,1701,Monterde de Albarracin,Monterde de Albarracin,"40,5645054","-1,4628042"
44369,44018,1701,Almohaja,Almohaja,"40,6357297","-1,4531355"
44370,44076,1701,Cella,Cella,"40,4446851","-1,2698475"
44380,44261,1701,Villarquemado,Villarquemado,"40,5265244","-1,2313618"
44381,44228,1701,Torremocha de Jiloca,Torremocha de Jiloca,"40,5975752","-1,2409799"
44382,44003,1701,Aguaton,Aguaton,"40,6480332","-1,2698475"
44390,44207,1701,San Martin del Rio,San Martin del Rio,"41,0562469","-1,3903425"
44391,44050,7501,Luco de Jiloca,Luco de Jiloca,"40,9941576","-1,3107772"
44392,44050,11501,Poyo del Cid (El),Poyo del Cid (El),"40,8853549","-1,332462"
44393,44232,1701,Torrijo del Campo,Torrijo del Campo,"40,799972","-1,2794744"
44394,44046,1701,Bueña,Bueña,"40,6982215","-1,3180042"
44395,44007,1701,Alba,Alba,"40,6163664","-1,3758649"
44396,44216,4301,Caude,Caude,"40,4146381","-1,2217459"
44397,44216,5601,Concud,Concud,"40,3950371","-1,1448981"
44400,44158,1701,Mora de Rubielos,Mora de Rubielos,"40,2452491","-0,7342734"
44409,44048,1701,Cabra de Mora,Cabra de Mora,"40,3672642","-0,810357"
44410,44160,1701,Mosqueruela,Mosqueruela,"40,4100752","-0,4313729"
44411,44193,1701,Puertomingalvo,Puertomingalvo,"40,2874913","-0,4691097"
44412,44137,1701,Castelvispal,Castelvispal,"40,3278185","-0,5825359"
44413,44244,1701,Valdelinares,Valdelinares,"40,3786835","-0,610943"
44414,44165,1701,Nogueruelas,Nogueruelas,"40,2459129","-0,6204165"
44415,44113,1701,Fuentes de Rubielos,Fuentes de Rubielos,"40,1741696","-0,6488505"
44420,44143,4301,Manzanera,Manzanera,"40,0706718","-0,8198775"
44421,44026,1701,Arcos de Las Salinas,Arcos de Las Salinas,"40,0381574","-1,0394635"
44422,44002,1701,Abejuela,Abejuela,"39,9678047","-0,8579818"
44423,44143,2201,Alhambras (Las),Alhambras (Las),"40,0699607","-0,9152051"
44424,44010,3801,Estacion Mora de Rubielos,Estacion Mora de Rubielos,"40,145346","-0,760411"
44430,44240,1701,Valbona,Valbona,"40,2344551","-0,8198775"
44431,44012,2201,Virgen de la Vega (La),Sol Y Nieve,"40,3579712","-0,6678177"
44432,44012,1701,Alcala de la Selva,Alcala de la Selva,"40,3779085","-0,7437761"
44433,44121,1701,Gudar,Gudar,"40,4393005","-0,705779"
44440,44103,1701,Formiche Alto,Formiche Alto,"40,3360276","-0,8961217"
44441,44103,2201,Formiche Bajo,Formiche Bajo,"40,2954825","-0,8579818"
44450,44192,1701,Puebla de Valverde (La),Puebla de Valverde (La),"40,2029927","-0,9247501"
44459,44054,1701,Camarena de la Sierra,Camarena de la Sierra,"40,1197977","-1,0777723"
44460,44210,2201,Sarrion,Sarrion,"40,1216973","-0,8484524"
44477,44010,1701,Albentosa,Albentosa,"40,0916809","-0,7437761"
44478,44171,10801,Pertegaces (Los),Pertegaces (Los),"40,1178349","-0,6535914"
44479,44171,1799,Artiga (La),*Diseminado*,"40,1384731","-0,6251541"
44480,44206,1799,Baltasares (Los),*Diseminado*,"40,0920314","-0,6867939"
44490,44101,1701,Ferreruela de Huerva,Ferreruela de Huerva,"41,0629843","-1,2409799"
44491,44032,1701,Badenas,Badenas,"41,0941014","-1,1544963"
44492,44023,1701,Allueva,Allueva,"41,0238432","-1,1257082"
44493,44138,1799,Colladico (El),*Diseminado*,"41,055231","-1,0011902"
44494,44252,1701,Villahermosa del Campo,Villahermosa del Campo,"41,1185317","-1,2265536"
44495,44050,3801,Cuencabuena,Cuencabuena,"40,9719103","-1,2698475"
44496,44050,8101,Navarrete del Rio,Navarrete del Rio,"40,9015314","-1,2409799"
44497,44208,1701,Santa Cruz de Nogueras,Santa Cruz de Nogueras,"41,1249576","-1,0873551"
44500,44025,1701,Andorra,Andorra,"41,0184307","-0,4313729"
44509,44022,1701,Alloza,Alloza,"40,9677193","-0,5299608"
44510,44191,2201,Puebla de Hijar (La),Puebla de Hijar (La),"41,2297995","-0,4408037"
44511,44191,1701,Estacion (La),Estacion (La),"40,463667","-3,74922"
44520,44205,2201,Samper de Calanda,Samper de Calanda,"41,179939","-0,3183792"
44530,44122,1701,Hijar,Hijar,"41,0991936","-0,3936722"
44540,44008,1701,Albalate del Arzobispo,Albalate del Arzobispo,"41,138852","-0,5446912"
44547,44029,1701,Ariño,Ariño,"41,0578999","-0,6204165"
44548,44172,1701,Oliete,Oliete,"40,9772144","-0,6204165"
44549,44006,1701,Alacon,Alacon,"41,0473312","-0,705779"
44550,44014,1701,Alcorisa,Alcorisa,"40,9379439","-0,3560076"
44555,44183,1701,Pitarque,Pitarque,"40,6230192","-0,5920027"
44556,44040,1701,Berge,Berge,"40,8162115","-0,4691097"
44557,44087,1701,Crivillen,Crivillen,"40,8967954","-0,5446912"
44558,44100,1701,Estercuel,Estercuel,"40,8660337","-0,6298922"
44559,44096,1701,Ejulve,Ejulve,"40,6944663","-0,5068824"
44560,44071,2201,Alagones (Los),Alagones (Los),"40,7863768","-0,3089777"
44561,44212,1701,Seno,Seno,"40,8267636","-0,3465971"
44562,44071,6901,Cuevas de Cañart,Cuevas de Cañart,"40,7354634","-0,3936722"
44563,44044,1701,Bordon,Bordon,"40,7053049","-0,3089777"
44564,44145,1701,Mas de Las Matas,Mas de Las Matas,"40,8472001","-0,2713944"
44565,44071,1701,Abenfigo,Abenfigo,"40,82687","-0,3089777"
44566,44004,1701,Aguaviva,Aguaviva,"40,7764058","-0,2432307"
44570,44051,1701,Calanda,Calanda,"40,9483544","-0,2338473"
44579,44107,1701,Foz-Calanda,Foz-Calanda,"40,907865","-0,2713944"
44580,44246,1701,Valderrobres,Valderrobres,"40,8575596","0,1307797"
44586,44179,1701,Peñarroya de Tastavins,Peñarroya de Tastavins,"40,7361186","0,0559939"
44587,44114,1701,Fuentespalda,Fuentespalda,"40,8272638","0,0653341"
44588,44037,1701,Beceite,Beceite,"40,8169789","0,2057108"
44589,44187,1701,Portellada (La),Portellada (La),"40,8677435","0,0279867"
44590,44031,1701,Azaila,Azaila,"41,309813","-0,5163312"
44591,44265,1701,Vinaceite,Vinaceite,"41,2594925","-0,5446912"
44592,44067,1701,Castelnou,Castelnou,"41,2301204","-0,3465971"
44593,44237,1701,Urrea de Gaen,Urrea de Gaen,"41,1692494","-0,4974359"
44594,44241,1701,Valdealgorfa,Valdealgorfa,"41,0091448","-0,0279867"
44595,44247,1701,Valjunquera,Valjunquera,"40,9687833","0,0093266"
44596,44108,2201,Fresneda (La),Fresneda (La),"40,928372","0,0653341"
44597,44225,1701,Torre del Compte,Torre del Compte,"40,9485269","0,1214235"
44600,44013,1701,Alcañiz,Alcañiz,"41,0795661","-0,1869644"
44610,44049,1701,Calaceite,Calaceite,"41,0191126","0,1682271"
44620,44245,1701,Valdeltormo,Valdeltormo,"40,9737968","0,0886948"
44621,44147,1701,Mazaleon,Mazaleon,"41,0191972","0,0933686"
44622,44027,1701,Arens de Lledo,Arens de Lledo,"40,9886938","0,2526163"
44623,44086,1701,Cretas,Cretas,"40,9282239","0,1963364"
44624,44141,1701,Lledo,Lledo,"40,9533535","0,25731"
44630,44068,1701,Castelseras,Castelseras,"40,9686988","-0,1401381"
44640,44080,1701,Codoñera (La),Codoñera (La),"40,9485722","-0,0653341"
44641,44230,1701,Torrevelilla,Torrevelilla,"40,9081194","-0,1214235"
44642,44038,1701,Belmonte de San Jose,Belmonte de San Jose,"40,8879501","-0,0653341"
44643,44061,1701,Cañada de Verich (La),Cañada de Verich (La),"40,8575596","-0,1307797"
44650,44105,1701,Fornoles,Fornoles,"40,9081827","-0,0093266"
44651,44077,1701,Cerollera (La),Cerollera (La),"40,8272517","-0,0840215"
44652,44154,1701,Monroyo,Monroyo,"40,7766596","-0,0186555"
44653,44223,1701,Torre de Arcas,Torre de Arcas,"40,766486","-0,102718"
44660,44013,2201,Puigmoreno,Puigmoreno,"40,463667","-3,74922"
44661,44013,3801,Valmuel,Valmuel,"41,1260926","-0,2162596"
44700,44155,1701,Montalban,Montalban,"40,8547979","-0,810357"
44706,44066,1701,Castel de Cabra,Castel de Cabra,"40,7848639","-0,6678177"
44707,44063,1701,Cañizar del Olivar,Cañizar del Olivar,"40,7850763","-0,6298922"
44708,44176,1701,Palomar de Arroyos,Palomar de Arroyos,"40,7844011","-0,7437761"
44709,44155,2201,Peñas Royas,Peñas Royas,"40,8453674","-0,705779"
44710,44195,1701,Rillo,Rillo,"40,7627641","-0,9342973"
44711,44111,1701,Fuentes Calientes,Fuentes Calientes,"40,6813507","-0,9725085"
44712,44195,2201,Son del Puerto,Son del Puerto,"40,7215871","-1,0107552"
44720,44177,1701,Cervera del Rincon,Cervera del Rincon,"40,7621223","-1,0107552"
44721,44020,1701,Alpeñes,Alpeñes,"40,7816854","-1,0873551"
44730,44144,2201,Rambla de Martin (La),Rambla de Martin (La),"40,8230369","-0,9916274"
44740,44267,2201,Vivel del Rio Martin,Vivel del Rio Martin,"40,8638218","-0,9533984"
44741,44110,1701,Fuenferrada,Fuenferrada,"40,8633354","-1,0107552"
44742,44267,1701,Armillas,Armillas,"40,9047147","-0,8961217"
44750,44144,1701,Martin del Rio,Martin del Rio,"40,8440509","-0,8961217"
44760,44238,3801,Utrillas,Utrillas,"40,8038614","-0,8579818"
44761,44238,1701,Barriada Obrera del Sur,Barriada Obrera del Sur,"40,463667","-3,74922"
44769,44238,2201,Parras de Martin (Las),Parras de Martin (Las),"40,7881226","-0,9295234"
44770,44099,1701,Escucha,Escucha,"40,7890508","-0,8055976"
44779,44099,2201,Valdeconejos,Valdeconejos,"40,7715065","-0,8731458"
44780,44161,1701,Muniesa,Muniesa,"41,0569856","-0,7722974"
44790,44043,1701,Blesa,Blesa,"41,0663164","-0,8770473"
44791,44084,1701,Cortes de Aragon,Cortes de Aragon,"40,9353818","-0,8484524"
44792,44011,1701,Alcaine,Alcaine,"40,9361624","-0,7342734"
44793,44203,1701,Salcedillo,Salcedillo,"40,9344858","-0,9629523"
45001,45168,1703,Toledo,Toledo,"39,8565845","-4,0197425"
45002,45168,1703,Toledo,Toledo,"39,8563194","-4,0274014"
45003,45168,1703,Toledo,Toledo,"39,8680945","-4,0210189"
45004,45168,1703,Toledo,Toledo,"39,8378008","-4,0797673"
45005,45168,1703,Toledo,Toledo,"39,9001293","-4,0593255"
45006,45168,1702,Toledo,Polig Sta M Benquerencia,"39,8406391","-3,9980485"
45007,45168,1702,Toledo,Polig Sta M Benquerencia,"39,8646455","-3,8960811"
45008,45168,1701,Toledo,Azucaica,"39,8928799","-3,986602"
45100,45163,1701,Casalgordo,Casalgordo,"39,6348088","-3,9980485"
45109,45124,1701,Arisgotas,Arisgotas,"39,6155816","-3,9572374"
45110,45001,1701,Ajofrin,Ajofrin,"39,7378105","-3,9980485"
45111,45052,1701,Cobisa,Cobisa,"39,7935076","-4,0235718"
45112,45023,1701,Burguillos de Toledo,Burguillos de Toledo,"39,7789627","-3,9980485"
45113,45057,1701,Chueca,Chueca,"39,7242853","-3,9419415"
45114,45096,1701,Castañar (El),Castañar (El),"39,6845663","-4,0491077"
45120,45098,1701,Menasalbas,Menasalbas,"39,5199308","-4,3256918"
45121,45098,2201,Navillas (Las),Navillas (Las),"39,5573933","-4,3590822"
45122,45016,1701,Arges,Arges,"39,8122895","-4,0746561"
45123,45083,1701,Layos,Layos,"39,7768406","-4,0593255"
45124,45042,1701,Casasbuenas,Casasbuenas,"39,7700837","-4,1053307"
45125,45140,1701,Pulgar,Pulgar,"39,6710276","-4,1411406"
45126,45055,1701,Cuerva,Cuerva,"39,5992379","-4,1309067"
45127,45182,1701,Ventas Con Peña Aguilera,Ventas Con Peña Aguilera,"39,5550352","-4,2128337"
45128,45098,1701,Menasalbas,Menasalbas,"39,6330219","-4,3359635"
45130,45113,1701,Alares (Los),Alares (Los),"39,670529","-4,6967189"
45138,45113,1701,Alares (Los),Alares (Los),"39,5653772","-4,6764213"
45139,45113,4301,Valdeazores,Valdeazores,"39,4369529","-4,7329268"
45140,45112,1701,Navalmorales (Los),Navalmorales (Los),"39,7150108","-4,6140481"
45150,45109,1701,Navahermosa,Navahermosa,"39,6679832","-4,5005808"
45159,45075,1701,Hontanar,Hontanar,"39,5839353","-4,5418141"
45160,45070,1701,Guadamur,Guadamur,"39,81508","-4,1411406"
45161,45133,1701,Polan,Polan,"39,8007339","-4,2538452"
45162,45116,1701,Noez,Noez,"39,7320754","-4,1616143"
45163,45174,1701,Totanes,Totanes,"39,7092751","-4,2230836"
45164,45067,1701,Galvez,Galvez,"39,7169403","-4,2948884"
45165,45151,1701,San Martin de Montalban,San Martin de Montalban,"39,7123225","-4,4182089"
45170,45152,1701,San Martin de Pusa,San Martin de Pusa,"39,7865881","-4,6243751"
45179,45194,1701,Villarejo de Montalban,Villarejo de Montalban,"39,7791604","-4,5521274"
45180,45031,1701,Camarena,Camarena,"40,1028924","-4,1206748"
45181,45032,1701,Camarenilla,Camarenilla,"40,0019626","-4,0797673"
45182,45015,1701,Arcicollar,Arcicollar,"40,0619638","-4,1206748"
45183,45183,1701,Ventas de Retamosa (Las),Ventas de Retamosa (Las),"40,1582123","-4,1462582"
45190,45107,1701,Nambroca,Nambroca,"39,8023042","-3,9164585"
45191,45107,2201,Nieves (Las),Nieves (Las),"39,8303452","-3,961062"
45200,45081,1701,Illescas,Illescas,"40,1331357","-3,8349976"
45210,45205,1701,Yuncos,Yuncos,"40,0867245","-3,8735078"
45211,45145,1701,Recas,Recas,"40,0503667","-4,013361"
45212,45085,1701,Lominchar,Lominchar,"40,086719","-3,9980485"
45213,45127,1701,Palomeque,Palomeque,"40,1128207","-3,9827405"
45214,45047,1701,Cedillo del Condado,Cedillo del Condado,"40,0940991","-3,9317468"
45215,45199,1701,Viso de San Juan (El),Viso de San Juan (El),"40,1542118","-3,9889273"
45216,45038,1701,Carranque,Carranque,"40,1713044","-3,9164585"
45217,45176,1701,Ugena,Ugena,"40,1677326","-3,8706208"
45220,45201,1701,Yeles,Yeles,"40,1192977","-3,7892328"
45221,45064,1701,Esquivias,Esquivias,"40,0942175","-3,7739869"
45222,45021,1701,Borox,Borox,"40,055236","-3,7130493"
45223,45161,3801,Seseña,Seseña,"40,0968291","-3,6927531"
45224,45161,2201,Estacion (La),Estacion (La),"40,0987478","-3,6319131"
45225,45018,1701,Barcience,Barcience,"40,463667","-3,74922"
45230,45119,1701,Numancia de la Sagra,Numancia de la Sagra,"40,0710758","-3,8553507"
45240,45002,1701,Alameda de la Sagra,Alameda de la Sagra,"40,0116365","-3,7943157"
45250,45014,1701,Añover de Tajo,Añover de Tajo,"39,9924597","-3,7536663"
45260,45196,2201,Villaseca de la Sagra,Villaseca de la Sagra,"39,9729058","-3,8808034"
45270,45102,2201,Mocejon,Mocejon,"39,925555","-3,9164585"
45276,45103,1701,Mohedas de la Jara,Mohedas de la Jara,"40,463667","-3,74922"
45280,45122,1701,Olias del Rey,Olias del Rey,"39,9432943","-3,9980485"
45290,45128,1701,Pantoja,Pantoja,"40,0519436","-3,8146526"
45291,45051,1701,Cobeja,Cobeja,"40,0096271","-3,8553507"
45292,45196,1701,Aceca,Aceca,"39,9534128","-3,8502617"
45300,45121,1701,Ocaña,Ocaña,"39,9484796","-3,5205641"
45310,45198,1701,Villatobas,Villatobas,"39,8722809","-3,318747"
45311,45059,1701,Dosbarrios,Dosbarrios,"39,8675643","-3,4801349"
45312,45026,1701,Cabañas de Yepes,Cabañas de Yepes,"39,8968535","-3,5306765"
45313,45202,1701,Yepes,Yepes,"39,9123517","-3,6927531"
45314,45050,1701,Ciruelos,Ciruelos,"39,9546773","-3,6521849"
45340,45123,1701,Ontigola,Ontigola,"39,9982122","-3,5711466"
45350,45115,1701,Noblejas,Noblejas,"39,9919241","-3,4397386"
45360,45195,1701,Villarrubia de Santiago,Villarrubia de Santiago,"39,9954418","-3,318747"
45370,45156,1701,Santa Cruz de la Zarza,Santa Cruz de la Zarza,"39,9577986","-3,1980527"
45400,45106,1701,Mora,Mora,"39,6954462","-3,7232005"
45410,45193,1701,Villanueva de Bogas,Villanueva de Bogas,"39,7392032","-3,642048"
45420,45012,1701,Almonacid de Toledo,Almonacid de Toledo,"39,8050183","-3,8349976"
45430,45094,1701,Mascaraque,Mascaraque,"39,7446317","-3,7943157"
45440,45190,1701,Villaminaya,Villaminaya,"39,7160448","-3,8808034"
45450,45124,1701,Arisgotas,Arisgotas,"39,6489137","-3,8858955"
45460,45090,1701,Manzaneque,Manzaneque,"39,636636","-3,7892328"
45470,45200,1799,Estacion Emperador,*Diseminado*,"39,4610483","-3,9470396"
45479,45092,1701,Marjaliza,Marjaliza,"39,5529817","-3,9776389"
45480,45177,1701,Urda,Urda,"39,3636349","-3,7638256"
45500,45173,1701,Torrijos,Torrijos,"39,9794051","-4,2794935"
45510,45066,1701,Fuensalida,Fuensalida,"40,0597678","-4,1820961"
45511,45077,1701,Huecas,Huecas,"40,0180722","-4,2025859"
45512,45134,1701,Portillo de Toledo,Portillo de Toledo,"40,0780038","-4,2435893"
45513,45157,3801,Santa Cruz del Retamar,Santa Cruz del Retamar,"40,1582949","-4,2846246"
45514,45143,1701,Quismondo,Quismondo,"40,110965","-4,3205566"
45515,45091,1701,Maqueda,Maqueda,"40,0832783","-4,3770704"
45516,45136,1701,Puebla de Montalban (La),Puebla de Montalban (La),"39,8372611","-4,3770704"
45517,45062,1701,Escalonilla,Escalonilla,"39,9102769","-4,3462373"
45518,45069,1701,Gerindote,Gerindote,"39,9338358","-4,264103"
45519,45118,1701,Noves,Noves,"40,0363109","-4,264103"
45520,45188,1701,Villaluenga de la Sagra,Villaluenga de la Sagra,"40,0231227","-3,9113634"
45521,45024,1701,Burujon,Burujon,"39,8867212","-4,2897563"
45522,45003,1701,Albarreal de Tajo,Albarreal de Tajo,"39,8942947","-4,2230836"
45523,45004,1701,Alcabon,Alcabon,"40,0066992","-4,3719303"
45524,45147,1701,Rielves,Rielves,"39,9368163","-4,1820961"
45525,45018,1701,Barcience,Barcience,"39,9763452","-4,2230836"
45526,45901,1701,Santo Domingo-Caudilla,Val de Santo Domingo,"40,013552","-4,3256918"
45529,45203,1701,Yuncler,Yuncler,"40,0492407","-3,8960811"
45530,45101,1701,Miguel Esteban,Miguel Esteban,"40,0096769","-4,4284985"
45531,45036,1701,Carmena,Carmena,"39,9284686","-4,4079213"
45532,45039,1701,Carriches,Carriches,"39,9679087","-4,4490836"
45533,45037,1701,Carpio de Tajo (El),Carpio de Tajo (El),"39,8325449","-4,5005808"
45534,45095,1701,Mata (La),Mata (La),"39,9268996","-4,4490836"
45540,45060,1701,Erustes,Erustes,"39,9507492","-4,4954289"
45541,45100,1701,Mesegar de Tajo,Mesegar de Tajo,"39,9195882","-4,5057333"
45542,45040,1701,Casar de Escalona (El),Casar de Escalona (El),"40,0466555","-4,5315029"
45543,45126,1701,Otero,Otero,"40,0216659","-4,5160396"
45544,45058,1701,Domingo Perez,Domingo Perez,"39,9810959","-4,5057333"
45551,45080,1701,Illan de Vacas,Illan de Vacas,"40,463667","-3,74922"
45560,45125,1701,Corchuela,Corchuela,"39,9173515","-5,1744903"
45567,45082,1701,Lagartera,Lagartera,"39,9359808","-5,2162283"
45568,45184,1701,Ventas de S Julian (Las),Ventas de S Julian (Las),"40,0092343","-5,2945694"
45569,45125,1701,Corchuela,Corchuela,"40,0099991","-5,1640605"
45570,45138,1701,Puente del Arzobispo (El),Puente del Arzobispo (El),"39,801809","-5,177098"
45571,45007,1701,Alcolea de Tajo,Alcolea de Tajo,"39,7969909","-5,1119407"
45572,45172,1701,Torrico,Torrico,"39,8012156","-5,2475518"
45573,45111,1701,Navalmoralejo,Navalmoralejo,"39,739784","-5,1275716"
45574,45065,1701,Estrella (La),Estrella (La),"39,6852712","-5,0806918"
45575,45010,1701,Aldeanueva de S Bartolome,Aldeanueva de S Bartolome,"39,6324285","-5,1119407"
45576,45103,1701,Mohedas de la Jara,Mohedas de la Jara,"39,5893798","-5,1536327"
45577,45139,1701,Puerto de San Vicente,Puerto de San Vicente,"39,5105393","-5,0702794"
45578,45033,1701,Campillo de la Jara (El),Campillo de la Jara (El),"39,5634725","-5,0390536"
45580,45030,1701,Calzada de Oropesa (La),Calzada de Oropesa (La),"39,9722108","-5,3207069"
45588,45073,1701,Herreruela de Oropesa,Herreruela de Oropesa,"39,8886772","-5,24233"
45589,45029,1701,Caleruela,Caleruela,"39,8676928","-5,2527741"
45590,45088,1701,Magan,Magan,"39,966583","-3,9164585"
45591,45204,1701,Yunclillos,Yunclillos,"40,0252931","-3,9980485"
45592,45025,1701,Cabañas de la Sagra,Cabañas de la Sagra,"40,0062012","-3,9572374"
45593,45019,1701,Bargas,Bargas,"39,9399167","-4,0189683"
45594,45189,1701,Villamiel de Toledo,Villamiel de Toledo,"39,9800229","-4,1206748"
45600,45125,1701,Corchuela,Corchuela,"39,9423872","-4,8313257"
45610,45110,1701,Navalcan,Navalcan,"40,084825","-5,0911062"
45611,45130,1701,Parrillas,Parrillas,"40,0866454","-5,0494602"
45612,45181,1701,Velada,Velada,"39,97687","-4,9738909"
45613,45165,5601,Gamonal,Gamonal,"39,9607315","-4,9595743"
45614,45165,2201,Casar de Talavera (El),Casar de Talavera (El),"39,953616","-4,9298999"
45620,45105,1701,Montesclaros,Montesclaros,"40,0866763","-4,9298999"
45621,45160,1701,Segurilla,Segurilla,"40,0332637","-4,8624355"
45622,45097,1701,Mejorada,Mejorada,"40,0101671","-4,9247074"
45630,45114,1701,Navamorcuende,Navamorcuende,"40,14875","-4,7898731"
45631,45011,1701,Almendral de la Cañada,Almendral de la Cañada,"40,1815136","-4,7381013"
45632,45159,1701,Sartajada,Sartajada,"40,2144665","-4,8054142"
45633,45079,1701,Iglesuela (La),Iglesuela (La),"40,2427405","-4,7381013"
45634,45022,1701,Buenaventura,Buenaventura,"40,1754947","-4,883185"
45635,45164,1701,Sotillo de Las Palomas,Sotillo de Las Palomas,"40,0955029","-4,8416936"
45636,45093,1701,Marrupe,Marrupe,"40,092328","-4,795053"
45637,45049,1701,Cervera de Los Montes,Cervera de Los Montes,"40,0554584","-4,8209596"
45638,45132,1701,Pepino,Pepino,"40,0162365","-4,7795149"
45640,45144,1701,Real de San Vicente (El),Real de San Vicente (El),"40,1636093","-4,6760395"
45641,45043,1701,Castillo de Bayuela,Castillo de Bayuela,"40,1022976","-4,6760395"
45642,45035,1701,Cardiel de Los Montes,Cardiel de Los Montes,"40,0622192","-4,6553679"
45643,45068,1701,Garciotun,Garciotun,"40,1088614","-4,6398693"
45644,45120,1701,Nuño Gomez,Nuño Gomez,"40,1301284","-4,6192114"
45645,45074,1701,Hinojosa de San Vicente,Hinojosa de San Vicente,"40,0997798","-4,7381013"
45646,45154,1701,San Roman de Los Montes,San Roman de Los Montes,"40,058871","-4,7381013"
45650,45063,1701,Espinoso del Rey,Espinoso del Rey,"39,6465606","-4,7795149"
45651,45170,1701,Fresneda (La),Fresneda (La),"39,7074757","-4,8002333"
45652,45146,1701,Retamoso,Retamoso,"39,7494734","-4,7795149"
45653,45155,1701,Santa Ana de Pusa,Santa Ana de Pusa,"40,463667","-3,74922"
45654,45150,1701,S Bartolome Las Abiertas,S Bartolome Las Abiertas,"39,8333751","-4,7381013"
45660,45020,1701,Belvis de la Jara,Belvis de la Jara,"39,7425324","-4,9454803"
45661,45009,1701,Aldeanueva de Barbarroya,Aldeanueva de Barbarroya,"39,7300273","-4,9974461"
45662,45006,1701,Alcaudete de la Jara,Alcaudete de la Jara,"39,7781718","-4,8313257"
45663,45072,2201,Membrillo (El),Membrillo (El),"39,860335","-4,8313257"
45664,45072,1701,Herencias (Las),Herencias (Las),"39,8675549","-4,9039424"
45670,45108,1701,Nava de Ricomalillo (La),Nava de Ricomalillo (La),"39,6378497","-4,9870491"
45671,45162,2201,Gargantilla,Gargantilla,"39,5257847","-4,9558696"
45672,45162,3801,Minas de Santa Quiteria,Minas de Santa Quiteria,"39,4521836","-4,9870491"
45673,45162,1701,Buenasbodas,Buenasbodas,"39,6458747","-4,9195154"
45674,45148,3801,Piedraescrita,Piedraescrita,"39,6207801","-4,9039424"
45675,45148,1701,Hunfrias (Las),Hunfrias (Las),"39,6019123","-4,8624355"
45676,45148,4301,Robledillo,Robledillo,"39,577651","-4,8261424"
45677,45148,2201,Navaltoril,Navaltoril,"39,5632538","-4,8002333"
45678,45148,3801,Piedraescrita,Piedraescrita,"39,5286345","-4,7639811"
45680,45046,1701,Cebolla,Cebolla,"39,9426047","-4,5727598"
45682,45048,1701,Cerralbos (Los),Cerralbos (Los),"40,0124072","-4,5781046"
45683,45045,1701,Cazalegas,Cazalegas,"40,0040481","-4,70189"
45684,45086,1701,Lucillos,Lucillos,"40,0024519","-4,6140481"
45685,45104,1701,Montearagon,Montearagon,"39,9557313","-4,6295394"
45686,45028,2201,Calera Y Chozas,Calera Y Chozas,"39,8925483","-5,0390536"
45687,45005,1701,Alcañizo,Alcañizo,"39,9049737","-5,1067314"
45690,45137,1701,Pueblanueva (La),Pueblanueva (La),"39,8957995","-4,7174062"
45691,45137,1799,Pueblanueva (La),*Diseminado*,"39,9434101","-4,6812086"
45692,45089,1701,Bernuy,Bernuy,"39,8826778","-4,5315029"
45693,45089,1701,Bernuy,Bernuy,"39,8794294","-4,6140481"
45694,45165,7501,Talavera la Nueva,Talavera la Nueva,"39,9344373","-4,8987523"
45695,45028,1701,Alberche del Caudillo,Alberche del Caudillo,"39,9077086","-4,9247074"
45700,45053,1701,Consuegra,Consuegra,"39,4903746","-3,682608"
45710,45087,1701,Madridejos,Madridejos,"39,4953804","-3,5205641"
45720,45034,1701,Camuñas,Camuñas,"39,4138527","-3,4801349"
45730,45187,1701,Villafranca Caballeros,Villafranca Caballeros,"39,4587874","-3,3590446"
45740,45197,1701,Villasequilla,Villasequilla,"39,8613296","-3,682608"
45749,45191,1701,Villamuelas,Villamuelas,"39,8083247","-3,7333537"
45750,45026,1799,Cabañas de Yepes,*Diseminado*,"39,8638689","-3,6015207"
45760,45071,1701,Guardia (La),Guardia (La),"39,7867888","-3,4737818"
45770,45149,1701,Romeral (El),Romeral (El),"39,7147641","-3,4296446"
45780,45166,1701,Tembleque,Tembleque,"39,6605313","-3,5205641"
45789,45175,1701,Turleque,Turleque,"39,5742773","-3,642048"
45790,45141,1701,Quero,Quero,"39,5024383","-3,2784825"
45800,45142,1701,Quintanar de la Orden,Quintanar de la Orden,"39,5916002","-3,0375914"
45810,45192,1701,Villanueva de Alcardete,Villanueva de Alcardete,"39,6741279","-3,0375914"
45820,45167,1701,Toboso (El),Toboso (El),"39,5099978","-2,9975593"
45830,45101,1701,Miguel Esteban,Miguel Esteban,"39,5079115","-3,0776568"
45840,45135,1701,Puebla de Almoradiel (La),Puebla de Almoradiel (La),"39,5894834","-3,1177555"
45850,45186,1701,Villa de D Fadrique (La),Villa de D Fadrique (La),"39,6285842","-3,1980527"
45860,45185,1701,Villacañas,Villacañas,"39,5615479","-3,3792057"
45870,45084,1701,Lillo,Lillo,"39,7219804","-3,304928"
45880,45054,1701,Corral de Almaguer,Corral de Almaguer,"39,7598853","-3,1652019"
45890,45027,1701,Cabezamesada,Cabezamesada,"39,8272506","-3,0876783"
45900,45013,1701,Almorox,Almorox,"40,2467317","-4,3770704"
45908,45008,1701,Aldea En Cabo,Aldea En Cabo,"40,1929608","-4,4490836"
45909,45157,1701,Calalberche,Calalberche,"40,246404","-4,248717"
45910,45061,1701,Escalona,Escalona,"40,1544559","-4,387352"
45917,45117,1701,Nombela,Nombela,"40,1178524","-4,5418141"
45918,45131,1701,Pelahustan,Pelahustan,"40,1669114","-4,5934"
45919,45076,1701,Hormigos,Hormigos,"40,0899779","-4,4696765"
45920,45171,1701,Torre Esteban Hambran,Torre Esteban Hambran,"40,1711407","-4,2128337"
45930,45099,1701,Mentrida,Mentrida,"40,2233121","-4,1820961"
45940,45180,1701,Valmojado,Valmojado,"40,2058163","-4,100217"
45950,45041,1701,Casarrubios del Monte,Casarrubios del Monte,"40,2079674","-4,0388918"
45960,45056,1701,Chozas de Canales,Chozas de Canales,"40,1057665","-4,0388918"
46001,46250,14101,Valencia,Valencia,"39,4741757","-0,380721"
46002,46250,14101,Valencia,Valencia,"39,4690149","-0,3760125"
46003,46250,14101,Valencia,Valencia,"39,4767864","-0,3736584"
46004,46250,14101,Valencia,Valencia,"39,4683848","-0,3707161"
46005,46250,14101,Valencia,Valencia,"39,463861","-0,3689508"
46006,46250,14101,Valencia,Valencia,"39,4560805","-0,3736584"
46007,46250,14101,Valencia,Valencia,"39,4625251","-0,3818982"
46008,46250,14101,Valencia,Valencia,"39,4728624","-0,3866074"
46009,46250,14101,Valencia,Valencia,"39,4845265","-0,380721"
46010,46250,14101,Valencia,Valencia,"39,4781137","-0,363067"
46011,46250,14101,Valencia,Valencia,"39,4678728","-0,3254317"
46012,46250,6999,Castellar-Oliveral,*Diseminado*,"39,3512343","-0,3465971"
46013,46250,6999,Castellar-Oliveral,*Diseminado*,"39,4392925","-0,3607137"
46014,46110,2201,Luz (Barrio de La),Barrio de la Luz,"39,4520748","-0,4101619"
46015,46250,2201,Benimamet-Beniferri,Benimamet-Beniferri,"39,4798873","-0,3979657"
46016,46237,1701,Tavernes Blanques,Tavernes Blanques,"39,5220376","-0,3795438"
46017,46250,14101,Valencia,Valencia,"39,4417674","-0,3960275"
46018,46250,14101,Valencia,Valencia,"39,4676547","-0,3960275"
46019,46250,12001,Pueblo Nuevo,Pueblo Nuevo,"39,4987827","-0,3724815"
46020,46250,14101,Valencia,Valencia,"39,4884784","-0,3583606"
46021,46250,14101,Valencia,Valencia,"39,4729669","-0,3536548"
46022,46250,14101,Valencia,Valencia,"39,4704139","-0,3418927"
46023,46250,14101,Valencia,Valencia,"39,4626141","-0,3536548"
46024,46250,14101,Valencia,Valencia,"39,4471372","-0,3348372"
46025,46250,4301,Carpesa,Carpesa,"39,5013158","-0,3889622"
46026,46250,5699,Casas de Barcena,*Diseminado*,"39,4392328","-0,3795438"
46035,46250,2201,Benimamet-Beniferri,Benimamet-Beniferri,"39,4909035","-0,4078058"
46100,46078,1701,Burjassot,Burjassot,"39,5090031","-0,4101619"
46109,46109,1703,Cheste,Urb Cabeza Redondo,"39,5154621","-0,6867939"
46110,46135,1701,Godella,Campo Olivar,"39,4597817","-0,4266584"
46111,46216,1701,Rocafort,Rocafort,"39,5361425","-0,4136962"
46112,46250,8101,Masarrochos,Masarrochos,"39,5348788","-0,4054498"
46113,46171,1701,Masias,Masias,"39,5633676","-0,3889622"
46114,46260,1701,Vinalesa,Vinalesa,"39,5337072","-0,3689508"
46115,46025,1701,Alfara del Patriarca,Alfara del Patriarca,"39,5401288","-0,3818982"
46117,46070,1701,Baro (El),Urbanizacion Vall Flors,"39,6199366","-0,4596721"
46118,46228,1799,Porta Coeli,*Diseminado*,"38,9640047","-0,810357"
46119,46178,1701,Naquera,Naquera,"39,6407302","-0,4219444"
46120,46013,1701,Alboraya,Alboraya,"39,4988831","-0,3395407"
46128,46013,1702,Alboraya,Port Saplaya,"39,5092569","-0,3301342"
46129,46013,1703,Alboraya,Complejo Residencial Vera,"39,5714063","-1,3758649"
46130,46164,1701,Massamagrell,Massamagrell,"39,571301","-0,3301342"
46131,46074,1701,Bonrepos Y Mirambell,Bonrepos Y Mirambell,"39,5246759","-0,363067"
46132,46032,1701,Almassera,Almassera,"39,5143748","-0,3489496"
46133,46166,1701,Meliana,Barrio Roca,"39,5247603","-0,3348372"
46134,46126,1701,Foios,Foios,"39,545359","-0,363067"
46135,46009,1701,Albalat Dels Sorells,Albalat Dels Sorells,"39,5454298","-0,3395407"
46136,46177,1701,Museros,Museros,"39,5737943","-0,3607137"
46137,46199,1701,Playa,Playa,"39,5649501","-0,2890071"
46138,46207,1701,Rafelbuñol,Rafelbuñol,"39,5919278","-0,3442449"
46139,46199,2201,Pobla de Farnals (La),Pobla de Farnals (La),"39,5764948","-0,3207299"
46140,46001,1701,Ademuz,Ademuz,"40,0776931","-1,1929114"
46141,46092,1701,Arroyo Cerezo,Arroyo Cerezo,"40,1277798","-1,2987349"
46143,46242,1701,Torrebaja,Torrebaja,"40,1000117","-1,2626287"
46145,46252,1701,Negron,Negron,"40,0451459","-1,3565692"
46146,46088,1701,Casas Bajas,Casas Bajas,"40,0102787","-1,2650349"
46147,46087,1701,Casas Altas,Casas Altas,"40,0412582","-1,2457898"
46148,46030,1701,Algimia de Alfara,Algimia de Alfara,"39,7491494","-0,3889622"
46149,46134,1701,Gilet,Gilet,"39,6668237","-0,3324856"
46160,46147,1701,Lliria,Buitrera (La),"39,7118591","-0,658333"
46162,46141,1701,Higueruelas,Higueruelas,"39,793338","-0,810357"
46163,46161,1701,Marines,Marines,"39,5558349","-0,3160286"
46164,46191,1701,Pedralba,Pedralba,"39,5979328","-0,724773"
46165,46076,1701,Bugarra,Bugarra,"39,4055695","-0,3771895"
46166,46133,1701,Gestalgar,Gestalgar,"39,5765031","-0,8389252"
46167,46112,1701,Balneario de Fuencaliente,Balneario de Fuencaliente,"39,6540616","-0,8246386"
46168,46234,1701,Sot de Chera,Sot de Chera,"39,6172518","-0,9152051"
46169,46182,1701,Olocau,Olocau,"39,7021768","-0,5352356"
46170,46038,1701,Andilla,Andilla,"39,7005224","-0,8198775"
46171,46089,1701,Casinos,Casinos,"39,7010328","-0,7437761"
46172,46018,1701,Alcublas,Alcublas,"39,8044288","-0,6867939"
46173,46050,1701,Benageber,Benageber,"39,7185929","-1,1257082"
46174,46114,1799,Domeño Antiguo,*Diseminado*,"39,6576317","-0,6701892"
46175,46079,1701,Calles,Calles,"39,7512819","-0,9247501"
46176,46106,1701,Ahillas,Ahillas,"39,7918543","-1,0011902"
46177,46247,1701,Tuejar,Tuejar,"39,79081","-1,1161166"
46178,46036,1701,Almeza (La),Almeza (La),"39,9149639","-1,0394635"
46179,46041,1701,Aras de Los Olmos,Aras de Los Olmos,"39,9242503","-1,1448981"
46180,46051,1701,Benaguasil,Benaguasil,"39,593394","-0,6156794"
46181,46067,1701,Benisano,Benisano,"39,6168643","-0,5707055"
46182,46190,1701,Cañada (La),Cañada (La),"39,5319576","-0,4927134"
46183,46116,1701,Eliana (L'),Eliana (L'),"39,5628099","-0,5305087"
46184,46903,1701,San Antonio de Benageber,Casco Urbano,"39,5629756","-0,4927134"
46185,46202,1701,Pobla de Vallbona (La),Pobla de Vallbona (La),"39,5989564","-0,5352356"
46190,46214,1701,Monte Alcedo,Monte Alcedo,"39,5368528","-0,554149"
46191,46256,1701,Vilamarxant,Vilamarxant,"39,5693133","-0,6237619"
46192,46172,1701,Montserrat,Colinas Venta Cabrera Der,"39,3709894","-0,5920027"
46193,46176,1701,Montroy,Montroy,"39,3291994","-0,6488505"
46194,46212,1701,Real,Real,"39,3137634","-0,6251541"
46195,46156,1701,Llombai,Llombai,"39,2879855","-0,5920027"
46196,46093,1701,Catadau,Catadau,"39,2463449","-0,610943"
46197,46026,1701,Alfarp,Alfarp,"39,2831318","-0,5210565"
46198,46115,1701,Dos Aguas,Dos Aguas,"39,2557789","-0,7722974"
46199,46099,1701,Cortes de Pallas,Cabezuela (La),"39,2546725","-0,9247501"
46200,46186,1701,Paiporta,Paiporta,"39,4287792","-0,4078058"
46210,46193,1701,Picanya,Picanya,"39,4390354","-0,4360881"
46220,46015,1701,Alcasser,Alcasser,"39,3766738","-0,4832702"
46230,46031,1701,Alginet,Alginet,"39,2677367","-0,4785495"
46240,46085,1701,Carlet,Carlet,"39,246716","-0,5352356"
46250,46019,1701,Alcudia (L'),Alcudia (L'),"39,1895709","-0,5305087"
46260,46011,1701,Alberic,Alberic,"39,1219221","-0,5352356"
46266,46040,1701,Antella,Antella,"39,1008259","-0,5920027"
46267,46130,2201,Gavarda,Gavarda Antiguo,"39,0957819","-0,5588787"
46268,46017,5601,Garrofera (La),Garrofera (La),"39,1477387","-0,5778033"
46269,46246,2201,Tous,Tous,"39,1733216","-0,658333"
46270,46257,1701,Villanueva de Castellón,Villanueva de Castellón,"39,075125","-0,5210565"
46290,46015,1701,Alcasser,Alcasser,"39,3768239","-0,44552"
46291,46063,1701,Benimodo,Benimodo,"39,1998365","-0,5588787"
46292,46162,1701,Masalaves,Masalaves,"39,1584097","-0,5210565"
46293,46016,1701,Alcantera de Xuquer,Alcantera de Xuquer,"39,064577","-0,5494198"
46294,46084,1701,Carcer,Carcer,"39,0644404","-0,5778033"
46295,46225,1701,Sellent,Sellent,"39,0746656","-0,6156794"
46300,46249,3801,Cuevas (Las),Cuevas (Las),"39,6246684","-1,2313618"
46310,46254,1701,Casas de Moya,Casas de Moya,"40,463667","-3,74922"
46311,46254,4301,Jaraguas,Jaraguas,"39,509599","-1,3565692"
46312,46249,7502,Utiel,Urbanizacion Casas Medina,"39,6356835","-1,1640968"
46313,46249,1701,Casas (Las),Casas (Las),"39,6136116","-1,2987349"
46314,46129,1701,Fuenterrobles,Fuenterrobles,"39,5714063","-1,3758649"
46315,46095,1701,Caudete de Las Fuentes,Caudete de Las Fuentes,"39,5516195","-1,2987349"
46317,46259,1701,Villargordo del Cabriel,Villargordo del Cabriel,"39,5393399","-1,4628042"
46318,46259,2201,Contreras,Contreras,"40,463667","-3,74922"
46320,46232,1701,Sinarcas,Sinarcas,"39,7488453","-1,1929114"
46321,46249,6901,Torre (La),Torre (La),"39,6746615","-1,2614257"
46330,46080,1701,Camporrobles,Camporrobles,"39,6331479","-1,3951694"
46340,46213,10801,Casas de Cuadra,Casas de Cuadra,"39,4915456","-1,1065272"
46350,46108,1701,Chera,Chera,"39,5858784","-0,9629523"
46351,46106,3801,Villar de Tejas,Villar de Tejas,"39,5848741","-1,0777723"
46352,46213,6901,Campo Arcis,Campo Arcis,"39,4186051","-1,1544963"
46353,46213,33201,Los Ruices,Los Ruices,"39,4901936","-1,2409799"
46354,46213,14101,Penen de Albosa,Penen de Albosa,"39,3759556","-1,2698475"
46355,46213,24901,Fuen Vich,Fuen Vich,"39,3261188","-1,0681918"
46356,46213,16701,Casas del Rio,Barrio de San Casimiro,"39,3356724","-1,1544963"
46357,46213,1701,El Azagador,El Azagador,"39,4193384","-1,0777723"
46360,46077,1701,Buñol,Buñol,"39,4315189","-0,8579818"
46367,46261,1701,Yatova,Yatova,"39,3380122","-0,8865834"
46368,46158,1701,Macastre,Macastre,"39,3490041","-0,8008388"
46369,46012,1701,Alborache,Alborache,"39,3752142","-0,7580342"
46370,46111,1701,Chiva,Chiva,"39,5043243","-0,810357"
46380,46109,1701,Cheste,Cheste,"39,4946443","-0,6856616"
46388,46136,1701,Godelleta,Calicanto B,"39,4327612","-0,6678177"
46389,46248,1701,Turis,Altury,"39,3807822","-0,6962853"
46390,46213,4301,Barrio Arroyo,Barrio Arroyo,"39,5325524","-1,1448981"
46391,46213,30401,El Rebollar,El Rebollar,"39,5028435","-1,0011902"
46392,46229,1701,Siete Aguas,Siete Aguas,"39,5034741","-0,9247501"
46393,46148,1701,Loriguilla,Loriguilla,"39,6582402","-0,9533984"
46400,46105,1701,Brosquil (El),Brosquil (El),"39,1436474","-0,2713944"
46408,46105,3801,Mareny Sant Lloren,Mareny Sant Lloren,"39,1905305","-0,2385387"
46409,46105,1701,Brosquil (El),Brosquil (El),"39,1383756","-0,2376633"
46410,46235,1701,Bega de Mar,"Sol, Mar Y Naranjos","39,2043643","-0,3062282"
46417,46215,1701,Riola,Riola,"39,1876813","-0,3395407"
46418,46125,1701,Fortaleny,Fortaleny,"39,1773472","-0,3160286"
46419,46235,1701,Bega de Mar,"Sol, Mar Y Naranjos","39,2437878","-0,2567623"
46420,46235,6999,Palmeres (Les),*Diseminado*,"39,2683078","-0,3089777"
46430,46233,2201,Sollana,Sollana,"39,2680847","-0,3842527"
46439,46233,1701,Romani (El),Romani (El),"39,304409","-0,3889622"
46440,46035,1701,Almussafes,Almussafes,"39,2835817","-0,4078058"
46450,46060,1701,Benifaio,Benifaio,"39,2886534","-0,4408037"
46460,46230,1701,Silla,Silla,"39,3510531","-0,403094"
46469,46065,1701,Beniparrell,Beniparrell,"39,3847121","-0,4148744"
46470,46007,1701,Albal,Albal,"39,3977263","-0,3983829"
46480,46244,2299,Masia del Juez,*Diseminado*,"40,463667","-3,74922"
46500,46220,1701,Almarda,Almarda,"39,7030443","-0,2901815"
46501,46192,1701,Petres,Petres,"39,6849386","-0,3113278"
46510,46103,1701,Quartell,Quartell,"39,725076","-0,2373658"
46511,46058,1701,Benifairo de Les Valls,Benifairo de Les Valls,"39,7262738","-0,2784385"
46512,46122,1701,Faura,Faura,"39,7276084","-0,2584835"
46514,46052,1701,Benavites,Benavites,"39,7315216","-0,2361929"
46515,46101,1701,Quart de Les Valls,Quart de Les Valls,"39,7442842","-0,2901815"
46520,46220,1799,Almarda,*Diseminado*,"39,6567522","-0,2291565"
46529,46082,1701,Canet D'En Berenguer,Canet D'En Berenguer,"39,6903349","-0,203367"
46530,46205,1701,Monasterios (Los),Monasterios (Los),"39,6152816","-0,3042778"
46540,46204,1701,Puig,Cabes Bort,"39,5945969","-0,3136781"
46550,46014,1701,Albuixech,Albuixech,"39,5429172","-0,3136781"
46560,46163,1701,Massalfassar,Massalfassar,"39,5558349","-0,3160286"
46590,46120,1701,Estivella,Beselga,"39,7182861","-0,3701276"
46591,46010,1701,Albalat Dels Tarongers,Albalat Dels Tarongers,"39,6874041","-0,3513021"
46592,46224,1702,Segart,Murtal (El),"39,6769987","-0,3795438"
46593,46028,1701,Algar de Palancia,Algar de Palancia,"39,7852845","-0,3654204"
46594,46024,1701,Alfara de la Baronia,Alfara de la Baronia,"39,7699047","-0,3418927"
46595,46245,1701,Torres-Torres,Descanso (El),"39,7389625","-0,3513021"
46600,46017,1701,Alzira,Alzira,"39,1511421","-0,4333706"
46610,46139,1701,Guadassuar,Guadassuar,"39,1686381","-0,5588787"
46611,46064,1701,Benimuslem,Benimuslem,"39,1377215","-0,4927134"
46612,46098,1701,Corbera,Corbera,"39,1642009","-0,3654204"
46613,46155,1701,Llauri,Llauri,"39,1383128","-0,3230807"
46614,46123,1701,Favara,Favara,"39,1175453","-0,3042778"
46620,46044,1701,Ayora,Ayora,"39,0452756","-1,0777723"
46621,46263,1701,Zarra,Zarra,"39,09691","-1,1257082"
46622,46239,1701,Teresa de Cofrentes,Teresa de Cofrentes,"39,1295933","-0,9629523"
46623,46144,1701,Jarafuel,Jarafuel,"39,1387307","-1,1065272"
46624,46142,1701,Jalance,Jalance,"39,2011361","-1,1065272"
46625,46097,1702,Cofrentes,Cofrentes,"39,2533622","-1,0777723"
46630,46128,1701,Font de la Figuera (La),Font de la Figuera (La),"38,8381094","-0,8865834"
46635,46124,1701,Fontanars Dels Alforins,Fontanars Dels Alforins,"38,786556","-0,7818089"
46640,46170,1701,Mogente/Moixent,Cumbres de Valencia,"38,8804692","-0,810357"
46650,46081,1701,Ayacor,Ayacor,"38,9392417","-0,587269"
46659,46081,1701,Ayacor,Ayacor,"38,9784132","-0,5801695"
46660,46160,1701,Manuel,Manuel,"39,0544094","-0,4927134"
46661,46119,1701,L'Enova,L'Enova,"40,463667","-3,74922"
46666,46209,1701,Berfull,Berfull,"39,0442123","-0,4360881"
46667,46045,1701,Barxeta,Barxeta,"39,0182024","-0,4219444"
46668,46145,5601,Torre Lloris,Torre Lloris,"39,0141081","-0,4702895"
46669,46222,1701,Sant Joanet,Sant Joanet,"39,0466424","-0,4809098"
46670,46203,1701,Pobla Llarga (La),Pobla Llarga (La),"39,0547359","-0,4078058"
46680,46029,1701,Algemesi,Algemesi,"39,2159697","-0,4313729"
46687,46008,1701,Albalat de la Ribera,Albalat de la Ribera,"39,2213766","-0,3701276"
46688,46197,3801,Polinya de Xuquer,Polinya de Xuquer,"39,1902176","-0,3607137"
46689,46904,1701,Benicull de Xúquer,Benicull de Xúquer,"39,1823354","-0,3866074"
46690,46020,1701,Alcudia de Crespins (L'),Alcudia de Crespins (L'),"38,9704561","-0,606207"
46691,46251,1701,Vallada,Vallada,"38,891706","-0,6867939"
46692,46174,1701,Montesa,Montesa,"38,9338004","-0,6298922"
46701,46131,1701,Gandia,Gandia,"38,9744946","-0,1799368"
46702,46131,1701,Gandia,Gandia,"38,9588343","-0,1846217"
46703,46066,1701,Benirredra,Benirredra,"38,9620776","-0,1957506"
46710,46113,1701,Daimus,Daimus,"38,9723613","-0,1486775"
46711,46140,1701,Guardamar de la Safor,Guardamar de la Safor,"38,9536802","-0,1377983"
46712,46195,1701,Piles,Piles,"38,9432525","-0,1284404"
46713,46048,1701,Bellreguard Poble,Bellreguard,"38,9484314","-0,1612029"
46714,46188,1701,Palmera,Palmera,"38,9445309","-0,1506691"
46715,46037,1701,Alqueria la Comtessa (L'),Alqueria la Comtessa (L'),"38,9327845","-0,1518394"
46716,46208,1701,Rafelcofer,Rafelcofer,"38,9327587","-0,1705687"
46717,46089,1701,Casinos,Casinos,"38,9197163","-0,1635442"
46720,46255,1701,Villalonga,Villalonga,"38,8725866","-0,2338473"
46721,46198,1701,Potries,Potries,"38,9170667","-0,1893072"
46722,46055,1701,Beniarjo,Beniarjo,"38,93273","-0,1893072"
46723,46034,1701,Almoines,Almoines,"38,9444914","-0,1787657"
46724,46187,1701,Palma de Gandia,Marchuquera,"38,940489","-0,2291565"
46725,46023,1701,Alfauir,Alfauir,"38,9404306","-0,25731"
46726,46033,1701,Almisera,Monte Vernisa,"38,9142495","-0,2901815"
46727,46211,1701,Real de Gandia,Real de Gandia,"38,9509794","-0,2010233"
46728,46131,1701,Gandia,Gandia,"38,9770079","-0,2338473"
46729,46002,1701,Ador,Ador,"38,9091626","-0,2291565"
46730,46131,2201,Grau I Platja,Grau I Platja,"38,9927623","-0,1729106"
46740,46083,2201,Carcaixent,Carcaixent,"39,0964381","-0,3983829"
46749,46083,3801,Cogullada,Cogullada,"39,1169817","-0,4738293"
46750,46231,1701,Pla de Corrals,Pla de Corrals,"39,0392998","-0,3465971"
46758,46046,1701,Barx,Barx,"39,0133287","-0,3136781"
46760,46131,2201,Grau I Platja,Grau I Platja,"39,0812204","-0,2526163"
46770,46143,1701,Xeraco,Xeraco,"39,0396152","-0,2150873"
46780,46181,2201,Oliva,Oliva,"38,8936726","-0,102718"
46790,46146,1701,Xeresa,Xeresa,"39,0135245","-0,2291565"
46791,46059,1701,Benifairo de la Valldigna,Benifairo de la Valldigna,"39,0654707","-0,3042778"
46792,46017,2201,Barraca D'Aigues Vives,Barraca D'Aigues Vives,"39,1069734","-0,3607137"
46800,46145,1701,Anahuir,Anahuir,"38,9969674","-0,5163312"
46810,46118,1701,Enguera,Enguera,"38,9642617","-0,7722974"
46811,46118,2299,Navalon,*Diseminado*,"38,9320672","-0,8961217"
46812,46042,1701,Aielo de Malferit,Aielo de Malferit,"38,892223","-0,5920027"
46813,46081,3801,Torre Cerda,Torre Cerda,"38,9849743","-0,5718884"
46814,46137,1701,Granja de la Costera (La),Granja de la Costera (La),"39,0018003","-0,5967369"
46815,46157,1701,Llosa de Ranes,Llosa de Ranes,"39,0229309","-0,5399631"
46816,46217,1701,Rotgla I Corbera,Rotgla I Corbera,"39,0123699","-0,5683399"
46817,46121,1701,Estubeny,Estubeny,"39,0147251","-0,6180479"
46818,46253,1701,Valles,Valles,"38,9902698","-0,5553314"
46819,46180,1701,Novele-Novetle,Novele-Novetle,"38,9772518","-0,550602"
46820,46039,1701,Anna,Anna,"39,0171652","-0,6488505"
46821,46107,1701,Chella,Chella,"39,0377989","-0,6867939"
46822,46073,1701,Bolbaite,Bolbaite,"39,0530536","-0,7485282"
46823,46179,1701,Navarres,Navarres,"39,1001952","-0,705779"
46824,46206,1701,Quesa,Quesa,"39,1207826","-0,7437761"
46825,46071,1701,Bicorp,Bicorp,"39,1304794","-0,8484524"
46830,46062,1701,Beniganim,Beniganim,"38,9555415","-0,4408037"
46837,46104,1701,Quatretonda,Quatretonda,"38,9347999","-0,403094"
46838,46057,1701,Benicolet,Benicolet,"38,9559121","-0,3277829"
46839,46049,1701,Bellus,Bellus,"38,9344374","-0,4974359"
46840,46200,1701,Pobla del Duc (La),Pobla del Duc (La),"38,9086102","-0,4266584"
46841,46090,1701,Castello de Rugat,Castello de Rugat,"38,8773997","-0,3889622"
46842,46043,1701,Ayelo de Rugat,Ayelo de Rugat,"38,8932594","-0,3277829"
46843,46210,1701,Rafol de Salem,Rafol de Salem,"38,8564653","-0,3983829"
46844,46056,1701,Beniatjar,Beniatjar,"38,8563311","-0,4360881"
46850,46183,1701,Olleria (L'),Olleria (L'),"38,9132989","-0,554149"
46860,46006,1701,Albaida,Albaida,"38,8715982","-0,5352356"
46868,46047,1701,Belgida,Belgida,"38,8666747","-0,4643906"
46869,46003,1701,Atzeneta D'Albaida,Atzeneta D'Albaida,"38,8351973","-0,4927134"
46870,46184,1701,Ontinyent,Ontinyent,"38,7975578","-0,6962853"
46880,46072,1701,Bocairent,Bocairent,"38,7561207","-0,6204165"
46890,46004,1701,Agullent,Agullent,"38,8296947","-0,554149"
46891,46075,1701,Bufali,Bufali,"38,8587101","-0,4950746"
46892,46173,1701,Montaverner,Montaverner,"38,8848564","-0,4903524"
46893,46027,1701,Alfarrasi,Alfarrasi,"38,9083111","-0,5021589"
46894,46132,1701,Alboy,Alboy,"38,9815376","-0,4643906"
46900,46244,1799,Cumbres de Calicanto,*Diseminado*,"39,4076898","-0,5021589"
46901,46244,3801,Monte Vedat,Monte Vedat,"39,4155312","-0,4856308"
46910,46022,1701,Alfafar,Alfafar,"39,4185144","-0,3795438"
46920,46169,1701,Mislata,Mislata,"39,4779243","-0,4195876"
46930,46102,1701,Quart de Poblet,Quart de Poblet,"39,4697936","-0,5116066"
46940,46159,1701,Manises,San Francisco,"39,4957302","-0,4974359"
46950,46110,1701,Xirivella,Xirivella,"39,4597817","-0,4266584"
46960,46021,1701,Aldaia,Aldaia,"39,4595217","-0,4927134"
46970,46005,1701,Alaquas,Alaquas,"39,4518434","-0,4714694"
46980,46190,2201,Coma (La),Coma (La),"39,5424148","-0,4643906"
46988,46190,3801,Paterna,Paterna,"39,5113863","-0,4643906"
46989,46190,7501,Terramelar,Terramelar,"39,5082909","-0,4284263"
47001,47186,5601,Valladolid,Valladolid,"41,6499176","-4,7290462"
47002,47186,5601,Valladolid,Valladolid,"41,6502362","-4,721286"
47003,47186,5601,Valladolid,Valladolid,"41,654999","-4,7264594"
47004,47186,5601,Valladolid,Valladolid,"41,645803","-4,7232259"
47005,47186,5601,Valladolid,Valladolid,"41,6530417","-4,7135268"
47006,47186,5601,Valladolid,Valladolid,"41,6394339","-4,7419825"
47007,47186,5601,Valladolid,Valladolid,"41,6423478","-4,7316332"
47008,47186,1799,Navabuena,*Diseminado*,"41,6134623","-4,7381013"
47009,47186,2201,Overuela (La),Overuela (La),"41,7483736","-4,8416936"
47010,47186,2201,Overuela (La),Overuela (La),"41,6704519","-4,7135268"
47011,47186,5601,Valladolid,Valladolid,"41,6705273","-4,6812086"
47012,47186,5601,Valladolid,Valladolid,"41,6303025","-4,6915484"
47013,47186,5601,Valladolid,Valladolid,"41,6166953","-4,7199927"
47014,47186,1701,Navabuena,Navabuena,"41,6400908","-4,7562159"
47015,47186,5601,Valladolid,Valladolid,"41,6465777","-4,7497457"
47016,47186,5601,Valladolid,Valladolid,"41,6333885","-4,7678642"
47017,47186,5601,Valladolid,Valladolid,"41,6432703","-4,678624"
47018,47186,5601,Valladolid,Valladolid,"41,5968393","-5,0130453"
47100,47165,5601,Tordesillas,Tordesillas,"41,5023868","-5,0078451"
47110,47036,1701,Casasola de Arion,Casasola de Arion,"41,5709722","-5,2579968"
47111,47210,1701,Villalar de Los Comuneros,Villalar de Los Comuneros,"41,5358378","-5,1536327"
47112,47113,1701,Pedrosa del Rey,Pedrosa del Rey,"41,5330185","-5,2162283"
47113,47165,8101,Villavieja,Villavieja,"41,5196004","-5,0702794"
47114,47083,1701,Matilla de Los Caños,Matilla de Los Caños,"41,5622029","-5,0078451"
47115,47017,1701,Bercero,Bercero,"41,5594702","-5,0702794"
47116,47121,2202,Pollos,Pollos,"41,4370061","-5,1327829"
47120,47097,1701,Mota del Marques,Mota del Marques,"41,6344844","-5,1744903"
47129,47001,1701,Adalia,Adalia,"41,6666564","-5,1223608"
47130,47161,1701,Simancas,Aceñas (Las),"41,5892347","-4,8416936"
47131,47071,1701,Geria,Geria,"41,5857137","-4,9247074"
47132,47146,1701,San Miguel del Pino,San Miguel del Pino,"41,5268045","-4,9039424"
47133,47081,1701,Marzales,Marzales,"41,5965407","-5,1327829"
47134,47069,1701,Gallegos de Hornija,Gallegos de Hornija,"41,6305442","-5,0390536"
47140,47076,3801,Laguna de Duero,Laguna de Duero,"41,5744687","-4,7174062"
47150,47193,1701,Viana de Cega,Viana de Cega,"41,5129466","-4,7588042"
47151,47023,1701,Boecillo,Barco de Los Frailes (El),"41,5393701","-4,7225793"
47152,47186,3801,Pinar de Antequera,Pinar de Antequera,"41,5502477","-4,8209596"
47153,47186,3801,Pinar de Antequera,Pinar de Antequera,"41,5775332","-4,7639811"
47155,47155,1701,Santovenia de Pisuerga,Santovenia de Pisuerga,"41,6964381","-4,6553679"
47160,47006,1701,Aldea de San Miguel,Aldea de San Miguel,"41,4501996","-4,5830789"
47161,47175,1701,Herrera de Duero,Herrera de Duero,"41,5648493","-4,647618"
47162,47007,1701,Aldeamayor de San Martin,Aldeamayor de San Martin,"41,5283965","-4,6243751"
47164,47145,1701,San Miguel del Arroyo,San Miguel del Arroyo,"41,4446648","-4,4696765"
47165,47032,1701,Camporredondo,Camporredondo,"41,4782148","-4,5057333"
47166,47194,1701,Viloria,Viloria,"41,4530186","-4,3822109"
47169,47007,1799,Aldeamayor de San Martin,*Diseminado*,"41,5540456","-4,6682867"
47170,47133,1701,Renedo de Esgueva,Renedo de Esgueva,"41,6574858","-4,6347041"
47171,47044,1701,Castronuevo de Esgueva,Castronuevo de Esgueva,"41,6790381","-4,5934"
47172,47224,1701,Villarmentero de Esgueva,Villarmentero de Esgueva,"41,6854465","-4,5572847"
47173,47105,1701,Olmos de Esgueva,Olmos de Esgueva,"41,5843497","-4,4696765"
47174,47221,1701,Villanueva Los Infantes,Villanueva Los Infantes,"41,7037981","-4,4696765"
47175,47117,1701,Piña de Esgueva,Piña de Esgueva,"41,7252723","-4,4284985"
47176,47061,1701,Esguevillas de Esgueva,Esguevillas de Esgueva,"41,7467236","-4,387352"
47177,47009,1701,Amusquillo,Amusquillo,"41,7549868","-4,3000211"
47180,47206,1701,Villafuerte,Villafuerte,"41,7291813","-4,3256918"
47181,47200,1701,Villaco,Villaco,"41,7362585","-4,2692327"
47182,47047,1701,Castroverde de Cerrato,Castroverde de Cerrato,"41,7528671","-4,2230836"
47183,47169,1701,Torre de Esgueva,Torre de Esgueva,"41,7874448","-4,2282093"
47184,47062,1701,Fombellida,Fombellida,"41,7543633","-4,1820961"
47185,47034,1701,Canillas de Esgueva,Canillas de Esgueva,"41,7609957","-4,1360234"
47186,47060,1701,Encinas de Esgueva,Encinas de Esgueva,"41,7573085","-4,100217"
47190,47230,1701,Wamba,Wamba,"41,6757288","-4,9143239"
47191,47051,1701,Ciguñuela,Ciguñuela,"41,6480917","-4,8624355"
47192,47041,1701,Castrodeza,Castrodeza,"41,6393551","-4,9506747"
47193,47052,1701,Cisterniga,Cisterniga,"41,5969189","-4,6553679"
47194,47066,1701,Fuensaldaña,Fuensaldaña,"41,7604734","-4,7898731"
47195,47010,1701,Arroyo de la Encomienda,Arroyo de la Encomienda,"41,626038","-4,795053"
47196,47111,1701,Cardiel (El),Cardiel (El),"41,4755792","-4,6967189"
47197,47186,5601,Valladolid,Valladolid,"41,6265153","-4,761069"
47198,47186,2299,Overuela (La),*Diseminado*,"42,1943656","-5,0494602"
47200,47184,1701,Granja Muedra,Granja Muedra,"40,463667","-3,74922"
47209,47144,1701,San Martin de Valveni,San Martin de Valveni,"41,7610068","-4,5315029"
47210,47011,1701,Ataquines,Ataquines,"41,1911026","-4,8002333"
47219,47100,1701,Muriel de Zapardiel,Muriel de Zapardiel,"41,1500935","-4,8209596"
47220,47124,1701,Pozaldez,Pozaldez,"41,3696647","-4,8416936"
47230,47082,1701,Matapozuelos,Matapozuelos,"41,4122473","-4,7795149"
47238,47005,1701,Alcazaren,Alcazaren,"41,375664","-4,6967189"
47239,47159,1701,Serrada,Serrada,"41,5086181","-4,8624355"
47240,47182,1701,Valdestillas,Valdestillas,"41,4721739","-4,7795149"
47250,47090,2201,Mojados,Delfin Verde (El),"41,4364758","-4,6760395"
47260,47027,1701,Cabezon de Pisuerga,Cabezon.barrio Viejo,"41,7179841","-4,6140481"
47270,47050,1701,Cigales,Cigales,"41,7733965","-4,7174062"
47280,47055,2201,Corcos,Corcos,"41,8091918","-4,6915484"
47281,47055,1701,Aguilarejo,Aguilarejo,"41,7702441","-4,6114667"
47282,47174,1701,Trigueros del Valle,Trigueros del Valle,"41,8203734","-4,660535"
47283,47130,1701,Quintanilla de Trigueros,Quintanilla de Trigueros,"41,874278","-4,6760395"
47290,47057,1701,Cubillas de Santa Marta,Cubillas de Santa Marta,"41,8172868","-4,6140481"
47300,47114,3801,Padilla de Duero,Padilla de Duero,"41,598093","-4,100217"
47310,47030,1701,Campaspero,Campaspero,"41,4939116","-4,2230836"
47311,47033,1701,Canalejas de Peñafiel,Canalejas de Peñafiel,"41,507235","-4,1309067"
47312,47012,1701,Bahabon,Bahabon,"41,4724311","-4,264103"
47313,47054,1701,Cogeces del Monte,Cogeces del Monte,"41,499702","-4,3359635"
47314,47077,1701,Langayo,Langayo,"41,5744699","-4,2025859"
47315,47116,2201,Pesquera de Duero,Pesquera de Duero,"41,6541633","-4,2025859"
47316,47059,1701,Curiel de Duero,Curiel de Duero,"41,6762944","-4,1411406"
47317,47022,1701,Bocos de Duero,Bocos de Duero,"41,6792072","-4,0593255"
47318,47038,1701,Castrillo de Duero,Castrillo de Duero,"41,5803245","-4,0388918"
47319,47131,1701,Rabano,Rabano,"41,5397155","-4,0593255"
47320,47093,1701,Montemayor de Pililla,Montemayor de Pililla,"41,524528","-4,4696765"
47328,47110,1701,Parrilla (La),Parrilla (La),"41,5420603","-4,5315029"
47329,47039,1701,Castrillo-Tejeriego,Castrillo-Tejeriego,"41,697412","-4,3770704"
47330,47154,1799,Santibañez de Valcorba,*Diseminado*,"41,5843497","-4,4696765"
47331,47154,1701,Santibañez de Valcorba,Santibañez de Valcorba,"41,5660069","-4,4284985"
47340,47157,1701,Retuerta,Retuerta,"41,6058666","-4,4284985"
47350,47129,1701,Quintanilla de Onesimo,Quintanilla de Onesimo,"41,6090002","-4,3462373"
47359,47103,1701,Olivares de Duero,Olivares de Duero,"41,6496051","-4,3256918"
47360,47127,1701,Quintanilla de Arriba,Quintanilla de Arriba,"41,6120702","-4,264103"
47400,47085,2201,Medina del Campo,Medina del Campo,"41,3165673","-4,9143239"
47410,47104,2201,Olmedo,Olmedo,"41,2851649","-4,7070616"
47418,47002,1701,Aguasal,Aguasal,"41,2885107","-4,6243751"
47419,47008,1701,Almenara de Adaja,Almenara de Adaja,"41,2162662","-4,6760395"
47420,47075,1701,Iscar,Iscar,"41,3422602","-4,5315029"
47430,47112,1701,Pedrajas de San Esteban,Pedrajas de San Esteban,"41,3598228","-4,5934"
47440,47053,1701,Cogeces de Iscar,Cogeces de Iscar,"41,4006464","-4,5727598"
47450,47123,1701,Pozal de Gallinas,Pozal de Gallinas,"41,3200761","-4,8313257"
47451,47104,1701,Calabazas,Calabazas,"41,3322444","-4,7795149"
47452,47232,1701,Zarza (La),Zarza (La),"41,2721668","-4,7795149"
47453,47132,1701,Ramiro,Ramiro,"41,2312187","-4,8002333"
47454,47095,1701,Moraleja de Las Panaderas,Moraleja de Las Panaderas,"41,2756668","-4,8157773"
47460,47031,1701,Campillo (El),Campillo (El),"41,2633764","-4,9870491"
47461,47025,1701,Brahojos de Medina,Brahojos de Medina,"41,2205741","-5,0494602"
47462,47020,1701,Bobadilla del Campo,Bobadilla del Campo,"41,1813694","-5,0286488"
47463,47189,1701,Velascalvaro,Velascalvaro,"41,2232905","-4,9870491"
47464,47102,1701,Nueva Villa de Las Torres,Nueva Villa de Las Torres,"41,2588278","-5,0911062"
47465,47228,1701,Villaverde de Medina,Villaverde de Medina,"41,321644","-5,0286488"
47470,47035,1701,Carpio,Carpio,"41,1986893","-5,0911062"
47480,47065,1701,Fresno El Viejo,Fresno El Viejo,"41,1758513","-5,1536327"
47490,47139,2201,Rueda,Rueda,"41,4243314","-4,9662608"
47491,47158,1701,Seca (La),Seca (La),"41,4365471","-4,9143239"
47492,47085,1701,Gomeznarro,Gomeznarro,"41,3679141","-4,883185"
47493,47085,1701,Gomeznarro,Gomeznarro,"41,2286126","-4,8624355"
47494,47049,1701,Cervillego de la Cruz,Cervillego de la Cruz,"41,1858548","-4,9247074"
47500,47101,1701,Nava del Rey,Nava del Rey,"41,3493742","-5,0806918"
47509,47139,3801,Torrecilla del Valle,Torrecilla del Valle,"41,3825602","-5,0078451"
47510,47004,1701,Alaejos,Alaejos,"41,301876","-5,2475518"
47511,47160,1701,Siete Iglesias Trabancos,Siete Iglesias Trabancos,"41,375196","-5,1744903"
47512,47037,1701,Castrejon de Trabancos,Castrejon de Trabancos,"41,2551147","-5,1744903"
47513,47167,1701,Torrecilla de la Orden,Torrecilla de la Orden,"41,2217513","-5,2475518"
47520,47045,2201,Castronuño,Castronuño,"41,4218479","-5,2475518"
47529,47204,1701,Villafranca de Duero,Villafranca de Duero,"41,4337109","-5,3154784"
47530,47150,1701,San Roman de Hornija,San Roman de Hornija,"41,4703273","-5,2788926"
47600,47214,1701,Villalon de Campos,Villalon de Campos,"42,1061186","-5,0390536"
47606,47070,1701,Gaton de Campos,Gaton de Campos,"42,0599439","-4,9662608"
47607,47073,1701,Herrin de Campos,Herrin de Campos,"42,1200481","-4,9454803"
47608,47026,1701,Bustillo de Chaves,Bustillo de Chaves,"42,1324824","-5,1119407"
47609,47064,1701,Fontihoyuelo,Fontihoyuelo,"42,2131402","-5,0702794"
47610,47231,1701,Zaratan,Zaratan,"41,6507025","-4,8002333"
47620,47186,1799,Navabuena,*Diseminado*,"41,7086323","-4,8416936"
47630,47099,1701,Mudarra (La),Mudarra (La),"41,7836709","-4,9454803"
47639,47212,5601,Villalba de Los Alcores,Villalba de Los Alcores,"41,8363717","-4,8728093"
47640,47115,1701,Peñaflor de Hornija,Peñaflor de Hornija,"41,7231975","-4,9662608"
47641,47043,1701,Castromonte,Castromonte,"41,7593015","-5,0494602"
47650,47058,1701,Cuenca de Campos,Cuenca de Campos,"42,0554011","-5,0702794"
47664,47046,1701,Castroponce,Castroponce,"42,1151265","-5,1692752"
47670,47015,1701,Becilla de Valderaduey,Becilla de Valderaduey,"42,1071228","-5,2371087"
47671,47177,1701,Urones de Castroponce,Urones de Castroponce,"42,1052099","-5,2788926"
47672,47183,1701,Valdunquillo,Valdunquillo,"42,0440759","-5,3207069"
47673,47128,1701,Quintanilla del Molar,Quintanilla del Molar,"42,0226306","-5,4620545"
47674,47013,1701,Barcial de la Loma,Barcial de la Loma,"41,9471849","-5,2788926"
47675,47024,1701,Bolaños de Campos,Bolaños de Campos,"42,007457","-5,2579968"
47676,47229,1701,Villavicencio Caballeros,Villavicencio Caballeros,"42,0479175","-5,2371087"
47680,47084,1701,Mayorga,Mayorga,"42,175636","-5,2475518"
47686,47089,1701,Melgar de Arriba,Melgar de Arriba,"42,2712504","-5,0911062"
47687,47088,1701,Melgar de Abajo,Melgar de Abajo,"42,2441062","-5,1484196"
47688,47091,1701,Monasterio de Vega,Monasterio de Vega,"42,2469104","-5,1953554"
47689,47028,1701,Cabezon de Valderaduey,Cabezon de Valderaduey,"42,168159","-5,1953554"
47690,47185,1701,Valverde de Campos,Valverde de Campos,"41,8197473","-5,0286488"
47691,47094,1701,Moral de la Reina,Moral de la Reina,"41,9763567","-5,0702794"
47692,47048,1701,Ceinos de Campos,Ceinos de Campos,"42,0328758","-5,1327829"
47800,47086,1701,Medina de Rioseco,Medina de Rioseco,"41,878304","-5,0494602"
47801,47186,1701,Navabuena,Navabuena,"40,463667","-3,74922"
47810,47205,1701,Villafrechos,Villafrechos,"41,8906663","-5,2162283"
47811,47096,1701,Morales de Campos,Morales de Campos,"41,8878056","-5,2788926"
47812,47109,1701,Palazuelo de Vedija,Palazuelo de Vedija,"41,9340169","-5,1327829"
47813,47019,1701,Berrueces,Berrueces,"41,9334442","-5,033851"
47814,47003,1701,Aguilar de Campos,Aguilar de Campos,"41,9707706","-5,1953554"
47815,47162,1701,Tamariz de Campos,Tamariz de Campos,"41,9988662","-5,0078451"
47816,47086,3801,Palacios de Campos,Palacios de Campos,"41,8724689","-4,9558696"
47820,47197,1701,Villabragima,Villabragima,"41,8169992","-5,0911062"
47830,47164,1701,Tordehumos,Tordehumos,"41,8142141","-5,1536327"
47831,47125,1701,Pozuelo de la Orden,Pozuelo de la Orden,"41,8094892","-5,2579968"
47832,47029,1701,Cabreros del Monte,Cabreros del Monte,"41,8481832","-5,2788926"
47840,47207,1701,Villagarcia de Campos,Villagarcia de Campos,"41,7726556","-5,1953554"
47850,47220,1701,Villanueva Los Caballeros,Villanueva Los Caballeros,"41,773573","-5,2841177"
47851,47148,1701,San Pedro de Latarce,San Pedro de Latarce,"41,7366609","-5,3311652"
47860,47223,1701,Villardefrades,Villardefrades,"41,7343469","-5,2736679"
47862,47178,1701,Urueña,Urueña,"41,7329456","-5,1953554"
47870,47163,1701,Pobladura de Sotiedra,Pobladura de Sotiedra,"41,6515461","-5,2371087"
47880,47016,1701,Benafarces,Benafarces,"41,6240472","-5,2945694"
47882,47042,1701,Castromembibre,Castromembibre,"41,6827497","-5,3154784"
47883,47227,1701,Villavellid,Villavellid,"41,6946123","-5,2736679"
48001,48020,1701,Bilbao,Bilbao,"43,2637606","-2,9269593"
48002,48020,1701,Bilbao,Bilbao,"43,247748","-2,9625587"
48003,48011,4301,Peña (La),Brisketa,"43,2204714","-2,7330533"
48004,48020,1701,Bilbao,Bilbao,"43,2565916","-2,9001212"
48005,48020,1701,Bilbao,Bilbao,"43,2571974","-2,9238378"
48006,48020,1701,Bilbao,Bilbao,"43,2573881","-2,9163471"
48007,48020,1701,Bilbao,Bilbao,"43,2704503","-2,9250864"
48008,48020,1701,Bilbao,Bilbao,"43,2600098","-2,9319541"
48009,48020,1701,Bilbao,Bilbao,"43,2653647","-2,9350761"
48010,48020,1701,Bilbao,Bilbao,"43,2591661","-2,9413208"
48011,48020,1701,Bilbao,Bilbao,"43,2637592","-2,9399782"
48012,48020,1701,Bilbao,Bilbao,"43,2543346","-2,9413208"
48013,48020,1701,Bilbao,Bilbao,"43,2728848","-2,9713064"
48014,48020,1701,Bilbao,Bilbao,"43,2698106","-2,9500647"
48015,48020,1701,Bilbao,Bilbao,"43,2756613","-2,9101057"
48100,48069,4399,Emerando,*Diseminado*,"43,3542277","-2,8423947"
48110,48040,1799,Butron,*Diseminado*,"43,3653738","-2,8926342"
48111,48053,1799,Jose Antonio Agirre,*Diseminado*,"43,3453261","-2,9225893"
48112,48061,1799,Erbera,*Diseminado*,"43,3997368","-2,8676861"
48113,48038,1701,Elejalde,Elejalde,"43,3094712","-2,8128463"
48114,48010,1799,Agirre,*Diseminado*,"43,3443374","-2,7680247"
48115,48066,1701,Andra-Mari,Andra-Mari,"43,3057347","-2,7680247"
48116,48035,1701,Aldai,Aldai,"43,3196107","-2,7929203"
48120,48064,1799,Meñakabarrena,*Diseminado*,"43,3769998","-2,8128463"
48130,48012,1799,Artzalde,*Diseminado*,"43,4142989","-2,8132071"
48140,48006,1701,Zelaia,Zelaia,"43,1699083","-2,7879401"
48141,48026,1799,Arostegieta,*Diseminado*,"43,1136986","-2,7083287"
48142,48023,1799,Elejabeitia,*Diseminado*,"43,1259634","-2,8028823"
48143,48093,1799,Launzain,*Diseminado*,"43,1068249","-2,7929203"
48144,48024,1799,Altzusta,*Diseminado*,"43,0834307","-2,7580701"
48145,48088,1701,San Juan,San Juan,"43,0292348","-2,6909317"
48150,48904,1701,Basozabal,Basozabal,"43,297287","-2,9322924"
48160,48901,1701,Arteaga Derio,Arteaga Derio,"43,307738","-2,8826534"
48170,48901,2299,Aranoltza (San Antolin),*Diseminado*,"43,2891757","-2,8527235"
48180,48903,1701,Elotxelerri,Elotxelerri,"43,3166339","-2,9126022"
48190,48086,6901,El Castaño,El Castaño,"43,2567543","-3,1679257"
48191,48037,1701,La Aceña,La Aceña,"43,2584012","-3,1077277"
48192,48042,2201,Iratzagorria,Iratzagorria,"43,1622328","-3,0876783"
48194,48042,7501,Zaldu,Zaldu,"43,1782208","-3,0325855"
48195,48052,1799,Gaztelu,*Diseminado*,"43,2666198","-2,7879401"
48196,48081,1799,Goitioltza,*Diseminado*,"43,2800119","-2,8327807"
48200,48027,1701,Durango,Durango,"43,1592542","-2,6238895"
48210,48072,1701,Andaparaluzeta,Andaparaluzeta,"43,0422357","-2,6536742"
48212,48059,1701,Mañaria,Mañaria,"43,1340096","-2,6685736"
48213,48050,1799,Izurza,*Diseminado*,"43,1491142","-2,6437438"
48215,48910,101601,Bakixa,Bakixa,"43,1925642","-2,6487087"
48220,48001,1701,Abadiño-Zelaieta,Abadiño-Zelaieta,"43,1353794","-2,6090043"
48230,48032,1799,Berrio-Aldape,*Diseminado*,"43,1177753","-2,5296971"
48240,48019,1799,Andikoa,*Diseminado*,"43,1988732","-2,5842062"
48249,48019,3899,Eitua,*Diseminado*,"43,1720897","-2,5916443"
48250,48095,1701,Eitzaga,Eitzaga,"43,1711608","-2,5247449"
48260,48034,1701,Ermua,Ermua,"43,1911698","-2,4950428"
48269,48058,1799,Areitio,*Diseminado*,"43,2141612","-2,5495112"
48270,48060,105501,Markina-Xemein,Markina-Xemein,"43,2708946","-2,4975172"
48276,48060,101699,Larruskain-Amalloa,*Diseminado*,"43,2788365","-2,4653598"
48277,48030,1799,Altzaa,*Diseminado*,"43,2498449","-2,4653598"
48278,48060,102199,Barinaga,*Diseminado*,"43,2532774","-2,5296971"
48280,48057,1701,Lekeitio,Lekeitio,"43,3672101","-2,5074163"
48287,48028,1701,Bedaroa,Bedaroa,"43,3828245","-2,5643773"
48288,48049,1799,Barainka,*Diseminado*,"43,3494026","-2,5495112"
48289,48004,1701,Eleizalde,Eleizalde,"43,3308099","-2,5377377"
48291,48091,1701,Apatamonasterio,Apatamonasterio,"43,0970619","-2,5891648"
48292,48091,1701,Apatamonasterio,Apatamonasterio,"40,463667","-3,74922"
48300,48046,501201,Arana,Arana,"43,3123378","-2,6934166"
48309,48079,1799,Atxika-Errekalde,*Diseminado*,"43,3259935","-2,728219"
48310,48031,1701,Elantxobe,Elantxobe,"43,4075841","-2,6412616"
48311,48028,3801,Natxitua,Natxitua,"43,3908906","-2,6338156"
48312,48909,1701,Elexalde,Elexalde,"43,3245028","-2,5842062"
48313,48033,1799,Akorda-Bollar,*Diseminado*,"43,3509795","-2,6120304"
48314,48041,1799,Basetxeta,*Diseminado*,"43,3615085","-2,6536742"
48315,48907,1799,Basondo,*Diseminado*,"43,3330252","-2,6338156"
48320,48911,1799,Kanpantxu,*Diseminado*,"43,3033795","-2,6636066"
48330,48055,6901,Lemoa,Agarre,"43,2041405","-2,7730027"
48340,48003,2201,Amorebieta,Amorebieta,"43,2293933","-2,728219"
48348,48003,1799,Aldanas,*Diseminado*,"40,463667","-3,74922"
48350,48021,1701,Altamira-San Kristobal,Altamira-San Kristobal,"43,369521","-2,7232456"
48360,48068,1799,Arketas-Aranburu,*Diseminado*,"43,4059612","-2,7108146"
48370,48017,1701,Agirre,Agirre,"43,4026644","-2,7481176"
48380,48070,1701,Aulesti,Aulesti,"43,2914867","-2,5495112"
48381,48007,1701,Munitibar,Munitibar,"43,2708289","-2,6090043"
48382,48062,1799,Albiz,*Diseminado*,"43,2748644","-2,6437438"
48383,48914,2299,Barrutia,*Diseminado*,"43,3040673","-2,6338156"
48390,48092,1799,Barroeta,*Diseminado*,"43,2034144","-2,8028823"
48391,48067,1799,Gorozika,*Diseminado*,"43,2501312","-2,6685736"
48392,48067,3899,San Roman,*Diseminado*,"43,268527","-2,7083287"
48393,48906,1701,Baldatika,Baldatika,"43,3318741","-2,6834778"
48394,48908,1799,Murueta,*Diseminado*,"43,3608151","-2,6834778"
48395,48076,1799,Kanala,*Diseminado*,"43,3929161","-2,7021148"
48410,48075,1799,Arbaiza,*Diseminado*,"43,0705453","-2,8876436"
48419,48075,4301,Ibarra,Ibarra,"43,1098268","-2,8676861"
48450,48029,1701,Kukullaga,Kukullaga,"43,2570945","-2,8801585"
48460,48074,1799,Belandia,*Diseminado*,"43,0081817","-3,0476046"
48480,48011,1799,Aguirre,*Diseminado*,"43,2066495","-2,8676861"
48490,48065,2299,Markio,*Diseminado*,"43,1792265","-2,9001212"
48498,48005,1701,Arakaldo,Arakaldo,"43,16643","-2,9275836"
48499,48009,102101,Uribarri,Uribarri,"43,1490751","-2,847737"
48500,48002,101601,Abanto,Abanto,"43,3121887","-3,0826673"
48508,48913,1701,La Arena,La Arena,"43,3505098","-3,0926899"
48510,48080,2299,Durañona,*Diseminado*,"43,2942173","-3,0325855"
48520,48080,1701,Arboleda (La),Arboleda (La),"43,2816822","-3,0501082"
48530,48083,1701,Cadegal,Cadegal,"43,3129927","-3,052612"
48540,48002,201501,Carreras (Las),Carreras (Las),"43,3116481","-3,1027146"
48550,48071,1799,Cobaron,*Diseminado*,"43,3157925","-3,1277854"
48600,48085,1701,Moreaga,Moreaga,"43,382351","-2,9825559"
48610,48089,1701,Landa,Landa,"43,3641033","-2,9425698"
48620,48043,6999,Agirre-Areantza-Guzurmend,*Diseminado*,"43,4133094","-2,9026172"
48630,48043,3801,Elexalde,Elexalde,"43,4221791","-2,9325785"
48640,48016,1701,Baserri-Santa Ana,Baserri-Santa Ana,"43,3534272","-2,9825559"
48650,48014,1799,Elejalde,*Diseminado*,"43,4021426","-2,9625587"
48700,48073,1701,Ondarroa,Ondarroa,"43,32067","-2,428283"
48710,48018,1799,Asterrika,*Diseminado*,"43,3174658","-2,4653598"
48800,48090,1701,Balmaseda,Balmaseda,"43,1976343","-3,2080991"
48810,48912,1701,Alonsotegi,Alonsotegi,"43,2229325","-2,9875565"
48820,48045,2201,La Quadra,La Quadra,"43,2268494","-3,0225754"
48830,48045,4301,Sodupe,Sodupe,"43,2163849","-3,052612"
48840,48045,1701,Gueñes,Gueñes,"43,2153113","-3,0926899"
48850,48096,1701,Aranguren,Aranguren,"40,463667","-3,74922"
48860,48096,1701,Aranguren,Aranguren,"43,1993035","-3,1478514"
48869,48086,3899,Avellaneda,*Diseminado*,"40,463667","-3,74922"
48870,48086,1799,Alen,*Diseminado*,"40,463667","-3,74922"
48879,48008,1701,Gorgolas,Gorgolas,"43,2357466","-3,2281983"
48880,48087,2201,Cueto,Cueto,"43,2726783","-3,2885455"
48890,48022,5601,Biañez,Biañez,"43,23814","-3,3137121"
48891,48022,1701,Ahedo,Ahedo,"43,2211342","-3,3993751"
48895,48051,1701,Lanestosa,Lanestosa,"43,2211011","-3,4410005"
48901,48013,4301,San Vicente de Barakaldo,San Vicente de Barakaldo,"43,297878","-2,9850562"
48902,48013,4301,San Vicente de Barakaldo,San Vicente de Barakaldo,"43,2927896","-2,9950584"
48903,48013,3801,El Regato,El Regato,"43,2660332","-3,0025615"
48910,48084,1701,Sestao,Sestao,"43,3071403","-3,0000604"
48920,48078,1701,Portugalete,Portugalete,"43,3161351","-3,0250778"
48930,48044,2201,Las Arenas-Areeta,Las Arenas - Areeta,"43,3273535","-3,0113166"
48940,48054,1701,Artatza,Artatza,"43,3341353","-2,9825559"
48950,48902,1701,Altzaga,Altzaga,"43,3156121","-2,9525632"
48960,48036,1701,Agirre-Aperribai,Agirre-Aperribai,"43,226982","-2,8277963"
48970,48015,1701,Arizgoiti,Arizgoiti,"43,2301998","-2,8926342"
48980,48082,1799,Balparda,*Diseminado*,"43,3322919","-3,052612"
48990,48044,1701,Algorta,Algorta,"40,463667","-3,74922"
48991,48044,1701,Algorta,Algorta,"43,3552506","-3,0050628"
48992,48044,1701,Algorta,Algorta,"43,3407831","-3,0050628"
48993,48044,1701,Algorta,Algorta,"43,3716637","-3,0225754"
49001,49275,2201,Zamora,Zamora,"41,5006509","-5,751706"
49002,49275,2201,Zamora,Zamora,"41,5016356","-5,7444638"
49003,49275,2201,Zamora,Zamora,"41,5044882","-5,7434763"
49004,49275,2201,Zamora,Zamora,"41,5036022","-5,7487431"
49005,49275,2201,Zamora,Zamora,"41,5082575","-5,7490723"
49006,49275,2201,Zamora,Zamora,"41,5062254","-5,7461097"
49007,49275,2201,Zamora,Zamora,"41,5097005","-5,7451221"
49008,49275,2201,Zamora,Zamora,"41,5120612","-5,7415013"
49009,49275,2201,Zamora,Zamora,"41,5122577","-5,7438055"
49010,49275,2201,Zamora,Zamora,"41,5136347","-5,7411722"
49011,49275,2201,Zamora,Zamora,"41,5115698","-5,7388682"
49012,49275,2201,Zamora,Zamora,"41,5090783","-5,7388682"
49013,49275,2201,Zamora,Zamora,"41,5089798","-5,740843"
49014,49275,2201,Zamora,Zamora,"41,5072748","-5,7438055"
49015,49275,2201,Zamora,Zamora,"41,5058654","-5,740843"
49016,49275,2201,Zamora,Zamora,"41,5024886","-5,7398556"
49017,49275,2201,Zamora,Zamora,"41,5027511","-5,7345895"
49018,49275,2201,Zamora,Zamora,"41,5072425","-5,7382099"
49019,49275,2201,Zamora,Zamora,"41,5064231","-5,735906"
49020,49275,2201,Zamora,Zamora,"41,5078657","-5,7319567"
49021,49275,2201,Zamora,Zamora,"41,5093081","-5,7280076"
49022,49275,2201,Zamora,Zamora,"41,5253631","-5,6931356"
49023,49275,2201,Zamora,Zamora,"41,5216979","-5,7418305"
49024,49275,2201,Zamora,Zamora,"41,5245786","-5,758949"
49025,49275,2201,Zamora,Zamora,"41,5131713","-5,7629001"
49026,49275,2201,Zamora,Zamora,"41,5237522","-5,8248352"
49027,49275,2201,Zamora,Zamora,"41,4818242","-5,7668515"
49028,49275,2201,Zamora,Zamora,"41,4938978","-5,7247169"
49029,49275,2201,Zamora,Zamora,"41,5264179","-5,7220845"
49030,49275,2201,Zamora,Zamora,"41,5105538","-5,7342604"
49031,49275,2201,Zamora,Zamora,"41,5043885","-5,751706"
49032,49275,2201,Zamora,Zamora,"41,5143543","-5,751706"
49100,49260,1701,Villanueva del Campo,Villanueva del Campo,"41,9808985","-5,4044268"
49110,49043,1701,Castroverde de Campos,Castroverde de Campos,"41,9744366","-5,3311652"
49120,49119,1701,Molacillos,Molacillos,"41,5919045","-5,6563119"
49121,49121,2201,Mombuey,Mombuey,"41,5646814","-5,7036608"
49122,49222,1701,Torres del Carrizal,Torres del Carrizal,"41,6505466","-5,6773512"
49123,49022,1701,Benegiles,Benegiles,"41,6285289","-5,6195112"
49124,49016,1701,Aspariegos,Aspariegos,"41,6745469","-5,593239"
49125,49047,1701,Cerecinos del Carrizal,Cerecinos del Carrizal,"41,6766889","-5,6510533"
49126,49014,1701,Arquillinos,Arquillinos,"41,7331155","-5,6142558"
49127,49042,1701,Castronuevo de Los Arcos,Castronuevo de Los Arcos,"41,7267545","-5,5407299"
49128,49035,1701,Cañizo,Cañizo,"41,7778882","-5,509247"
49129,49190,1701,San Martin de Valderaduey,San Martin de Valderaduey,"41,818556","-5,4882679"
49130,49108,1701,Manganeses la Lampreana,Manganeses la Lampreana,"41,7582249","-5,7089241"
49131,49252,1701,Villamayor de Campos,Villamayor de Campos,"41,8990277","-5,3573194"
49132,49263,1701,Villar de Fallaves,Villar de Fallaves,"41,9245004","-5,3416255"
49133,49232,1701,Vega de Villalobos,Vega de Villalobos,"41,9750784","-5,4751597"
49134,49248,1701,Villalobos,Villalobos,"41,9373754","-5,4882679"
49135,49175,1701,Revellinos,Revellinos,"41,8937571","-5,5722297"
49136,49242,2201,Villafafila,Villafafila,"41,8333169","-5,593239"
49137,49242,1701,Otero de Sariegos,Otero de Sariegos,"41,7905813","-5,6563119"
49140,49214,1701,Tabara,Tabara,"41,8246768","-5,9621106"
49141,49063,1701,Faramontanos de Tabara,Faramontanos de Tabara,"41,859282","-5,8670405"
49142,49141,1701,Pajares de la Lampreana,Pajares de la Lampreana,"41,709119","-5,6983979"
49143,49155,1701,Piedrahita de Castro,Piedrahita de Castro,"41,6672891","-5,7405139"
49144,49186,2201,San Cebrian de Castro,San Cebrian de Castro,"41,7049117","-5,7826597"
49145,49153,1701,Encomienda (La),Encomienda (La),"41,7204921","-5,8670405"
49146,49138,2201,Navianos de Alba,Navianos de Alba,"41,7428665","-5,9145568"
49147,49138,1701,Marquiz de Alba,Marquiz de Alba,"41,715051","-5,9726832"
49148,49133,1701,Moreruela de Tabara,Moreruela de Tabara,"41,7893919","-5,8775964"
49149,49123,1701,Montamarta,Montamarta,"41,6431705","-5,8248352"
49150,49125,1701,Moraleja del Vino,Moraleja del Vino,"41,4576485","-5,6510533"
49151,49010,1701,Arcenillas,Arcenillas,"41,4314084","-5,6773512"
49152,49210,1701,Sanzoles,Sanzoles,"41,3914082","-5,8775964"
49153,49234,1701,Venialbo,Venialbo,"41,3976217","-5,551228"
49154,49146,1701,Pego (El),Pego (El),"41,3416758","-5,4672962"
49155,49024,1701,Boveda de Toro (La),Boveda de Toro (La),"41,3341509","-5,4149003"
49156,49093,1701,Guarrate,Guarrate,"41,2959147","-5,4830243"
49157,49103,1701,Bamba,Bamba,"41,455484","-5,593239"
49158,49245,1701,Villalazan,Villalazan,"41,4963976","-5,5722297"
49159,49261,1701,Villaralbo,Cabañas (Las),"41,4912597","-5,6773512"
49160,49036,1701,Carbajales de Alba,Carbajales de Alba,"41,6543617","-5,9938339"
49161,49202,1701,Losilla,Losilla,"41,6786096","-5,9092754"
49162,49009,1701,Andavias,Andavias,"41,6012478","-5,8670405"
49163,49111,1701,Manzanal del Barco,Manzanal del Barco,"41,6325309","-5,9356872"
49164,49135,1701,Cerezal de Aliste,Cerezal de Aliste,"41,5924947","-6,0361574"
49165,49135,3801,Ricobayo de Alba,Ricobayo de Alba,"41,5549041","-5,9938339"
49166,49247,1701,Carbajosa,Carbajosa,"41,5316643","-6,0573302"
49167,49135,2201,Muelas del Pan,Muelas del Pan,"41,5172668","-5,9515399"
49170,49151,3801,Tardobispo,Tardobispo,"41,4450618","-5,8037437"
49171,49152,7501,Pueblica de Campean,Pueblica de Campean,"41,4187818","-5,8301092"
49172,49152,4301,Enillas (Las),Enillas (Las),"41,398281","-5,8406587"
49173,49152,11501,Tuda (La),Tuda (La),"41,3641252","-5,8248352"
49174,49077,2201,Mogatar,Mogatar,"41,3598216","-5,9092754"
49176,49149,3801,Tamame,Tamame,"41,3256547","-5,8934338"
49177,49005,1701,Alfaraz de Sayago,Alfaraz de Sayago,"41,2270664","-5,9621106"
49178,49149,2201,Peñausende,Peñausende,"41,2714526","-5,8775964"
49180,49007,1701,Almaraz de Duero,Almaraz de Duero,"41,4795828","-5,9092754"
49181,49269,1701,Villaseco del Pan,Villaseco del Pan,"41,4752085","-5,9938339"
49182,49194,3801,Valdeperdices,Valdeperdices,"41,5744815","-5,9039944"
49183,49194,1701,Almendra,Almendra,"41,5922049","-5,9462552"
49190,49127,1701,Morales del Vino,Morales del Vino,"41,4435069","-5,7352478"
49191,49044,1701,Cazurra,Cazurra,"41,3925072","-5,6563119"
49192,49095,1701,Hiniesta (La),Hiniesta (La),"41,5646533","-5,8037437"
49193,49275,1701,Carrascal,Carrascal,"41,4797033","-5,8090159"
49200,49023,1701,Bermillo de Sayago,Bermillo de Sayago,"41,3687398","-6,1208926"
49210,49008,1701,Almeida de Sayago,Almeida de Sayago,"41,2510148","-6,0785104"
49211,49023,7501,Villamor de Cadozos,Villamor de Cadozos,"41,2559461","-6,1739116"
49212,49136,1701,Muga de Sayago,Muga de Sayago,"41,3630482","-6,2269763"
49213,49064,3801,Fariza,Fariza,"41,3995123","-6,2907139"
49214,49064,1701,Badilla,Badilla,"41,4605158","-6,2694608"
49215,49023,8101,Villamor de la Ladre,Villamor de la Ladre,"41,4274983","-6,1420947"
49216,49023,5601,Piñuel,Piñuel,"41,3449068","-6,0044121"
49220,49065,1701,Fermoselle,Fermoselle,"41,313757","-6,3970884"
49230,49264,1701,Cibanal,Cibanal,"41,3396048","-6,2907139"
49231,49264,6901,Pinilla de Fermoselle,Pinilla de Fermoselle,"41,3748663","-6,375799"
49232,49264,5601,Fornillos de Fermoselle,Fornillos de Fermoselle,"41,357248","-6,333242"
49240,49264,2201,Pasariegos,Pasariegos,"41,3007904","-6,2694608"
49250,49240,1701,Villadepera,Villadepera,"41,5459459","-6,1633042"
49251,49012,1701,Argañin,Argañin,"41,4440304","-6,2057449"
49252,49221,1701,Torregamones,Torregamones,"41,4827575","-6,2269763"
49253,49131,1701,Moralina,Moralina,"41,4925872","-6,1367935"
49254,49124,1701,Moral de Sayago,Moral de Sayago,"41,451941","-6,0573302"
49255,49023,3801,Fresnadillo,Fresnadillo,"41,4120364","-6,0573302"
49260,49023,2201,Fadon,Fadon,"41,3995619","-6,0097018"
49270,49152,10801,Sogo,Sogo,"41,3912311","-5,9779702"
49271,49152,3801,Cernecina,Cernecina,"41,3705409","-5,943613"
49272,49152,2201,Arcillo,Arcillo,"41,4175565","-5,9515399"
49280,49152,6901,Pereruela,Pereruela,"41,4208171","-5,8881542"
49281,49152,8101,San Roman de Los Infantes,San Roman de Los Infantes,"41,4665188","-5,8723182"
49300,49166,2201,Puebla de Sanabria,Puebla de Sanabria,"42,0501094","-6,6264034"
49310,49121,2201,Mombuey,Mombuey,"42,0269324","-6,33856"
49317,49048,4301,Valdemerilla,Valdemerilla,"42,0495249","-6,375799"
49318,49121,1701,Fresno de la Carballeda,Fresno de la Carballeda,"42,0356608","-6,2694608"
49319,49112,1701,Donadillo,Donadillo,"42,0727708","-6,3119743"
49320,49143,1701,Otero de Sanabria,Otero de Sanabria,"42,0531824","-6,5730004"
49321,49143,3801,Remesal,Remesal,"42,0821326","-6,5836774"
49322,49143,2201,Palacios de Sanabria,Palacios de Sanabria,"42,0411369","-6,5249759"
49323,49181,3801,Doney de la Requejada,Doney de la Requejada,"42,158107","-6,5463156"
49324,49017,6901,Villar de Los Pisones,Villar de Los Pisones,"42,1211687","-6,5036433"
49325,49017,1701,Asturianos,Asturianos,"42,0262329","-6,4396888"
49326,49177,1701,Rionegro del Puente,Rionegro del Puente,"42,0182425","-6,2269763"
49327,49057,1701,Cubo de Benavente,Cubo de Benavente,"42,090139","-6,1739116"
49330,49177,4301,Villar de Farfon,Villar de Farfon,"42,0019405","-6,1633042"
49331,49032,1701,Calzadilla de Tera,Calzadilla de Tera,"41,9844636","-6,1208926"
49332,49033,2201,Camarzana de Tera,Camarzana de Tera,"42,0045948","-6,0202827"
49333,49167,1701,Bercianos de Valverde,Bercianos de Valverde,"41,9340832","-5,9515399"
49334,49066,2201,Litos,Litos,"41,8912181","-6,014992"
49335,49066,1701,Ferreras de Abajo,Ferreras de Abajo,"41,8949492","-6,1314928"
49336,49139,1701,Otero de Bodas,Otero de Bodas,"41,9426798","-6,1633042"
49337,49067,2201,Villanueva de Valrojo,Villanueva de Valrojo,"41,9392437","-6,2269763"
49340,49097,1701,Justel,Justel,"42,1527331","-6,2907139"
49341,49062,6901,Vega del Castillo,Vega del Castillo,"42,1688962","-6,3545169"
49342,49062,2201,Espadañedo,Espadañedo,"42,1432663","-6,4609998"
49343,49097,3801,Villalverde,Villalverde,"42,1365231","-6,2269763"
49344,49134,1701,Donado,Donado,"42,1341561","-6,3598367"
49345,49062,5601,Utrera de la Encomienda,Utrera de la Encomienda,"42,1045592","-6,4050738"
49346,49062,4301,Letrillas,Letrillas,"42,1036661","-6,4210475"
49347,49062,1701,Carbajales la Encomienda,Carbajales la Encomienda,"42,0831355","-6,3917654"
49348,49017,5601,Rioconejos,Rioconejos,"42,0894093","-6,4556713"
49349,49181,1701,Anta de Rioconejos,Anta de Rioconejos,"42,0783549","-6,4769877"
49350,49085,6901,Puente (El),Puente (El),"42,0859775","-6,645105"
49352,49085,4301,Moncabril,Moncabril,"42,129993","-6,7761686"
49357,49179,8101,Valdespino,Valdespino,"42,0993709","-6,6264034"
49358,49189,1701,Barrio de Rabano,Barrio de Rabano,"42,1544313","-6,6103778"
49359,49189,5601,San Ciprian,San Ciprian,"42,1703876","-6,6745042"
49360,49085,1701,Cubelo,Cubelo,"42,1084221","-6,6825245"
49361,49085,5601,Pedrazales,Pedrazales,"42,1482166","-6,7172907"
49362,49085,8101,Ribadelago,Ribadelago,"42,1128323","-6,733343"
49390,49166,1701,Castellanos,Castellanos,"42,0704363","-6,6157192"
49391,49145,4301,Rihonor de Castilla,Rihonor de Castilla,"41,9560791","-6,6317461"
49392,49145,1701,Calabor,Calabor,"41,991834","-6,6958939"
49393,49166,3801,Robledo,Robledo,"41,998023","-6,5890166"
49394,49050,8101,San Martin del Terroso,San Martin del Terroso,"42,0170271","-6,7708138"
49395,49050,5601,Limianos de Sanabria,Limianos de Sanabria,"42,0904099","-6,6958939"
49396,49050,1701,Avedillo de Sanabria,Avedillo de Sanabria,"42,0660951","-6,6905458"
49400,49081,1701,Fuentesauco,Fuentesauco,"41,2405993","-5,4882679"
49410,49080,1701,Fuentelapeña,Fuentelapeña,"41,245542","-5,3834854"
49419,49040,1701,Castrillo de la Guareña,Castrillo de la Guareña,"41,2331881","-5,3259358"
49420,49226,1701,Vadillo de la Guareña,Vadillo de la Guareña,"41,2875442","-5,3416255"
49430,49241,1701,Villaescusa,Villaescusa,"41,2025068","-5,4463322"
49440,49034,1701,Cañizal,Cañizal,"41,1758669","-5,3730176"
49450,49230,1701,Olmo de la Guareña,Olmo de la Guareña,"41,1481958","-5,3207069"
49500,49003,1701,Alcañices,Alcañices,"41,6945696","-6,3545169"
49510,49071,2201,Bermillo de Alba,Bermillo de Alba,"41,6266587","-6,1420947"
49511,49071,3801,Brandilanes,Brandilanes,"41,6086144","-6,2004383"
49512,49071,5601,Ceadea,Ceadea,"41,7015529","-6,2269763"
49513,49071,7501,Fornillos de Aliste,Fornillos de Aliste,"41,665269","-6,1633042"
49514,49003,4301,Vivinera,Vivinera,"41,5880149","-6,1208926"
49515,49173,1701,Rabano de Aliste,Rabano de Aliste,"41,7295123","-6,4396888"
49516,49223,1701,Latedo,Latedo,"41,7457403","-6,5036433"
49517,49003,2201,Alcorcillo,Alcorcillo,"41,7679719","-6,4609998"
49518,49003,3801,Santa Ana,Santa Ana,"41,6874291","-6,482318"
49519,49172,1701,Fradellos,Fradellos,"41,7377677","-6,2907139"
49520,49069,1701,Figueruela de Abajo,Figueruela de Abajo,"41,8879657","-6,4396888"
49521,49069,4301,Gallegos del Campo,Gallegos del Campo,"41,865785","-6,482318"
49522,49104,2201,Mahide,Mahide,"41,854317","-6,333242"
49523,49209,2201,San Cristobal de Aliste,San Cristobal de Aliste,"41,7937312","-6,3545169"
49524,49209,1701,Poyo (El),Poyo (El),"41,8075996","-6,4609998"
49525,49173,4301,Tola,Tola,"41,7482467","-6,3704778"
49530,49053,1701,Coreses,Coreses,"41,5342205","-5,6142558"
49539,49006,1701,Algodre,Algodre,"41,596008","-5,5722297"
49540,49068,1701,Escober de Tabara,Escober de Tabara,"41,7536392","-5,9938339"
49541,49098,2201,Losacino,Losacino,"41,6844021","-6,0838065"
49542,49087,1701,Domez,Domez,"41,7072527","-6,1208926"
49543,49098,1701,Castillo de Alba,Castillo de Alba,"41,6662151","-6,0520363"
49550,49068,2201,Ferreruela de Tabara,Ferreruela de Tabara,"41,7888507","-6,0785104"
49559,49087,2201,Flores,Flores,"41,7446737","-6,1633042"
49560,49104,4301,S Pedro de Las Herrerias,S Pedro de Las Herrerias,"41,9037442","-6,3784598"
49561,49104,1701,Boya,Boya,"41,9270183","-6,3598367"
49562,49262,3801,Villardeciervos,Villardeciervos,"41,9357685","-6,2907139"
49563,49262,1701,Cional,Cional,"41,95319","-6,333242"
49570,49100,5601,Lubian,Lubian,"42,0435381","-6,9048148"
49571,49094,1701,Castrelos,Castrelos,"42,0053961","-6,8833562"
49572,49094,2201,Castromil,Castromil,"41,960678","-6,8887202"
49573,49100,2201,Chanos,Chanos,"42,0507974","-6,9477532"
49574,49100,1701,Aciberos,Aciberos,"42,0421484","-6,8458204"
49580,49154,2201,Pias,Pias,"42,0724828","-6,9960925"
49582,49154,1701,Barjacoba,Barjacoba,"42,1197207","-6,9477532"
49583,49162,1701,Porto,Porto,"42,1694753","-6,8565427"
49590,49076,1701,Fresno de la Ribera,Fresno de la Ribera,"41,5362633","-5,5722297"
49591,49176,1701,Abejera,Abejera,"41,8134884","-6,1739116"
49592,49176,2201,Cabañas de Aliste,Cabañas de Aliste,"41,8088918","-6,2588369"
49593,49110,3801,Linarejos,Linarejos,"41,9424488","-6,5249759"
49594,49110,1701,Codesal,Codesal,"41,957741","-6,429036"
49600,49021,1701,Benavente,Benavente,"42,0072522","-5,6773512"
49610,49018,3899,Congosta,*Diseminado*,"42,0736581","-6,0202827"
49618,49079,1701,Fuente Encalada,Fuente Encalada,"42,0909328","-5,9726832"
49619,49018,1701,Ayoo de Vidriales,Ayoo de Vidriales,"42,1340769","-6,0891032"
49620,49200,1701,Sta Cristina la Polvorosa,Sta Cristina la Polvorosa,"42,0041122","-5,7405139"
49621,49092,2201,Granucillo,Granucillo,"42,033949","-5,9304039"
49622,49028,1701,Brime de Urz,Brime de Urz,"42,0372048","-5,8670405"
49623,49171,1701,Colinas de Trasmonte,Colinas de Trasmonte,"42,0009339","-5,8037437"
49624,49117,1701,Abraveses de Tera,Abraveses de Tera,"41,9779624","-5,8670405"
49625,49205,1701,Santibañez de Tera,Santibañez de Tera,"41,9799194","-5,9251211"
49626,49033,4301,Santa Marta de Tera,Santa Marta de Tera,"41,9703071","-6,014992"
49627,49033,1701,Cabañas de Tera,Cabañas de Tera,"42,0226664","-6,0520363"
49628,49193,1701,San Pedro de Ceque,San Pedro de Ceque,"42,0436813","-6,1208926"
49629,49027,1701,Brime de Sog,Brime de Sog,"42,0621273","-6,0520363"
49630,49250,1701,Villalpando,Villalpando,"41,8121219","-5,4149003"
49638,49165,1701,Prado,Prado,"41,9205769","-5,4253757"
49639,49055,1701,Cotanes del Monte,Cotanes del Monte,"41,8651","-5,3416255"
49640,49046,1701,Cerecinos de Campos,Cerecinos de Campos,"41,8977979","-5,4882679"
49650,49188,1701,San Esteban del Molar,San Esteban del Molar,"41,9343506","-5,551228"
49660,49041,1701,Castrogonzalo,Castrogonzalo,"41,9708354","-5,6142558"
49670,49082,1701,Fuentes de Ropel,Fuentes de Ropel,"42,0124006","-5,5722297"
49680,49192,1701,San Miguel del Valle,San Miguel del Valle,"42,0351876","-5,509247"
49690,49187,1701,S Cristobal de Entreviñas,S Cristobal de Entreviñas,"42,0477795","-5,6563119"
49691,49187,2201,San Miguel del Esla,San Miguel del Esla,"42,0643874","-5,6195112"
49692,49113,1701,Matilla de Arzon,Matilla de Arzon,"42,1033218","-5,6300233"
49693,49075,1701,Fresno de la Polvorosa,Fresno de la Polvorosa,"42,0612191","-5,7826597"
49694,49109,1701,Manganeses la Polvorosa,Manganeses la Polvorosa,"42,0378752","-5,7563151"
49695,49243,1701,Villaferrueña,Villaferrueña,"42,0917225","-5,8617632"
49696,49004,1701,Alcubilla de Nogales,Alcubilla de Nogales,"42,1150116","-5,8881542"
49697,49130,1701,Morales de Valverde,Morales de Valverde,"41,9384313","-5,8670405"
49698,49026,1701,Bretocino,Bretocino,"41,9020867","-5,8037437"
49699,49011,1701,Arcos de la Polvorosa,Arcos de la Polvorosa,"41,946922","-5,6983979"
49700,49054,1701,Corrales del Vino,Corrales del Vino,"41,3541582","-5,7247169"
49706,49054,2201,Fuente El Carnero,Fuente El Carnero,"41,3094288","-5,7194522"
49707,49197,1701,Santa Clara de Avedillo,Santa Clara de Avedillo,"41,3467677","-5,6720907"
49708,49038,1701,Casaseca de Campean,Casaseca de Campean,"41,3673081","-5,761583"
49709,49031,1701,Cabañas de Sayago,Cabañas de Sayago,"41,3294122","-5,8195616"
49710,49058,1701,Cubo Tierra del Vino (El),Cubo Tierra del Vino (El),"41,2493844","-5,7194522"
49714,49084,1701,Fuentespreadas,Fuentespreadas,"41,333579","-5,6352801"
49715,49158,1701,Piñero (El),Piñero (El),"41,3703577","-5,5984925"
49716,49013,1701,Argujillo,Argujillo,"41,2966375","-5,5722297"
49717,49059,1701,Cuelgamures,Cuelgamures,"41,3366469","-5,5722297"
49718,49115,1701,Mayalde,Mayalde,"41,2451684","-5,8037437"
49719,49102,1701,Maderal (El),Maderal (El),"41,2555813","-5,593239"
49720,49151,1701,Perdigon (El),Perdigon (El),"41,4025298","-5,7563151"
49721,49061,1701,Entrala,Entrala,"41,4419277","-5,7668515"
49722,49151,2201,San Marcial,San Marcial,"41,4004139","-5,798472"
49730,49056,1701,Cubillos,Cubillos,"41,5866797","-5,761583"
49731,49132,1701,Moreruela Los Infanzones,Moreruela Los Infanzones,"41,6285749","-5,7194522"
49740,49091,1701,Granja de Moreruela,Granja de Moreruela,"41,8051799","-5,761583"
49741,49091,2201,Tabla (La),Tabla (La),"41,8312785","-5,71024"
49742,49108,2201,Riego del Camino,Riego del Camino,"41,7655175","-5,761583"
49743,49186,1701,Fontanillas de Castro,Fontanillas de Castro,"41,749313","-5,78793"
49750,49207,1701,Santovenia,Santovenia,"41,8677702","-5,6983979"
49751,49025,1701,Breto,Breto,"41,8656737","-5,7405139"
49760,49019,1701,Barcial del Barco,Barcial del Barco,"41,9265746","-5,6697459"
49770,49238,2201,Villabrazaro,Villabrazaro,"42,0493235","-5,7247169"
49780,49159,1701,Pobladura del Valle,Pobladura del Valle,"42,1084965","-5,7247169"
49781,49220,1701,Paladinos del Valle,Paladinos del Valle,"42,0898275","-5,7036608"
49782,49238,1701,San Roman del Valle,San Roman del Valle,"42,0701031","-5,7036608"
49783,49052,1701,Coomonte,Coomonte,"42,1146503","-5,798472"
49800,49219,1701,Azucarera (La),Azucarera (La),"41,5222976","-5,3924447"
49810,49129,1701,Morales de Toro,Morales de Toro,"41,5292014","-5,2997959"
49820,49219,5601,Toro,Toro,"41,3846249","-5,4044268"
49830,49020,1701,Belver de Los Montes,Belver de Los Montes,"41,7327487","-5,4149003"
49831,49030,1701,Bustillo del Oro,Bustillo del Oro,"41,6763801","-5,4515725"
49832,49107,1701,Malva,Malva,"41,658722","-5,509247"
49833,49083,1701,Fuentesecas,Fuentesecas,"41,6199449","-5,4882679"
49834,49002,1701,Abezames,Abezames,"41,637602","-5,4306141"
49835,49163,1701,Pozoantiguo,Pozoantiguo,"41,5821287","-5,4463322"
49836,49219,4301,Tagarabuena,Tagarabuena,"41,5462249","-5,3625516"
49840,49235,1701,Vezdemarban,Vezdemarban,"41,6656544","-5,3625516"
49850,49156,1701,Pinilla de Toro,Pinilla de Toro,"41,6258735","-5,3625516"
49860,49249,1701,Villalonso,Villalonso,"41,5889709","-5,2997959"
49870,49270,1701,Villavendimio,Villavendimio,"41,5823013","-5,3363951"
49871,49267,1701,Villardondiego,Villardondiego,"41,5850862","-5,3834854"
49880,49147,1701,Peleagonzalo,Peleagonzalo,"40,463667","-3,74922"
49881,49219,3801,Monte la Reina,Monte la Reina,"41,5298338","-5,4987565"
49882,49228,1701,Valdefinjas,Valdefinjas,"41,4268512","-5,4620545"
50001,50297,17301,Zaragoza,Zaragoza,"41,6489683","-0,8782392"
50002,50297,17301,Zaragoza,Zaragoza,"41,6429234","-0,8532168"
50003,50297,17301,Zaragoza,Zaragoza,"41,6612847","-0,8973142"
50004,50297,17301,Zaragoza,Zaragoza,"41,6513698","-0,89016"
50005,50297,17301,Zaragoza,Zaragoza,"41,6463285","-0,8973142"
50006,50297,17301,Zaragoza,Zaragoza,"41,6363925","-0,8925446"
50007,50297,17301,Zaragoza,Zaragoza,"41,537857","-0,8865834"
50008,50297,17301,Zaragoza,Zaragoza,"41,641489","-0,8782392"
50009,50297,17301,Zaragoza,Zaragoza,"41,640049","-0,9032769"
50010,50297,17301,Zaragoza,Zaragoza,"41,6537699","-0,9020843"
50011,50297,14101,Venta del Olivar,Colonia San Lamberto,"41,6670654","-0,9533984"
50012,50297,17301,Zaragoza,Zaragoza,"41,6323601","-0,9295234"
50013,50297,2299,Cartuja Baja,Diseminado,"41,622974","-0,8532168"
50014,50297,17301,Zaragoza,Zaragoza,"41,6627946","-0,8627473"
50015,50297,5601,Juslibol,Juslibol,"41,692694","-0,8627473"
50016,50297,17301,Zaragoza,Zaragoza,"41,6656834","-0,8079772"
50017,50297,17301,Zaragoza,Zaragoza,"41,6499463","-0,9128192"
50018,50297,17301,Zaragoza,Zaragoza,"41,6725454","-0,8913523"
50019,50297,17301,Zaragoza,Zaragoza,"41,5869389","-0,9916274"
50020,50297,17302,Zaragoza,Urbanizacion Peña Zorongo,"41,7622516","-0,8818151"
50021,50297,17301,Zaragoza,Zaragoza,"41,6152944","-0,8794311"
50057,50297,17301,Zaragoza,Zaragoza,"41,5252652","-1,593546"
50059,50297,7501,Montañana,Barrio de Las Flores,"41,7030033","-0,815117"
50100,50025,1701,Almunia Doña Godina (La),Almunia Doña Godina (La),"41,4633038","-1,3565692"
50108,50024,1701,Almonacid de la Sierra,Almonacid de la Sierra,"41,4237185","-1,3180042"
50109,50026,1701,Alpartir,Alpartir,"41,4230436","-1,3758649"
50120,50297,1701,Alfocea,Alfocea,"41,7118646","-0,9581751"
50130,50045,1701,Belchite,Belchite,"41,3387259","-0,7342734"
50131,50136,1701,Lecera,Lecera,"41,1782807","-0,6962853"
50132,50085,1701,Codo,Codo,"41,3440599","-0,682049"
50133,50023,1701,Almonacid de la Cuba,Almonacid de la Cuba,"41,2879872","-0,8198775"
50134,50133,1701,Lagata,Lagata,"41,2076329","-0,8198775"
50135,50115,2201,Roden,Roden,"41,458933","-0,7342734"
50136,50139,1701,Letux,Letux,"41,2430336","-0,7865655"
50137,50218,1701,Puebla de Alborton,Puebla de Alborton,"41,3780416","-0,8484524"
50138,50275,1701,Valmadrid,Valmadrid,"41,457864","-0,8865834"
50139,50297,13601,Torrecilla de Valmadrid,Torrecilla de Valmadrid,"41,4882311","-0,8389252"
50140,50039,1701,Azuara,Azuara,"41,2570763","-0,9247501"
50141,50131,1701,Jaulin,Jaulin,"41,4271451","-0,9725085"
50142,50114,1701,Fuendetodos,Fuendetodos,"41,3473086","-0,9342973"
50143,50179,1701,Moyuela,Moyuela,"41,1364372","-0,9247501"
50144,50171,1701,Moneva,Moneva,"41,1372955","-0,810357"
50150,50124,1701,Herrera de Los Navarros,Herrera de Los Navarros,"41,2155665","-1,0777723"
50151,50149,1701,Luesma,Luesma,"41,1646508","-1,1448981"
50152,50167,1799,Ayles,Diseminado,"41,416198","-1,0777723"
50153,50290,1701,Villanueva de Huerva,Villanueva de Huerva,"41,3768187","-1,0011902"
50154,50264,1701,Tosos,Tosos,"41,2955416","-1,1161166"
50155,50005,1701,Aguilon,Aguilon,"41,2864752","-1,0107552"
50156,50291,1701,Villar de Los Navarros,Villar de Los Navarros,"41,1659013","-1,0107552"
50160,50137,1701,Leciñena,Leciñena,"41,8188552","-0,5825359"
50161,50206,1701,Perdiguera,Perdiguera,"41,7390707","-0,6204165"
50162,50903,1701,Villamayor de Gállego,Villamayor de Gállego,"41,698565","-0,7342734"
50163,50104,1701,Farlete,Farlete,"41,699616","-0,5446912"
50164,50170,1701,Monegrillo,Monegrillo,"41,640354","-0,4125181"
50170,50165,1701,Mequinenza,Mequinenza,"41,3208481","0,1869644"
50171,50219,1701,Puebla de Alfinden (La),Puebla de Alfinden (La),"41,6336763","-0,7485282"
50172,50017,1701,Alfajarin,Alfajarin,"41,619262","-0,658333"
50173,50193,1701,Nuez de Ebro,Nuez de Ebro,"41,5841922","-0,682049"
50174,50285,1701,Villafranca de Ebro,Villafranca de Ebro,"41,569807","-0,5730713"
50175,50199,1701,Aguilar de Ebro,Aguilar de Ebro,"41,5248727","-0,5683399"
50177,50059,1701,Bujaraloz,Bujaraloz,"41,4611936","-0,1307797"
50178,50022,1701,Almolda (La),Almolda (La),"41,5410056","-0,2432307"
50180,50272,1701,Utebo,Utebo,"41,7115407","-0,9964085"
50190,50297,4301,Garrapinillos,Barriada del Cuenco,"41,6560013","-1,0777723"
50191,50297,5601,Juslibol,Juslibol,"41,8159798","-1,0011902"
50193,50297,10801,Peñaflor,Barrio de la Salitreria,"41,7680756","-0,762788"
50194,50297,9401,Movera,Cazuelo (El),"41,6481513","-0,8198775"
50195,50203,1701,Alfranca (La),Alfranca (La),"41,1000605","-1,5111806"
50196,50182,1701,Alto de la Muela,Alto de la Muela,"41,5758184","-1,1161166"
50197,50297,4399,Garrapinillos,Diseminado,"41,6416088","-1,0155385"
50200,50038,1701,Ateca,Ateca,"41,3370218","-1,8025852"
50210,50192,2201,Monasterio de Piedra,Monasterio de Piedra,"41,2171842","-1,7636181"
50211,50076,1701,Castejon de Las Armas,Castejon de Las Armas,"41,3016915","-1,8172069"
50212,50072,1701,Carenas,Carenas,"41,256758","-1,8025852"
50213,50082,1701,Cimballa,Cimballa,"41,1265357","-1,7733566"
50214,50071,1701,Campillo de Aragon,Campillo de Aragon,"41,1355316","-1,8415871"
50215,50178,1701,Moros,Moros,"41,3965285","-1,8415871"
50216,50287,1701,Villalengua,Villalengua,"41,4210102","-1,8757422"
50217,50263,1701,Torrijo de la Cañada,Torrijo de la Cañada,"41,4858005","-1,8903882"
50219,50183,1701,Munebrega,Munebrega,"41,2579471","-1,7246856"
50220,50034,1701,Ariza,Ariza,"41,3229234","-2,0469151"
50227,50246,1701,Sisamon,Sisamon,"41,1728269","-2,0175242"
50228,50065,1701,Cabolafuente,Cabolafuente,"41,2126864","-2,037116"
50229,50054,1701,Bordalba,Bordalba,"41,4125716","-2,0763253"
50230,50020,1701,Alhama de Aragon,Alhama de Aragon,"41,3004371","-1,8952713"
50236,50125,1701,Ibdes,Ibdes,"41,215968","-1,8415871"
50237,50129,1701,Jaraba,Jaraba,"41,1949215","-1,900155"
50238,50070,1701,Calmarza,Calmarza,"41,1543807","-1,9196949"
50239,50058,1701,Bubierca,Bubierca,"41,3357775","-1,8806237"
50240,50066,2201,Colinas (Las),Colinas (Las),"41,4806128","-1,5693045"
50246,50057,1701,Brea de Aragon,Brea de Aragon,"41,5252652","-1,593546"
50247,50177,2201,Purroy,Purroy,"41,4760684","-1,5353893"
50248,50243,1701,Sestrica,Sestrica,"41,4950101","-1,612949"
50249,50243,1701,Sestrica,Sestrica,"41,4795315","-1,6469253"
50250,50126,1701,Illueca,Illueca,"41,5347142","-1,6323607"
50257,50121,1701,Gotor,Gotor,"41,5444276","-1,6517812"
50258,50130,1701,Jarque,Jarque,"41,5687597","-1,6955092"
50259,50031,1701,Aranda de Moncayo,Aranda de Moncayo,"41,6069061","-1,8123324"
50260,50175,2201,Morata de Jalon,Morata de Jalon,"41,4418714","-1,4724751"
50266,50032,1701,Arandiga,Arandiga,"41,5216284","-1,4918235"
50267,50166,1701,Mesones de Isuela,Mesones de Isuela,"41,5807906","-1,5499211"
50268,50069,1701,Calcena,Calcena,"41,6491405","-1,6566377"
50269,50093,1701,Chodes,Chodes,"41,6002246","-1,5886966"
50270,50225,1701,Ricla,Ricla,"41,5324759","-1,4241426"
50280,50068,1701,Calatorao,Calatorao,"41,5239626","-1,2987349"
50290,50099,1701,Epila,Epila,"41,5746462","-1,2313618"
50291,50172,2201,Monreal de Ariza,Monreal de Ariza,"41,2915961","-2,1155691"
50292,50081,1701,Cetina,Cetina,"41,2440079","-1,9685826"
50293,50253,1701,Azucarera,Azucarera,"41,3382113","-1,7246856"
50294,50146,1701,Berbedel,Berbedel,"41,5588746","-1,3035514"
50295,50150,1701,Lumpiaque,Lumpiaque,"41,6531727","-1,3469247"
50296,50044,1701,Bardallur,Bardallur,"41,6844682","-1,2217459"
50297,50043,1701,Barboles,Barboles,"41,7197829","-1,1785016"
50298,50209,1701,Pinseque,Pinseque,"41,7256571","-1,0873551"
50299,50067,2299,Campiel,Diseminado,"41,4400621","-1,6080974"
50300,50067,1701,Calatayud,Calatayud,"41,3599416","-1,6080974"
50310,50293,1701,Villarroya de la Sierra,Villarroya de la Sierra,"41,4876579","-1,7733566"
50311,50257,1701,Torralba de Ribota,Torralba de Ribota,"41,4189346","-1,685788"
50312,50079,1701,Cervera de la Cañada,Cervera de la Cañada,"41,4180678","-1,7441475"
50313,50029,1701,Aniñon,Aniñon,"41,4786848","-1,7052325"
50314,50084,1701,Clares de Ribota,Clares de Ribota,"41,53656","-1,8415871"
50315,50155,1701,Malanquilla,Malanquilla,"41,5758742","-1,8806237"
50316,50047,1701,Berdejo,Berdejo,"41,5650845","-1,9294681"
50320,50110,2201,Frasno (El),Frasno (El),"41,401577","-1,4918235"
50321,50110,4301,Pietas,Pietas,"40,463667","-3,74922"
50322,50110,1701,Aluenda,Aluenda,"41,3961265","-1,5257042"
50323,50110,3801,Inoges,Inoges,"41,3768434","-1,4676394"
50324,50236,1799,Aldehuela Sta. Cruz (La),Diseminado,"41,3825163","-1,4144827"
50325,50255,1701,Tobed,Tobed,"41,3426616","-1,3951694"
50326,50086,1701,Codos,Codos,"41,2926251","-1,3855161"
50330,50169,1701,Miedes de Aragon,Miedes de Aragon,"41,2415969","-1,4531355"
50331,50162,1701,Mara,Mara,"41,3015836","-1,4724751"
50332,50046,1701,Belmonte de Gracian,Belmonte de Gracian,"41,3211466","-1,5111806"
50333,50286,1701,Villalba de Perejil,Villalba de Perejil,"41,3356104","-1,5547661"
50334,50242,1701,Sediles,Sediles,"41,3561755","-1,5160212"
50335,50067,10801,Torres,Torres,"41,3529909","-1,5668811"
50336,50067,5601,Huermeda,Huermeda,"41,4002848","-1,5886966"
50340,50159,1701,Maluenda,Maluenda,"41,2794338","-1,627507"
50341,50194,1701,Olves,Olves,"41,2186276","-1,6663523"
50342,50201,1701,Paracuellos de Jiloca,Paracuellos de Jiloca,"41,3041754","-1,6517812"
50343,50279,1701,Velilla de Jiloca,Velilla de Jiloca,"41,2748886","-1,593546"
50344,50176,1701,Morata de Jiloca,Morata de Jiloca,"41,2398127","-1,5886966"
50345,50009,1701,Alarba,Alarba,"41,1993543","-1,6080974"
50346,50075,1701,Castejon de Alarba,Castejon de Alarba,"41,1787018","-1,6469253"
50347,50002,1701,Acered,Acered,"41,1591355","-1,6080974"
50348,50037,1701,Atea,Atea,"41,1398099","-1,5499211"
50351,50090,1701,Cubel,Cubel,"40,463667","-3,74922"
50360,50094,1701,Daroca,Daroca,"41,1214186","-1,4144827"
50366,50042,1701,Balconchan,Balconchan,"41,0901166","-1,5015009"
50367,50134,1701,Langa del Castillo,Langa del Castillo,"41,2021207","-1,3951694"
50368,50080,1701,Cerveruela,Cerveruela,"41,2030264","-1,3180042"
50369,50028,1701,Anento,Anento,"41,0822816","-1,3180042"
50370,50289,1701,Villanueva de Jiloca,Villanueva de Jiloca,"41,0865864","-1,3806902"
50371,50273,1701,Valdehorna,Valdehorna,"41,0659714","-1,4193124"
50372,50274,1701,Val de San Martin,Val de San Martin,"41,0403572","-1,4531355"
50373,50048,1701,Berrueco,Berrueco,"40,9788472","-1,5305465"
50374,50016,1701,Aldehuela de Liestos,Aldehuela de Liestos,"41,0079237","-1,6178011"
50375,50001,1701,Abanto,Abanto,"41,1379085","-1,685788"
50390,50116,1701,Fuentes de Jiloca,Fuentes de Jiloca,"41,2253362","-1,5450766"
50391,50174,1701,Monton,Monton,"41,2006621","-1,5111806"
50400,50073,1701,Cariñena,Cariñena,"41,3349004","-1,1929114"
50408,50004,1701,Aguaron,Aguaron,"41,344001","-1,2794744"
50409,50088,1701,Cosuenda,Cosuenda,"41,3636163","-1,3180042"
50410,50089,1701,Cuarte de Huerva,Cuarte de Huerva,"41,5825407","-0,9199773"
50420,50066,1701,Cadrete,Cadrete,"41,5522706","-0,9581751"
50430,50163,1701,Maria de Huerva,Maria de Huerva,"41,5070187","-0,9916274"
50440,50180,1701,Mozota,Mozota,"41,4814688","-1,0538252"
50441,50056,1701,Botorrita,Botorrita,"41,4916429","-1,0346774"
50450,50181,1799,Estacion (La),Diseminado,"41,4657856","-1,1257082"
50460,50143,1701,Longares,Longares,"41,3855034","-1,1448981"
50461,50018,1701,Alfamen,Alfamen,"41,4547018","-1,2313618"
50470,50098,1701,Encinacorba,Encinacorba,"41,2838121","-1,2794744"
50480,50200,1701,Paniza,Paniza,"41,2645612","-1,2025207"
50481,50007,1701,Aladren,Aladren,"41,2448699","-1,1640968"
50482,50295,1701,Vistabella,Vistabella,"41,2046789","-1,1640968"
50490,50283,1701,Villadoz,Villadoz,"41,1835646","-1,2602228"
50491,50040,1701,Badules,Badules,"41,1435387","-1,2409799"
50500,50251,1701,Tarazona,Tarazona,"41,9252374","-1,8123324"
50510,50190,1701,Novallas,Novallas,"41,9416763","-1,710095"
50511,50157,1701,Malon,Malon,"41,952162","-1,6712104"
50512,50261,1701,Torrellas,Torrellas,"41,8937105","-1,7660525"
50513,50106,1701,Fayos (Los),Fayos (Los),"41,8717825","-1,7392812"
50514,50251,4301,Tortoles,Tortoles,"41,9197904","-1,7228615"
50520,50153,1701,Magallon,Magallon,"41,8019434","-1,3951694"
50529,50010,1701,Alberite de San Juan,Alberite de San Juan,"41,7319462","-1,4241426"
50530,50191,1701,Novillas,Novillas,"41,921356","-1,3758649"
50540,50055,1701,Borja,Borja,"41,8497867","-1,5402327"
50546,50027,1701,Ambel,Ambel,"41,7691984","-1,6178011"
50547,50061,1701,Bureta,Bureta,"41,6906184","-1,5402327"
50548,50063,1701,Buste (El),Buste (El),"41,8937439","-1,593546"
50549,50011,1701,Albeta,Albeta,"41,8279113","-1,5039207"
50550,50160,1701,Mallen,Mallen,"41,9008045","-1,4338047"
50560,50003,1701,Agon,Agon,"41,8461325","-1,4386366"
50561,50052,1701,Bisimbre,Bisimbre,"41,8564242","-1,4096535"
50562,50111,1701,Frescano,Frescano,"41,8856127","-1,4579696"
50570,50006,1701,Ainzon,Ainzon,"41,7803369","-1,5305465"
50580,50280,1701,Vera de Moncayo,Vera de Moncayo,"41,838098","-1,6663523"
50581,50141,1701,Lituenigo,Lituenigo,"41,8213708","-1,7879685"
50582,50140,1701,Litago,Litago,"41,8019409","-1,7587496"
50583,50265,1701,Trasmoz,Trasmoz,"41,8222622","-1,7295503"
50584,50234,1701,S Martin Virgen Moncayo,S Martin Virgen Moncayo,"41,8337539","-1,7904042"
50590,50030,1701,Añon de Moncayo,Añon de Moncayo,"41,7574074","-1,7441475"
50591,50014,1701,Alcala de Moncayo,Alcala de Moncayo,"41,7930174","-1,6906483"
50600,50095,3801,Ejea de Los Caballeros,Ejea de Los Caballeros,"42,0925554","-1,1161166"
50610,50151,2201,Luna,Luna,"42,1733112","-0,9247501"
50611,50100,1701,Erla,Erla,"42,1085683","-0,9868468"
50612,50205,1701,Pedrosas (Las),Pedrosas (Las),"42,0144345","-1,0011902"
50613,50077,1701,Castejon de Valdejasa,Castejon de Valdejasa,"40,463667","-3,74922"
50614,50033,1701,Ardisa,Ardisa,"42,2039879","-0,7818089"
50615,50151,1701,Lacorvilla,Lacorvilla,"42,1738987","-0,8484524"
50616,50207,2201,Piedratajada,Piedratajada,"42,1051989","-0,7818089"
50617,50095,7501,Sabinar (El),Sabinar (El),"42,0909629","-1,2698475"
50619,50036,1701,Asin,Asin,"42,3499598","-1,0203224"
50620,50297,3801,Casetas,Barrio Camino Real,"41,7186518","-1,0370704"
50629,50247,1701,Sobradiel,Sobradiel,"41,7411612","-1,0251068"
50630,50008,1701,Alagon,Alagon,"41,7651038","-1,1257082"
50637,50223,1701,Remolinos,Remolinos,"41,8490857","-1,1785016"
50638,50064,1701,Cabañas de Ebro,Cabañas de Ebro,"41,7920541","-1,1664972"
50639,50107,1701,Figueruelas,Figueruelas,"41,7645272","-1,1833043"
50640,50147,2201,Luceni,Luceni,"41,8233793","-1,2602228"
50641,50053,1701,Boquiñeni,Boquiñeni,"41,8380202","-1,2842887"
50650,50118,1701,Gallur,Gallur,"41,8624747","-1,3180042"
50660,50252,3801,Tauste,Tauste,"41,9533467","-1,1736994"
50667,50217,1701,Pradilla de Ebro,Pradilla de Ebro,"40,463667","-3,74922"
50668,50217,1701,Pradilla de Ebro,Pradilla de Ebro,"41,8688525","-1,1881076"
50669,50252,1701,Sancho Abarca,Sancho Abarca,"41,9717233","-1,3083685"
50670,50230,2201,Sadaba,Sadaba,"42,2784307","-1,2794744"
50678,50267,1701,Uncastillo,Uncastillo,"42,3484976","-1,1736994"
50679,50135,1701,Layana,Layana,"42,2875151","-1,3469247"
50680,50248,3801,Mamillas,Mamillas,"42,495624","-1,2025207"
50682,50245,2299,Esco,*Diseminado*,"42,6147676","-1,0490374"
50683,50035,1701,Artieda,Artieda,"42,6157572","-0,9342973"
50684,50232,1701,Lorbes,Lorbes,"42,6938804","-0,9533984"
50685,50041,1701,Bagües,Bagües,"42,526988","-1,0011902"
50686,31203,1701,Petilla de Aragon,Petilla de Aragon,"42,4574978","-1,0873551"
50687,50128,1701,Isuerre,Isuerre,"42,4776667","-1,0298918"
50688,50144,1701,Longas,Longas,"42,4784829","-0,9342973"
50689,50248,2201,Campo Real,Campo Real,"42,5744761","-1,1640968"
50690,50204,1701,Pedrola,Pedrola,"41,7739731","-1,2313618"
50691,50013,1701,Alcala de Ebro,Alcala de Ebro,"41,8192739","-1,1785016"
50692,50132,1701,Joyosa (La),Joyosa (La),"41,7505898","-1,0825634"
50693,50262,1701,Granja de Santa Ines,Granja de Santa Ines,"41,8247713","-1,1257082"
50694,50095,1701,Bardenas,Bardenas,"42,1990981","-1,3180042"
50695,50051,1701,Biota,Biota,"42,2497874","-1,1929114"
50696,50078,1701,Castiliscar,Castiliscar,"42,3667255","-1,3083685"
50697,50248,1701,Barues,Barues,"40,463667","-3,74922"
50700,50074,1701,Caspe,Caspe,"41,2607625","-0,0559939"
50709,50074,7599,Miraflores,Diseminado,"41,1803759","0,0186555"
50710,50152,1701,Maella,Maella,"41,1400972","0,0933686"
50720,50225,1701,Ricla,Ricla,"41,5386782","-0,7722974"
50730,50062,1701,Burgo de Ebro (El),Burgo de Ebro (El),"41,5639307","-0,729523"
50740,50115,1701,Fuentes de Ebro,Fuentes de Ebro,"41,4596009","-0,6204165"
50750,50208,1701,Pina de Ebro,Pina de Ebro,"41,5006081","-0,3936722"
50760,50278,1701,Velilla de Ebro,Velilla de Ebro,"41,3905386","-0,3842527"
50770,50222,1701,Quinto,Quinto,"41,4199427","-0,5446912"
50780,50240,2201,Sastago,Sastago,"41,3408033","-0,2432307"
50781,50012,1701,Alborge,Alborge,"41,338011","-0,3536548"
50782,50083,1701,Cinco Olivas,Cinco Olivas,"41,342981","-0,367774"
50783,50019,1701,Alforque,Alforque,"41,3454185","-0,3889622"
50784,50296,1701,Zaida (La),Zaida (La),"41,3301894","-0,4408037"
50786,50119,1701,Gelsa,Gelsa,"41,4305365","-0,403094"
50790,50101,1701,Escatron,Escatron,"41,2605201","-0,2432307"
50791,50101,1701,Escatron,Escatron,"40,463667","-3,74922"
50792,50092,1701,Chiprana,Chiprana,"41,2505961","-0,1775946"
50793,50102,1701,Fabara,Fabara,"41,2205171","0,1307797"
50794,50189,1701,Nonaspe,Nonaspe,"41,2203352","0,2432307"
50795,50105,1701,Fayon,Fayon,"41,2704047","0,3089777"
50800,50298,4301,Estacion Portazgo,Estacion Portazgo,"41,896949","-0,810357"
50810,50298,7501,Ontinar de Salz,Ontinar de Salz,"41,9420177","-0,7485282"
50820,50297,11501,San Juan de Mozarrifar,Barriada del Chan,"41,7027978","-0,8436885"
50830,50008,1701,Alagon,Alagon,"41,7873032","-0,8579818"
50840,50235,1701,San Mateo de Gallego,San Mateo de Gallego,"41,8179887","-0,7342734"
50850,50185,2201,Moran,Moran,"40,463667","-3,74922"
51001,51001,2201,Ceuta,Ceuta,"35,8888828","-5,3193997"
51002,51001,1799,Benzu,Diseminado,"35,8868875","-5,3337801"
51003,51001,1799,Benzu,Diseminado,"35,879456","-5,3481641"
51004,51001,1701,Benzu,Benzu,"35,8994255","-5,3573194"
51005,51001,2201,Ceuta,Ceuta,"35,8941687","-5,2919563"
52001,52001,3801,Melilla,Melilla,"35,2959698","-2,9388228"
52002,52001,3801,Melilla,Melilla,"35,3040152","-2,9463171"
52003,52001,3801,Melilla,Melilla,"35,3023097","-2,9600596"
52004,52001,3801,Melilla,Melilla,"35,2897233","-2,9419453"
52005,52001,3801,Melilla,Melilla,"35,2832943","-2,9525632"
52006,52001,3801,Melilla,Melilla,"35,2697607","-2,945068"
90007,50297,17301,Zaragoza,Zaragoza,"40,463667","-3,74922"
548,5047,1799,Candeleda,*Diseminado*,"40,463667","-3,74922"
8584,8253,1701,Santa Maria de Besora,Santa Maria de Besora,"42,1253432","2,2531929"
8718,8028,1799,Can Feixes,*Diseminado*,"41,4936117","1,710095"
14912,14021,23405,Santa Maria de Trassierra,Santa Maria de Trassierra,"37,2921984","-4,4259259"
21460,21042,8199,Redondela (La),*Diseminado*,"40,463667","-3,74922"
30441,30028,1002901,Calar de la Santa,Calar de la Santa,"38,2026618","-2,1155691"
30442,30028,401399,Alberquilla (La),*Diseminado*,"38,2673319","-2,037116"
35219,35026,16701,Goro (El),Goro (El),"27,9541366","-15,4009508"
35370,35034,11501,Cortijo Viejo,Cortijo Viejo,"40,463667","-3,74922"
38329,38023,22803,"Valles, Los",Los Valles,"28,4877706","-16,2816361"
39210,39032,23401,Villacantid,Villacantid,"43,0377122","-4,2538452"
43900,46244,3801,Monte Vedat,Monte Vedat,"40,463667","-3,74922"
47428,37225,1701,Pajares de la Laguna,Pajares la Laguna,"40,463667","-3,74922"
73820,43037,2204,Calafell,Mas Romeu,"40,463667","-3,74922"
5640,5082,1799,Gavilanes,*Diseminado*,"40,463667","-3,74922"
8220,8200,1701,Sant Boi de Llobregat,Sant Boi de Llobregat,"40,463667","-3,74922"
9678,9179,1701,Iglesiarrubia,Iglesiarrubia,"40,463667","-3,74922"
13097,13034,2299,Ciudad Real,*Diseminado*,"39,2183952","-3,4296446"
16043,16043,1701,Campillos-Paravientos,Campillos-Paravientos,"40,463667","-3,74922"
16514,16173,2201,Jabalera,Jabalera,"40,463667","-3,74922"
18053,18053,1799,Campo Camara,*Diseminado*,"37,669438","-2,797901"
27169,27028,1701,Lugo,Lugo,"42,9496003","-7,4462486"
28524,28123,10801,Cañada Real de la Galiana,Cañada Real de la Galiana,"40,3259615","-3,5509074"
28954,28095,1799,Navalagamella,*Diseminado*,"40,463667","-3,74922"
32990,32054,115301,Granxa (A),Granxa (A),"42,3478263","-7,9647353"
35129,35012,27101,Patalavaca,Patalavaca,"27,7808586","-15,6911121"
50022,50297,17301,Zaragoza,Zaragoza,"41,6296121","-0,9605637"
45,45165,5601,Gamonal,Gamonal,"40,463667","-3,74922"
298,50209,1799,Pinseque,Diseminado,"40,463667","-3,74922"
412,43147,1701,Solivella,Solivella,"40,463667","-3,74922"
4721,4102,6902,Gangosa (La),Parador (El),"36,811455","-2,6028036"
8283,8060,1701,Castellfollit Riubregos,Castellfollit Riubregos,"41,7616844","1,4338047"
8585,8131,1701,Montesquiu,Montesquiu,"42,1187436","2,2113698"
9163,9312,1701,Revilla (La),Revilla (La),"40,463667","-3,74922"
17227,17227,2201,Vilamaniscle,Nucleo,"42,3773743","3,0726468"
18016,18087,4301,Granada,Granada,"37,1490694","-3,5982801"
28342,28161,1701,Valdemoro,Valdemoro,"40,2043408","-3,6876803"
29193,29067,9402,Verdiales,Gamez (Los),"36,811395","-4,3693198"
29612,29076,1702,Ojen,Mairena (La),"36,5295721","-4,75184"
33570,33041,605002,Vigo,Hontamió,"43,3221905","-4,585659"
39178,39037,2204,Pamanes,Herran (La),"40,463667","-3,74922"
46909,46244,2299,Masia del Juez,*Diseminado*,"40,463667","-3,74922"
70702,7032,10801,Mao,Mao,"40,463667","-3,74922"
2013,2059,5601,Peñascosa,Peñascosa,"40,463667","-3,74922"
2236,2078,1701,Villalgordo del Jucar,Villalgordo del Jucar,"40,463667","-3,74922"
8714,7054,5601,Santa Gertrudis,Santa Gertrudis,"40,463667","-3,74922"
10095,10037,1799,Caceres,*Diseminado*,"40,463667","-3,74922"
10546,10123,1701,Mirabel,Mirabel,"40,463667","-3,74922"
22116,22119,4301,Paul (La),Paul (La),"40,463667","-3,74922"
28124,28124,1799,Robledillo de la Jara,*Diseminado*,"40,950368","-3,52562"
28341,28161,1701,Valdemoro,Valdemoro,"40,2009918","-3,6319131"
28343,28161,1701,Valdemoro,Valdemoro,"40,1700707","-3,6633241"
6275,6117,1799,Salvatierra de Los Barros,*Diseminado*,"40,463667","-3,74922"
13071,13034,2299,Ciudad Real,*Diseminado*,"40,463667","-3,74922"
14035,14035,1799,Hinojosa del Duque,*Diseminado*,"38,492804","-5,2684437"
14145,15041,1206401,Laracha (A),Laracha (A),"40,463667","-3,74922"
21403,21010,4301,Isla de Canela,Isla de Canela,"40,463667","-3,74922"
21456,21021,3801,Nuevo Portil,Nuevo Portil,"40,463667","-3,74922"
34141,34243,3801,Villoldo,Villoldo,"40,463667","-3,74922"
41731,41020,2201,Marismillas,Marismillas,"37,0046585","-5,9859016"
91319,33024,501299,Aguda,*Diseminado*,"40,463667","-3,74922"
91349,33024,504899,Carbaínos,*Diseminado*,"40,463667","-3,74922"
5,17079,5601,Girona,Girona,"40,463667","-3,74922"
1755,28005,1701,Alcala de Henares,Alcala de Henares,"40,463667","-3,74922"
3176,3012,1703,Algorfa,Montebello,"38,0634016","-0,7509045"
4375,8015,1799,Badalona,*Diseminado*,"40,463667","-3,74922"
6431,6082,1799,Mengabril,*Diseminado*,"40,463667","-3,74922"
9384,9384,1701,Tordomar,Tordomar,"40,463667","-3,74922"
11389,11005,7501,Muela (La),Muela (La),"40,463667","-3,74922"
24493,24169,7501,Santa Marina del Sil,Santa Marina del Sil,"42,665081","-6,4983113"
30177,30029,5601,Casas Nuevas,Casas Nuevas,"37,9155636","-1,5305465"
30386,30016,1912801,Playa Honda,Playa Honda,"40,463667","-3,74922"
30848,30008,2201,Berro (El),Berro (El),"37,8526732","-1,4724751"
30849,30008,101601,Casas del Aljibe (Las),Casas del Aljibe (Las),"37,8223336","-1,3469247"
33321,33024,901801,Gijón/Xixón,Gijón/Xixón,"40,463667","-3,74922"
36652,36040,401399,Bacelo,*Diseminado*,"42,5497097","-8,6765618"
37336,37164,2201,Huerta,Huerta,"40,9657042","-5,4620545"
80338,8230,18901,Puig de Pedra-Sot del Pí,Puig de Pedra-Sot del Pí,"40,463667","-3,74922"
3583,33049,2306801,Villamayor,Villamayor,"40,463667","-3,74922"
8607,8216,1799,Sant Jaume de Frontanyà,*Diseminado*,"42,1936389","2,0322172"
16830,16901,1701,Carrascosa del Campo,Carrascosa del Campo,"40,463667","-3,74922"
32946,32006,108001,Xordos,Xordos,"40,463667","-3,74922"
34258,34060,1701,Cobos de Cerrato,Cobos de Cerrato,"40,463667","-3,74922"
35425,35011,1701,Carrizal,Carrizal,"40,463667","-3,74922"
35559,35018,5699,Playa Honda,*Diseminado*,"29,0027437","-13,6304833"
47231,47159,1799,Serrada,*Diseminado*,"41,4643679","-4,8468784"
43,43110,1799,Pobla de Massaluca (La),*Diseminado*,"40,463667","-3,74922"
1655,10067,2201,Puebla de Argeme,Puebla de Argeme,"40,463667","-3,74922"
3096,3096,1701,Onil,Onil,"40,463667","-3,74922"
3819,3009,1704,Alcoy/Alcoi,Estepar (L'),"38,6832996","-0,5163312"
8586,8195,2201,Sant Agustí de Lluçanès,Sant Agustí de Lluçanès,"42,0832039","2,1302944"
18341,18122,3899,Dehesa de Los Montes,*Diseminado*,"40,463667","-3,74922"
22806,50238,1701,Santa Eulalia de Gallego,Santa Eulalia de Gallego,"42,2434522","-0,7818089"
33139,33051,701001,Somado,Somado,"43,5359947","-6,1261925"
34488,34056,5601,Cubillo de Ojeda,Cubillo de Ojeda,"40,463667","-3,74922"
50376,50090,1701,Cubel,Cubel,"41,0984818","-1,627507"
2395,29051,2201,Bahia Dorada,Bahia Dorada,"40,463667","-3,74922"
4010,40186,1701,Santa Marta del Cerro,Santa Marta del Cerro,"40,463667","-3,74922"
5125,5070,1701,Donvidas,Donvidas,"40,463667","-3,74922"
33591,33036,2104401,Pesa (La),Pesa (La),"43,44851","-4,9610649"
37196,37209,3899,Ariseos,*Diseminado*,"40,4786143","-6,0599773"
37426,37222,1701,Negrilla de Palencia,Negrilla Palencia,"40,463667","-3,74922"
37446,37353,1799,Cuarto de Arriba,*Diseminado*,"40,7931755","-5,9938339"
37455,37291,7599,Carrascal del Asno,*Diseminado*,"40,7625124","-5,8037437"
37456,37344,3899,Corbacera,*Diseminado*,"40,463667","-3,74922"
37589,37321,1701,Tenebron,Tenebron,"40,6122219","-6,3545169"
37596,37306,1701,Guadapero,Guadapero,"40,5669675","-6,3491975"
37759,37159,1701,Albergueria Herguijuela,Albergueria Herguijuela,"40,6177713","-5,8670405"
37773,37063,1701,Cabeza de Bejar (La),Cabeza Bejar (La),"40,5013455","-5,661571"
37781,37203,2299,Hernancobo,*Diseminado*,"40,7485961","-5,6773512"
37894,37175,4301,Machacon,Machacon,"40,9224305","-5,5249863"
40024,40076,1701,Angeles de San Rafael,Angeles de San Rafael,"41,3626363","-3,3489671"
42,42173,4301,Soria,Soria,"40,463667","-3,74922"
6020,6020,1701,Bienvenida,Bienvenida,"40,463667","-3,74922"
10872,10202,1799,Valdeobispo,*Diseminado*,"40,463667","-3,74922"
12138,12045,1701,Cinctorres,Cinctorres,"40,463667","-3,74922"
14330,14021,8101,Cerro Muriano,Brimz,"40,463667","-3,74922"
19344,19099,1701,Aragoncillo,Aragoncillo,"40,9306613","-2,037116"
23219,23904,13601,Fuente Segura,Fuente Segura,"40,463667","-3,74922"
29758,29082,4301,Torre de Benagalbon,Torre de Benagalbon,"40,463667","-3,74922"
33179,33018,306699,Folgueras,*Diseminado*,"40,463667","-3,74922"
39231,39094,33201,Ruerrero,Ruerrero,"40,463667","-3,74922"
40178,40170,3801,Barahona de Fresno,Barahona de Fresno,"41,1127351","-4,6295394"
115,8113,17399,Xup (El),*Diseminado*,"40,463667","-3,74922"
2702,28007,1701,Alcorcon,Alcorcon,"40,463667","-3,74922"
8778,8302,1799,Vilanova del Camí,*Diseminado*,"40,463667","-3,74922"
18712,18162,7599,Polopos,*Diseminado*,"40,463667","-3,74922"
21780,21032,2201,Escacena del Campo,Escacena del Campo,"40,463667","-3,74922"
38295,38023,8101,Gracia,Gracia,"40,463667","-3,74922"
42592,43052,1799,Xerta,*Diseminado*,"40,463667","-3,74922"
80154,12077,1701,Grao,Grao (El),"40,463667","-3,74922"
1830,10189,1799,Torrejoncillo,*Diseminado*,"40,463667","-3,74922"
1857,10003,1799,Acebo,*Diseminado*,"40,463667","-3,74922"
3083,30024,202099,Casicas (Las),*Diseminado*,"40,463667","-3,74922"
3298,32002,304099,Boveda,*Diseminado*,"40,463667","-3,74922"
3319,3099,26503,Torremendo,Entrenaranjos,"38,0364744","-0,822258"
6501,6006,5699,Tejarejo,*Diseminado*,,
8073,8073,1701,Almeda Mercader,Almeda Mercader,"40,463667","-3,74922"
8727,8288,8199,Cusconar,*Diseminado*,"40,463667","-3,74922"
10188,10031,1701,Botija,Botija,"39,3383265","-6,0785104"
12316,12080,7599,Segona del Riu,*Diseminado*,"40,5737181","-0,0559939"
18501,18136,3899,Montejicar,*Diseminado*,"40,463667","-3,74922"
40,40223,2201,Angeles Vegas Matute,Angeles Vegas Matute,"40,463667","-3,74922"
5359,5179,1701,Papatrigo,Papatrigo,"40,463667","-3,74922"
8606,8177,1799,Quar (La),*Diseminado*,"42,0908587","1,9783666"
8617,8045,1799,Capolat,*Diseminado*,"42,0896268","1,7490143"
8618,8050,1799,Castellar del Riu,*Diseminado*,"42,1141199","1,7636181"
10272,10161,1701,Ruanes,Ruanes,"39,326391","-6,0097018"
10521,10182,5699,Toril,*Diseminado*,"39,8962545","-5,8353837"
33100,33044,3006701,Trubia,Trubia,"43,3383867","-5,9819358"
36949,36008,401301,Balea,Balea,"42,2573813","-8,7976937"
46116,46171,1701,Masias,Masias,"39,5607435","-0,4007384"
46229,46194,1707,Picassent,Omet,"39,3506895","-0,4974359"
342,42162,9401,Piquera de San Esteban,Piquera de San Esteban,"40,463667","-3,74922"
1121,1014,1701,Berantevilla,Berantevilla,"40,463667","-3,74922"
1310,1022,1701,Elciego,Elciego,"40,463667","-3,74922"
3119,3099,26501,Torremendo,Torremendo,"40,463667","-3,74922"
3321,3099,9499,Correntias Bajas,*Diseminado*,"38,0767952","-0,9140121"
3322,3099,17301,Molins,Barrio Carretera,"38,0834511","-0,9080478"
3325,3099,7501,Campaneta (La),Barrio Nuevo,"40,463667","-3,74922"
3870,3056,7599,Penella,*Diseminado*,"38,696768","-0,4243013"
18165,18906,2299,Guájar Faragüit,*Diseminado*,"37,2264285","-3,6065848"
19832,17065,6901,Esponella,Esponella,"40,463667","-3,74922"
34887,34185,2201,Triollo,Triollo,"42,9440633","-4,6657027"
7961,7057,7599,Porto Petro,*Diseminado*,"40,463667","-3,74922"
8101,8161,8101,Piera,Piera,"41,4989253","2,0450546"
8522,8111,1799,Malla,*Diseminado*,"40,463667","-3,74922"
10885,10039,1799,Cadalso,*Diseminado*,"40,463667","-3,74922"
19188,19293,1701,Caraquiz,Caraquiz,"40,7955049","-3,4700327"
25969,29080,9401,Zalea,Zalea,"40,463667","-3,74922"
28230,28061,8101,Galapagar,Galapagar,"40,5234674","-3,921577"
43207,43123,6901,Reus,Reus,"40,463667","-3,74922"
43495,43018,1701,Arnes,Arnes,"40,463667","-3,74922"
140,18193,3801,Zubia (La),Zubia (La),"40,463667","-3,74922"
2241,22110,1701,Cofita,Cofita,"40,463667","-3,74922"
9427,9427,22801,Villadiego,Villadiego,"40,463667","-3,74922"
31147,31052,1701,Belascoain,Belascoain,"42,7119917","-1,7717968"
42350,42043,4301,Berzosa,Berzosa,"41,6689837","-3,1077277"
50090,50297,5602,Juslibol,Academia General Militar,"41,6950952","-0,8746636"
72318,42043,13601,Valdelubiel,Valdelubiel,,
16673,16150,2201,Paracuellos,Paracuellos,"40,463667","-3,74922"
17198,7040,5699,Casa Blanca (Sa),*Diseminado*,"42,1752713","3,0397249"
21307,21005,1701,Almonte,Almonte,"40,463667","-3,74922"
30309,36036,504801,Vilar de Arriba,Vilar de Arriba,"40,463667","-3,74922"
32419,32040,902301,Bieite,Bieite,"42,3487292","-8,1256635"
36936,33066,2908401,Pumarabule,Pumarabule,"40,463667","-3,74922"
42365,42177,1701,Tajueco,Tajueco,"41,4776035","-2,7879401"
633,26005,1799,Albelda de Iregua,*Diseminado*,"40,463667","-3,74922"
18000,18140,3899,Motril,*Diseminado*,"40,463667","-3,74922"
21431,21042,10801,Islantilla,Islantilla,"37,2100697","-7,2412611"
25457,25253,1701,Vilosell (El),Vilosell (El),"41,3872429","0,9533984"
31708,31017,1799,Aritzu,*Diseminado*,"40,463667","-3,74922"
43431,8021,1701,Bellprat,Bellprat,"40,463667","-3,74922"
43635,43009,1799,Alforja,*Diseminado*,"40,463667","-3,74922"
73711,43020,6901,Priorat de Banyeres,Priorat de Banyeres,"40,463667","-3,74922"
41,41012,1799,Aznalcazar,*Diseminado*,"40,463667","-3,74922"
8257,8246,1701,Santa Eugènia de Berga,Santa Eugènia de Berga,,
8872,8270,4301,Vallcarca,Vallcarca,"41,243318","1,8586613"
15597,15054,201599,Animas,*Diseminado*,"43,5273652","-8,1065516"
18125,18013,10801,Ventas de Zafarraya,Ventas de Zafarraya,"36,9594315","-4,0797673"
30627,30027,1799,Albarda,*Diseminado*,"38,1521615","-1,2025207"
33422,33035,1101399,Alvares,*Diseminado*,"43,464621","-5,8406587"
33748,33070,408799,Ol,*Diseminado*,"43,5566641","-6,937016"
40193,40155,5601,Parque Robledo,Parque Robledo,"40,9040786","-4,0529391"
47232,47192,1701,Ventosa de la Cuesta,Ventosa de la Cuesta,"41,4153001","-4,8261424"
85,49064,5699,Palazuelo de Sayago,*Diseminado*,"40,463667","-3,74922"
18349,18044,1799,Castaras,*Diseminado*,"40,463667","-3,74922"
24456,24007,1701,Arganza,Arganza,"40,463667","-3,74922"
25370,25034,3801,Artesa de Segre,Artesa de Segre,"40,463667","-3,74922"
35651,35014,4301,Lajares,Lajares,"40,463667","-3,74922"